customer_id,segment,country,onboarding_date,kyc_status
CUS000001,RETAIL,AE,2023-10-08,VERIFIED
CUS000002,SME,IN,2024-07-23,VERIFIED
CUS000003,RETAIL,IN,2023-08-07,VERIFIED
CUS000004,RETAIL,SG,2024-10-15,VERIFIED
CUS000005,RETAIL,AE,2022-11-18,VERIFIED
CUS000006,RETAIL,IN,2023-02-18,VERIFIED
CUS000007,SME,IN,2021-06-24,VERIFIED
CUS000008,RETAIL,IN,2021-12-02,VERIFIED
CUS000009,RETAIL,IN,2023-03-16,VERIFIED
CUS000010,SME,SG,2022-12-20,VERIFIED
CUS000011,RETAIL,IN,2022-05-12,VERIFIED
CUS000012,RETAIL,SG,2023-11-17,VERIFIED
CUS000013,RETAIL,AE,2022-09-13,VERIFIED
CUS000014,SME,SG,2024-12-09,VERIFIED
CUS000015,RETAIL,IN,2021-05-28,VERIFIED
CUS000016,RETAIL,IN,2021-05-26,VERIFIED
CUS000017,RETAIL,SG,2021-08-05,VERIFIED
CUS000018,RETAIL,SG,2024-03-11,VERIFIED
CUS000019,RETAIL,IN,2021-12-25,VERIFIED
CUS000020,RETAIL,AE,2022-10-20,PENDING
CUS000021,RETAIL,IN,2021-03-27,VERIFIED
CUS000022,RETAIL,AE,2024-12-11,VERIFIED
CUS000023,RETAIL,IN,2023-06-25,VERIFIED
CUS000024,RETAIL,IN,2024-08-18,PENDING
CUS000025,RETAIL,IN,2021-05-18,VERIFIED
CUS000026,SME,IN,2024-05-08,VERIFIED
CUS000027,RETAIL,IN,2024-11-08,PENDING
CUS000028,SME,IN,2024-07-28,VERIFIED
CUS000029,SME,IN,2021-04-21,VERIFIED
CUS000030,SME,SG,2022-12-20,VERIFIED
CUS000031,RETAIL,IN,2024-08-04,VERIFIED
CUS000032,RETAIL,SG,2023-06-26,VERIFIED
CUS000033,RETAIL,SG,2023-05-17,VERIFIED
CUS000034,RETAIL,IN,2021-12-07,VERIFIED
CUS000035,RETAIL,IN,2024-02-29,VERIFIED
CUS000036,RETAIL,AE,2024-07-23,VERIFIED
CUS000037,RETAIL,SG,2022-02-17,VERIFIED
CUS000038,SME,IN,2023-05-09,PENDING
CUS000039,RETAIL,SG,2024-07-12,VERIFIED
CUS000040,SME,IN,2023-05-13,VERIFIED
CUS000041,SME,IN,2023-05-16,VERIFIED
CUS000042,RETAIL,SG,2024-02-13,REJECTED
CUS000043,RETAIL,IN,2024-03-27,VERIFIED
CUS000044,RETAIL,SG,2024-08-20,PENDING
CUS000045,SME,IN,2021-10-13,VERIFIED
CUS000046,RETAIL,SG,2024-12-18,VERIFIED
CUS000047,RETAIL,IN,2023-01-21,VERIFIED
CUS000048,RETAIL,IN,2024-12-06,VERIFIED
CUS000049,RETAIL,IN,2021-12-03,VERIFIED
CUS000050,SME,IN,2023-06-23,VERIFIED
CUS000051,SME,SG,2021-03-30,VERIFIED
CUS000052,RETAIL,IN,2024-10-18,VERIFIED
CUS000053,RETAIL,IN,2023-09-25,VERIFIED
CUS000054,RETAIL,IN,2023-06-29,VERIFIED
CUS000055,RETAIL,IN,2024-09-27,VERIFIED
CUS000056,RETAIL,SG,2023-04-30,VERIFIED
CUS000057,RETAIL,IN,2023-03-31,VERIFIED
CUS000058,SME,AE,2023-04-19,VERIFIED
CUS000059,SME,IN,2022-12-17,VERIFIED
CUS000060,RETAIL,SG,2024-04-08,VERIFIED
CUS000061,RETAIL,IN,2024-02-02,VERIFIED
CUS000062,RETAIL,IN,2023-02-03,VERIFIED
CUS000063,SME,AE,2022-07-15,VERIFIED
CUS000064,SME,AE,2023-07-02,VERIFIED
CUS000065,RETAIL,AE,2023-04-03,VERIFIED
CUS000066,RETAIL,IN,2021-03-18,VERIFIED
CUS000067,RETAIL,IN,2022-07-12,VERIFIED
CUS000068,RETAIL,SG,2024-10-30,VERIFIED
CUS000069,RETAIL,IN,2023-08-16,VERIFIED
CUS000070,RETAIL,SG,2024-10-18,VERIFIED
CUS000071,RETAIL,IN,2021-08-25,VERIFIED
CUS000072,RETAIL,IN,2021-11-04,VERIFIED
CUS000073,RETAIL,SG,2023-03-21,VERIFIED
CUS000074,RETAIL,SG,2023-12-26,VERIFIED
CUS000075,RETAIL,IN,2022-04-01,VERIFIED
CUS000076,RETAIL,IN,2024-04-19,VERIFIED
CUS000077,SME,IN,2022-01-19,VERIFIED
CUS000078,RETAIL,IN,2021-08-26,VERIFIED
CUS000079,RETAIL,IN,2024-04-25,VERIFIED
CUS000080,RETAIL,IN,2022-12-18,VERIFIED
CUS000081,RETAIL,SG,2024-05-30,VERIFIED
CUS000082,RETAIL,SG,2022-08-23,PENDING
CUS000083,RETAIL,IN,2022-06-02,VERIFIED
CUS000084,RETAIL,IN,2024-12-21,PENDING
CUS000085,RETAIL,IN,2021-05-20,REJECTED
CUS000086,RETAIL,IN,2024-01-02,VERIFIED
CUS000087,RETAIL,IN,2023-03-25,VERIFIED
CUS000088,RETAIL,IN,2024-01-05,VERIFIED
CUS000089,RETAIL,SG,2021-07-14,VERIFIED
CUS000090,RETAIL,IN,2022-02-01,VERIFIED
CUS000091,RETAIL,IN,2021-03-18,PENDING
CUS000092,RETAIL,IN,2023-07-12,VERIFIED
CUS000093,RETAIL,AE,2022-11-06,VERIFIED
CUS000094,SME,SG,2022-10-16,VERIFIED
CUS000095,RETAIL,IN,2024-02-14,VERIFIED
CUS000096,RETAIL,AE,2021-06-07,VERIFIED
CUS000097,SME,IN,2021-09-10,VERIFIED
CUS000098,SME,IN,2021-03-25,VERIFIED
CUS000099,RETAIL,AE,2023-04-02,VERIFIED
CUS000100,SME,IN,2024-07-07,VERIFIED
CUS000101,RETAIL,IN,2024-05-24,VERIFIED
CUS000102,SME,IN,2022-11-15,VERIFIED
CUS000103,RETAIL,IN,2021-11-13,VERIFIED
CUS000104,RETAIL,SG,2022-04-29,VERIFIED
CUS000105,SME,IN,2022-03-13,VERIFIED
CUS000106,RETAIL,IN,2022-01-03,VERIFIED
CUS000107,SME,IN,2021-10-10,VERIFIED
CUS000108,RETAIL,IN,2021-06-23,VERIFIED
CUS000109,RETAIL,IN,2023-08-12,VERIFIED
CUS000110,SME,IN,2022-03-19,VERIFIED
CUS000111,RETAIL,AE,2023-12-09,VERIFIED
CUS000112,SME,IN,2022-05-12,VERIFIED
CUS000113,SME,IN,2024-10-16,PENDING
CUS000114,RETAIL,IN,2024-10-18,VERIFIED
CUS000115,RETAIL,IN,2024-03-28,VERIFIED
CUS000116,RETAIL,IN,2022-12-01,VERIFIED
CUS000117,RETAIL,IN,2021-07-07,VERIFIED
CUS000118,RETAIL,IN,2022-09-16,VERIFIED
CUS000119,RETAIL,AE,2022-11-08,VERIFIED
CUS000120,SME,AE,2022-05-02,VERIFIED
CUS000121,RETAIL,IN,2021-08-10,VERIFIED
CUS000122,RETAIL,IN,2022-10-08,VERIFIED
CUS000123,RETAIL,IN,2022-03-05,VERIFIED
CUS000124,RETAIL,IN,2023-06-08,VERIFIED
CUS000125,RETAIL,IN,2021-03-10,VERIFIED
CUS000126,RETAIL,AE,2023-02-19,VERIFIED
CUS000127,RETAIL,SG,2021-07-31,VERIFIED
CUS000128,RETAIL,SG,2021-04-18,PENDING
CUS000129,SME,IN,2021-08-15,VERIFIED
CUS000130,SME,AE,2023-09-29,VERIFIED
CUS000131,RETAIL,IN,2023-07-29,VERIFIED
CUS000132,SME,IN,2021-12-30,VERIFIED
CUS000133,SME,IN,2021-06-11,VERIFIED
CUS000134,RETAIL,AE,2022-09-04,VERIFIED
CUS000135,SME,IN,2022-01-09,VERIFIED
CUS000136,RETAIL,SG,2023-04-21,VERIFIED
CUS000137,RETAIL,IN,2021-09-20,VERIFIED
CUS000138,RETAIL,AE,2023-06-01,VERIFIED
CUS000139,SME,IN,2022-08-15,VERIFIED
CUS000140,SME,IN,2022-12-11,VERIFIED
CUS000141,SME,AE,2021-10-19,VERIFIED
CUS000142,SME,IN,2021-12-09,REJECTED
CUS000143,RETAIL,IN,2021-10-15,VERIFIED
CUS000144,RETAIL,IN,2024-07-14,VERIFIED
CUS000145,RETAIL,IN,2024-01-24,VERIFIED
CUS000146,RETAIL,IN,2021-07-07,PENDING
CUS000147,RETAIL,IN,2024-07-03,VERIFIED
CUS000148,SME,IN,2022-01-14,PENDING
CUS000149,RETAIL,AE,2022-07-28,PENDING
CUS000150,RETAIL,IN,2023-09-01,PENDING
CUS000151,SME,IN,2024-11-09,VERIFIED
CUS000152,SME,IN,2024-12-18,VERIFIED
CUS000153,RETAIL,IN,2021-08-01,PENDING
CUS000154,RETAIL,SG,2024-08-07,VERIFIED
CUS000155,RETAIL,AE,2022-02-24,VERIFIED
CUS000156,RETAIL,AE,2024-06-13,VERIFIED
CUS000157,RETAIL,IN,2023-06-26,VERIFIED
CUS000158,RETAIL,IN,2024-08-09,VERIFIED
CUS000159,RETAIL,IN,2022-07-25,REJECTED
CUS000160,RETAIL,IN,2024-08-11,VERIFIED
CUS000161,RETAIL,IN,2022-08-09,VERIFIED
CUS000162,RETAIL,SG,2021-04-28,VERIFIED
CUS000163,RETAIL,IN,2022-02-28,VERIFIED
CUS000164,RETAIL,IN,2022-06-25,VERIFIED
CUS000165,RETAIL,IN,2021-07-13,VERIFIED
CUS000166,RETAIL,IN,2021-11-10,VERIFIED
CUS000167,RETAIL,IN,2022-03-12,VERIFIED
CUS000168,SME,IN,2022-11-06,PENDING
CUS000169,RETAIL,SG,2023-07-05,VERIFIED
CUS000170,RETAIL,IN,2022-08-18,VERIFIED
CUS000171,RETAIL,IN,2024-08-05,VERIFIED
CUS000172,RETAIL,IN,2021-08-17,VERIFIED
CUS000173,RETAIL,SG,2021-08-11,VERIFIED
CUS000174,RETAIL,IN,2024-01-01,VERIFIED
CUS000175,SME,SG,2022-02-07,VERIFIED
CUS000176,RETAIL,AE,2022-05-05,VERIFIED
CUS000177,RETAIL,IN,2021-09-24,VERIFIED
CUS000178,RETAIL,SG,2021-07-22,PENDING
CUS000179,SME,IN,2022-02-25,VERIFIED
CUS000180,SME,AE,2021-06-01,VERIFIED
CUS000181,RETAIL,IN,2023-10-04,VERIFIED
CUS000182,RETAIL,AE,2023-04-21,VERIFIED
CUS000183,SME,IN,2024-06-07,VERIFIED
CUS000184,SME,IN,2021-09-20,VERIFIED
CUS000185,RETAIL,IN,2023-12-10,PENDING
CUS000186,SME,SG,2023-01-27,VERIFIED
CUS000187,RETAIL,IN,2024-05-19,VERIFIED
CUS000188,RETAIL,IN,2024-01-06,VERIFIED
CUS000189,RETAIL,SG,2022-06-01,PENDING
CUS000190,RETAIL,AE,2024-01-16,VERIFIED
CUS000191,SME,IN,2023-01-11,VERIFIED
CUS000192,RETAIL,IN,2023-04-10,VERIFIED
CUS000193,RETAIL,IN,2022-08-25,VERIFIED
CUS000194,RETAIL,SG,2024-01-06,VERIFIED
CUS000195,RETAIL,IN,2023-02-23,VERIFIED
CUS000196,RETAIL,AE,2024-11-21,VERIFIED
CUS000197,RETAIL,IN,2023-01-07,VERIFIED
CUS000198,RETAIL,IN,2024-08-07,VERIFIED
CUS000199,RETAIL,IN,2022-03-19,VERIFIED
CUS000200,RETAIL,IN,2021-10-01,VERIFIED
CUS000201,RETAIL,SG,2023-06-19,PENDING
CUS000202,RETAIL,IN,2021-08-15,VERIFIED
CUS000203,SME,IN,2023-07-02,VERIFIED
CUS000204,RETAIL,AE,2021-08-28,VERIFIED
CUS000205,RETAIL,AE,2023-01-05,VERIFIED
CUS000206,RETAIL,AE,2022-11-18,VERIFIED
CUS000207,RETAIL,IN,2023-06-09,VERIFIED
CUS000208,SME,IN,2021-06-02,VERIFIED
CUS000209,RETAIL,AE,2022-04-19,VERIFIED
CUS000210,RETAIL,IN,2023-02-03,VERIFIED
CUS000211,RETAIL,IN,2021-12-15,VERIFIED
CUS000212,RETAIL,SG,2023-03-26,VERIFIED
CUS000213,RETAIL,IN,2021-08-24,VERIFIED
CUS000214,RETAIL,IN,2023-03-09,VERIFIED
CUS000215,RETAIL,AE,2021-11-25,PENDING
CUS000216,RETAIL,IN,2024-01-12,VERIFIED
CUS000217,RETAIL,IN,2022-11-01,PENDING
CUS000218,SME,IN,2022-08-27,VERIFIED
CUS000219,SME,IN,2022-12-25,VERIFIED
CUS000220,RETAIL,IN,2023-04-14,VERIFIED
CUS000221,RETAIL,SG,2024-12-31,VERIFIED
CUS000222,RETAIL,AE,2021-04-08,VERIFIED
CUS000223,RETAIL,IN,2024-03-05,VERIFIED
CUS000224,SME,IN,2024-05-06,VERIFIED
CUS000225,RETAIL,AE,2021-11-23,VERIFIED
CUS000226,RETAIL,IN,2024-09-16,VERIFIED
CUS000227,RETAIL,IN,2022-01-29,VERIFIED
CUS000228,RETAIL,IN,2023-08-29,VERIFIED
CUS000229,RETAIL,SG,2022-03-30,VERIFIED
CUS000230,SME,IN,2024-03-06,VERIFIED
CUS000231,RETAIL,SG,2022-04-24,VERIFIED
CUS000232,RETAIL,IN,2021-03-15,VERIFIED
CUS000233,SME,IN,2023-01-26,VERIFIED
CUS000234,RETAIL,IN,2022-11-11,VERIFIED
CUS000235,RETAIL,IN,2022-08-27,VERIFIED
CUS000236,RETAIL,IN,2023-08-17,VERIFIED
CUS000237,RETAIL,IN,2022-11-22,VERIFIED
CUS000238,RETAIL,IN,2022-07-17,VERIFIED
CUS000239,RETAIL,IN,2024-11-28,VERIFIED
CUS000240,RETAIL,IN,2023-04-08,VERIFIED
CUS000241,RETAIL,IN,2022-12-26,VERIFIED
CUS000242,RETAIL,AE,2024-03-15,VERIFIED
CUS000243,SME,IN,2023-03-14,VERIFIED
CUS000244,RETAIL,SG,2023-06-29,VERIFIED
CUS000245,RETAIL,AE,2022-11-18,VERIFIED
CUS000246,SME,IN,2023-11-28,VERIFIED
CUS000247,RETAIL,SG,2021-07-24,VERIFIED
CUS000248,RETAIL,AE,2022-07-24,VERIFIED
CUS000249,RETAIL,SG,2022-08-08,VERIFIED
CUS000250,RETAIL,IN,2021-11-15,VERIFIED
CUS000251,SME,IN,2024-12-03,VERIFIED
CUS000252,RETAIL,IN,2023-12-31,PENDING
CUS000253,SME,IN,2024-04-23,VERIFIED
CUS000254,RETAIL,AE,2022-08-16,VERIFIED
CUS000255,RETAIL,AE,2023-09-10,PENDING
CUS000256,RETAIL,IN,2022-04-16,VERIFIED
CUS000257,RETAIL,SG,2021-05-23,VERIFIED
CUS000258,RETAIL,IN,2023-08-02,VERIFIED
CUS000259,RETAIL,AE,2023-09-27,VERIFIED
CUS000260,RETAIL,IN,2023-02-19,VERIFIED
CUS000261,SME,AE,2023-02-17,VERIFIED
CUS000262,SME,AE,2023-08-18,VERIFIED
CUS000263,RETAIL,IN,2023-09-05,VERIFIED
CUS000264,SME,IN,2023-07-29,VERIFIED
CUS000265,RETAIL,AE,2023-02-19,VERIFIED
CUS000266,RETAIL,IN,2023-04-18,VERIFIED
CUS000267,RETAIL,IN,2023-04-03,VERIFIED
CUS000268,RETAIL,AE,2023-11-15,PENDING
CUS000269,RETAIL,IN,2022-07-29,VERIFIED
CUS000270,RETAIL,IN,2023-02-18,VERIFIED
CUS000271,SME,IN,2024-02-16,VERIFIED
CUS000272,RETAIL,IN,2022-02-13,VERIFIED
CUS000273,SME,AE,2021-08-18,VERIFIED
CUS000274,RETAIL,IN,2023-06-29,VERIFIED
CUS000275,RETAIL,IN,2023-01-01,VERIFIED
CUS000276,RETAIL,IN,2021-05-19,VERIFIED
CUS000277,RETAIL,AE,2023-10-17,VERIFIED
CUS000278,RETAIL,IN,2024-03-02,VERIFIED
CUS000279,RETAIL,AE,2023-09-05,VERIFIED
CUS000280,RETAIL,SG,2023-04-13,VERIFIED
CUS000281,RETAIL,AE,2023-04-21,VERIFIED
CUS000282,RETAIL,AE,2022-09-12,VERIFIED
CUS000283,RETAIL,AE,2023-12-11,VERIFIED
CUS000284,SME,AE,2022-12-03,VERIFIED
CUS000285,RETAIL,IN,2024-08-04,VERIFIED
CUS000286,RETAIL,SG,2021-05-17,VERIFIED
CUS000287,RETAIL,IN,2023-11-16,VERIFIED
CUS000288,RETAIL,IN,2023-10-05,VERIFIED
CUS000289,RETAIL,AE,2024-05-21,VERIFIED
CUS000290,RETAIL,AE,2023-07-23,VERIFIED
CUS000291,SME,SG,2021-04-08,VERIFIED
CUS000292,RETAIL,IN,2022-09-21,VERIFIED
CUS000293,RETAIL,IN,2022-06-13,PENDING
CUS000294,RETAIL,IN,2022-09-20,VERIFIED
CUS000295,RETAIL,IN,2023-09-22,VERIFIED
CUS000296,RETAIL,IN,2021-12-26,VERIFIED
CUS000297,RETAIL,IN,2023-09-10,VERIFIED
CUS000298,RETAIL,IN,2021-12-16,VERIFIED
CUS000299,RETAIL,SG,2021-03-23,VERIFIED
CUS000300,RETAIL,IN,2024-12-17,VERIFIED
CUS000301,RETAIL,AE,2024-05-12,VERIFIED
CUS000302,RETAIL,IN,2022-01-28,VERIFIED
CUS000303,SME,IN,2024-07-16,VERIFIED
CUS000304,SME,IN,2022-04-02,VERIFIED
CUS000305,RETAIL,IN,2024-01-23,VERIFIED
CUS000306,RETAIL,AE,2022-10-04,REJECTED
CUS000307,RETAIL,IN,2022-07-03,VERIFIED
CUS000308,SME,IN,2023-10-16,VERIFIED
CUS000309,RETAIL,AE,2021-09-19,VERIFIED
CUS000310,RETAIL,AE,2021-07-12,VERIFIED
CUS000311,RETAIL,IN,2024-03-02,PENDING
CUS000312,SME,IN,2022-03-05,VERIFIED
CUS000313,RETAIL,IN,2022-06-04,VERIFIED
CUS000314,SME,IN,2024-01-07,VERIFIED
CUS000315,RETAIL,IN,2021-11-16,VERIFIED
CUS000316,RETAIL,IN,2023-11-01,VERIFIED
CUS000317,RETAIL,AE,2024-01-09,VERIFIED
CUS000318,RETAIL,IN,2022-04-13,VERIFIED
CUS000319,RETAIL,SG,2024-07-19,VERIFIED
CUS000320,RETAIL,IN,2021-06-27,VERIFIED
CUS000321,RETAIL,SG,2023-07-13,VERIFIED
CUS000322,RETAIL,IN,2023-02-15,VERIFIED
CUS000323,RETAIL,AE,2022-05-26,VERIFIED
CUS000324,RETAIL,AE,2021-08-20,PENDING
CUS000325,RETAIL,IN,2022-01-19,VERIFIED
CUS000326,RETAIL,IN,2023-07-17,VERIFIED
CUS000327,SME,IN,2022-02-17,VERIFIED
CUS000328,SME,IN,2023-06-28,VERIFIED
CUS000329,SME,AE,2023-01-09,VERIFIED
CUS000330,RETAIL,IN,2022-05-17,VERIFIED
CUS000331,RETAIL,SG,2022-11-23,VERIFIED
CUS000332,SME,IN,2024-10-23,VERIFIED
CUS000333,RETAIL,IN,2024-10-31,VERIFIED
CUS000334,RETAIL,IN,2024-06-21,VERIFIED
CUS000335,RETAIL,SG,2024-09-06,VERIFIED
CUS000336,RETAIL,SG,2022-03-19,VERIFIED
CUS000337,RETAIL,IN,2024-04-07,VERIFIED
CUS000338,SME,IN,2024-01-29,VERIFIED
CUS000339,RETAIL,SG,2023-10-19,VERIFIED
CUS000340,RETAIL,IN,2024-05-01,VERIFIED
CUS000341,RETAIL,AE,2021-09-05,VERIFIED
CUS000342,SME,IN,2024-08-30,PENDING
CUS000343,RETAIL,IN,2024-04-08,VERIFIED
CUS000344,SME,IN,2024-02-22,VERIFIED
CUS000345,RETAIL,IN,2024-09-06,VERIFIED
CUS000346,SME,IN,2024-01-17,VERIFIED
CUS000347,SME,IN,2024-04-16,VERIFIED
CUS000348,RETAIL,AE,2023-09-12,VERIFIED
CUS000349,RETAIL,IN,2024-06-01,VERIFIED
CUS000350,RETAIL,IN,2021-05-29,VERIFIED
CUS000351,SME,IN,2021-12-28,VERIFIED
CUS000352,SME,IN,2022-07-14,VERIFIED
CUS000353,RETAIL,IN,2022-09-24,VERIFIED
CUS000354,RETAIL,IN,2022-05-07,REJECTED
CUS000355,SME,SG,2021-05-25,VERIFIED
CUS000356,SME,IN,2024-06-30,VERIFIED
CUS000357,RETAIL,AE,2022-12-20,PENDING
CUS000358,SME,IN,2024-04-07,PENDING
CUS000359,RETAIL,AE,2023-04-09,VERIFIED
CUS000360,RETAIL,IN,2021-07-23,VERIFIED
CUS000361,RETAIL,IN,2022-08-02,VERIFIED
CUS000362,RETAIL,SG,2022-07-28,VERIFIED
CUS000363,RETAIL,SG,2024-08-20,VERIFIED
CUS000364,RETAIL,SG,2021-11-25,VERIFIED
CUS000365,RETAIL,IN,2022-04-07,VERIFIED
CUS000366,RETAIL,SG,2023-08-20,VERIFIED
CUS000367,RETAIL,AE,2023-09-22,VERIFIED
CUS000368,SME,SG,2022-10-16,VERIFIED
CUS000369,SME,IN,2022-02-05,VERIFIED
CUS000370,RETAIL,SG,2023-01-29,VERIFIED
CUS000371,SME,SG,2021-09-20,VERIFIED
CUS000372,RETAIL,AE,2024-03-20,VERIFIED
CUS000373,RETAIL,IN,2022-05-11,VERIFIED
CUS000374,RETAIL,IN,2021-11-04,VERIFIED
CUS000375,RETAIL,SG,2022-04-18,VERIFIED
CUS000376,SME,IN,2023-09-22,VERIFIED
CUS000377,RETAIL,SG,2023-03-24,VERIFIED
CUS000378,RETAIL,IN,2023-03-20,VERIFIED
CUS000379,RETAIL,IN,2023-10-27,VERIFIED
CUS000380,RETAIL,SG,2024-06-29,VERIFIED
CUS000381,RETAIL,IN,2024-04-15,VERIFIED
CUS000382,RETAIL,IN,2022-07-23,VERIFIED
CUS000383,RETAIL,SG,2024-02-22,VERIFIED
CUS000384,RETAIL,SG,2021-12-21,VERIFIED
CUS000385,RETAIL,AE,2021-12-19,VERIFIED
CUS000386,RETAIL,IN,2023-06-07,VERIFIED
CUS000387,RETAIL,IN,2023-08-10,VERIFIED
CUS000388,RETAIL,AE,2021-04-03,VERIFIED
CUS000389,RETAIL,IN,2024-12-15,VERIFIED
CUS000390,RETAIL,IN,2024-01-07,VERIFIED
CUS000391,SME,IN,2022-05-10,VERIFIED
CUS000392,RETAIL,IN,2021-08-28,VERIFIED
CUS000393,SME,AE,2023-03-31,VERIFIED
CUS000394,RETAIL,SG,2022-03-29,PENDING
CUS000395,RETAIL,SG,2024-03-03,VERIFIED
CUS000396,RETAIL,IN,2021-06-13,VERIFIED
CUS000397,RETAIL,IN,2022-10-09,VERIFIED
CUS000398,RETAIL,IN,2022-03-02,VERIFIED
CUS000399,RETAIL,IN,2024-04-30,PENDING
CUS000400,RETAIL,IN,2023-02-09,PENDING
CUS000401,RETAIL,IN,2022-03-19,VERIFIED
CUS000402,RETAIL,IN,2023-06-03,VERIFIED
CUS000403,SME,IN,2021-04-28,VERIFIED
CUS000404,SME,SG,2021-10-28,VERIFIED
CUS000405,RETAIL,IN,2024-07-05,VERIFIED
CUS000406,RETAIL,IN,2021-10-13,VERIFIED
CUS000407,RETAIL,SG,2023-07-15,VERIFIED
CUS000408,SME,SG,2022-09-30,VERIFIED
CUS000409,RETAIL,SG,2023-06-10,VERIFIED
CUS000410,RETAIL,IN,2022-04-25,VERIFIED
CUS000411,SME,SG,2023-05-11,VERIFIED
CUS000412,RETAIL,IN,2023-03-25,VERIFIED
CUS000413,RETAIL,IN,2022-10-09,VERIFIED
CUS000414,SME,IN,2024-03-02,VERIFIED
CUS000415,SME,IN,2023-05-15,VERIFIED
CUS000416,RETAIL,IN,2024-10-24,VERIFIED
CUS000417,RETAIL,IN,2024-10-12,VERIFIED
CUS000418,RETAIL,SG,2022-07-01,VERIFIED
CUS000419,RETAIL,IN,2023-12-09,PENDING
CUS000420,RETAIL,IN,2022-06-10,VERIFIED
CUS000421,RETAIL,IN,2022-02-03,VERIFIED
CUS000422,RETAIL,IN,2022-06-15,VERIFIED
CUS000423,RETAIL,IN,2023-05-23,VERIFIED
CUS000424,SME,IN,2022-11-06,VERIFIED
CUS000425,SME,IN,2022-01-01,VERIFIED
CUS000426,RETAIL,SG,2023-09-10,VERIFIED
CUS000427,RETAIL,AE,2023-05-28,VERIFIED
CUS000428,RETAIL,IN,2024-01-29,VERIFIED
CUS000429,RETAIL,SG,2024-03-26,VERIFIED
CUS000430,RETAIL,AE,2024-10-02,VERIFIED
CUS000431,RETAIL,AE,2024-09-24,VERIFIED
CUS000432,RETAIL,IN,2024-06-08,VERIFIED
CUS000433,RETAIL,AE,2022-01-21,VERIFIED
CUS000434,RETAIL,AE,2022-08-06,VERIFIED
CUS000435,SME,SG,2024-08-31,VERIFIED
CUS000436,RETAIL,IN,2022-01-22,VERIFIED
CUS000437,RETAIL,IN,2022-02-16,VERIFIED
CUS000438,RETAIL,IN,2021-07-11,VERIFIED
CUS000439,SME,IN,2021-04-17,VERIFIED
CUS000440,RETAIL,IN,2024-09-06,VERIFIED
CUS000441,RETAIL,IN,2022-12-31,VERIFIED
CUS000442,RETAIL,IN,2021-11-19,VERIFIED
CUS000443,RETAIL,IN,2024-02-01,VERIFIED
CUS000444,RETAIL,AE,2022-09-18,VERIFIED
CUS000445,SME,IN,2024-08-27,VERIFIED
CUS000446,RETAIL,IN,2023-11-07,VERIFIED
CUS000447,RETAIL,SG,2021-04-01,VERIFIED
CUS000448,RETAIL,AE,2022-03-22,VERIFIED
CUS000449,RETAIL,AE,2024-01-02,VERIFIED
CUS000450,RETAIL,AE,2021-03-18,VERIFIED
CUS000451,RETAIL,AE,2024-03-24,VERIFIED
CUS000452,SME,IN,2023-07-20,VERIFIED
CUS000453,RETAIL,IN,2023-04-21,VERIFIED
CUS000454,SME,IN,2022-08-07,VERIFIED
CUS000455,SME,IN,2023-12-31,VERIFIED
CUS000456,RETAIL,AE,2024-01-02,VERIFIED
CUS000457,RETAIL,IN,2022-06-07,VERIFIED
CUS000458,SME,IN,2024-03-20,VERIFIED
CUS000459,SME,IN,2024-06-16,VERIFIED
CUS000460,RETAIL,IN,2024-06-07,VERIFIED
CUS000461,SME,IN,2023-09-30,VERIFIED
CUS000462,RETAIL,IN,2024-11-17,VERIFIED
CUS000463,RETAIL,AE,2024-11-13,VERIFIED
CUS000464,RETAIL,IN,2022-03-25,VERIFIED
CUS000465,RETAIL,AE,2022-12-06,VERIFIED
CUS000466,RETAIL,SG,2024-06-11,VERIFIED
CUS000467,RETAIL,IN,2024-01-10,VERIFIED
CUS000468,RETAIL,IN,2022-05-31,VERIFIED
CUS000469,SME,SG,2021-12-06,REJECTED
CUS000470,RETAIL,IN,2021-09-02,VERIFIED
CUS000471,RETAIL,AE,2024-03-03,VERIFIED
CUS000472,RETAIL,IN,2021-10-04,PENDING
CUS000473,RETAIL,SG,2023-05-15,VERIFIED
CUS000474,RETAIL,SG,2023-11-10,VERIFIED
CUS000475,RETAIL,IN,2022-10-17,VERIFIED
CUS000476,RETAIL,IN,2024-07-11,VERIFIED
CUS000477,SME,AE,2023-03-25,VERIFIED
CUS000478,RETAIL,IN,2023-04-22,VERIFIED
CUS000479,RETAIL,IN,2022-09-20,VERIFIED
CUS000480,SME,IN,2024-04-23,VERIFIED
CUS000481,RETAIL,IN,2024-10-07,VERIFIED
CUS000482,RETAIL,SG,2023-07-29,VERIFIED
CUS000483,RETAIL,SG,2021-03-27,VERIFIED
CUS000484,RETAIL,IN,2022-10-28,VERIFIED
CUS000485,RETAIL,AE,2022-11-27,VERIFIED
CUS000486,SME,IN,2022-07-14,VERIFIED
CUS000487,RETAIL,IN,2023-01-21,VERIFIED
CUS000488,SME,IN,2024-03-02,VERIFIED
CUS000489,RETAIL,AE,2021-03-25,VERIFIED
CUS000490,RETAIL,IN,2024-02-18,VERIFIED
CUS000491,RETAIL,IN,2022-07-20,VERIFIED
CUS000492,RETAIL,IN,2021-09-07,VERIFIED
CUS000493,RETAIL,SG,2022-06-25,VERIFIED
CUS000494,RETAIL,IN,2021-05-20,VERIFIED
CUS000495,RETAIL,IN,2024-04-27,VERIFIED
CUS000496,RETAIL,SG,2022-07-17,VERIFIED
CUS000497,RETAIL,IN,2024-08-25,VERIFIED
CUS000498,RETAIL,IN,2022-11-14,VERIFIED
CUS000499,RETAIL,IN,2024-04-20,VERIFIED
CUS000500,RETAIL,IN,2022-06-25,VERIFIED
CUS000501,RETAIL,IN,2023-10-03,VERIFIED
CUS000502,RETAIL,AE,2024-07-05,VERIFIED
CUS000503,RETAIL,SG,2021-09-07,VERIFIED
CUS000504,RETAIL,SG,2021-07-26,VERIFIED
CUS000505,RETAIL,AE,2024-05-08,VERIFIED
CUS000506,RETAIL,IN,2024-03-15,VERIFIED
CUS000507,SME,IN,2024-11-10,VERIFIED
CUS000508,SME,AE,2022-06-09,VERIFIED
CUS000509,RETAIL,IN,2021-07-31,PENDING
CUS000510,RETAIL,SG,2024-02-26,VERIFIED
CUS000511,RETAIL,SG,2023-04-11,VERIFIED
CUS000512,RETAIL,IN,2022-04-19,VERIFIED
CUS000513,RETAIL,IN,2023-04-23,VERIFIED
CUS000514,RETAIL,IN,2022-02-12,PENDING
CUS000515,RETAIL,IN,2022-02-11,VERIFIED
CUS000516,RETAIL,IN,2022-03-01,VERIFIED
CUS000517,RETAIL,IN,2022-04-07,VERIFIED
CUS000518,RETAIL,SG,2023-05-12,VERIFIED
CUS000519,SME,AE,2023-06-30,VERIFIED
CUS000520,SME,SG,2022-09-05,VERIFIED
CUS000521,RETAIL,IN,2024-08-04,VERIFIED
CUS000522,SME,IN,2022-09-17,VERIFIED
CUS000523,SME,IN,2024-11-17,VERIFIED
CUS000524,RETAIL,IN,2022-03-30,PENDING
CUS000525,RETAIL,AE,2022-09-07,VERIFIED
CUS000526,SME,IN,2023-02-03,VERIFIED
CUS000527,RETAIL,IN,2023-11-04,VERIFIED
CUS000528,RETAIL,AE,2023-01-22,VERIFIED
CUS000529,RETAIL,IN,2022-07-27,VERIFIED
CUS000530,RETAIL,IN,2022-05-19,VERIFIED
CUS000531,RETAIL,IN,2021-06-19,VERIFIED
CUS000532,SME,SG,2024-05-08,VERIFIED
CUS000533,RETAIL,SG,2024-11-01,PENDING
CUS000534,RETAIL,IN,2022-07-03,PENDING
CUS000535,RETAIL,AE,2024-05-18,VERIFIED
CUS000536,RETAIL,AE,2024-06-08,VERIFIED
CUS000537,RETAIL,AE,2023-12-14,VERIFIED
CUS000538,RETAIL,IN,2022-03-24,VERIFIED
CUS000539,RETAIL,IN,2024-10-06,VERIFIED
CUS000540,RETAIL,AE,2023-07-07,VERIFIED
CUS000541,SME,IN,2024-08-07,VERIFIED
CUS000542,SME,IN,2021-10-14,VERIFIED
CUS000543,RETAIL,SG,2022-01-30,VERIFIED
CUS000544,RETAIL,IN,2024-08-31,VERIFIED
CUS000545,RETAIL,SG,2023-12-15,VERIFIED
CUS000546,SME,AE,2023-03-29,VERIFIED
CUS000547,SME,SG,2023-04-03,VERIFIED
CUS000548,RETAIL,IN,2024-05-12,VERIFIED
CUS000549,SME,AE,2023-03-20,VERIFIED
CUS000550,RETAIL,IN,2021-09-03,VERIFIED
CUS000551,RETAIL,SG,2024-02-27,VERIFIED
CUS000552,RETAIL,SG,2024-07-10,VERIFIED
CUS000553,RETAIL,SG,2023-07-11,VERIFIED
CUS000554,RETAIL,IN,2023-02-22,VERIFIED
CUS000555,RETAIL,IN,2023-11-30,VERIFIED
CUS000556,SME,IN,2024-08-07,VERIFIED
CUS000557,SME,IN,2024-09-04,VERIFIED
CUS000558,RETAIL,IN,2021-12-12,VERIFIED
CUS000559,RETAIL,IN,2024-07-01,VERIFIED
CUS000560,RETAIL,IN,2023-12-04,VERIFIED
CUS000561,RETAIL,SG,2022-01-30,VERIFIED
CUS000562,SME,AE,2022-09-23,PENDING
CUS000563,RETAIL,IN,2024-11-28,VERIFIED
CUS000564,RETAIL,SG,2024-05-08,VERIFIED
CUS000565,SME,SG,2023-03-14,VERIFIED
CUS000566,RETAIL,IN,2023-08-28,VERIFIED
CUS000567,RETAIL,IN,2021-03-19,VERIFIED
CUS000568,RETAIL,SG,2024-07-26,VERIFIED
CUS000569,SME,AE,2024-11-26,PENDING
CUS000570,SME,SG,2022-11-22,VERIFIED
CUS000571,RETAIL,AE,2021-04-30,VERIFIED
CUS000572,RETAIL,AE,2024-12-28,VERIFIED
CUS000573,RETAIL,IN,2021-10-29,VERIFIED
CUS000574,RETAIL,SG,2021-03-13,VERIFIED
CUS000575,RETAIL,IN,2023-05-30,VERIFIED
CUS000576,RETAIL,AE,2023-05-30,VERIFIED
CUS000577,RETAIL,IN,2021-03-14,VERIFIED
CUS000578,RETAIL,IN,2022-08-04,VERIFIED
CUS000579,RETAIL,AE,2022-11-28,VERIFIED
CUS000580,RETAIL,IN,2023-11-27,VERIFIED
CUS000581,RETAIL,SG,2021-06-07,VERIFIED
CUS000582,RETAIL,IN,2024-01-13,VERIFIED
CUS000583,RETAIL,AE,2023-07-02,VERIFIED
CUS000584,RETAIL,AE,2021-10-05,REJECTED
CUS000585,RETAIL,IN,2023-01-18,VERIFIED
CUS000586,RETAIL,SG,2022-02-05,VERIFIED
CUS000587,RETAIL,IN,2021-03-11,VERIFIED
CUS000588,RETAIL,IN,2022-07-16,VERIFIED
CUS000589,RETAIL,SG,2024-05-19,VERIFIED
CUS000590,RETAIL,SG,2022-02-13,VERIFIED
CUS000591,RETAIL,IN,2022-09-15,PENDING
CUS000592,RETAIL,IN,2024-05-01,VERIFIED
CUS000593,RETAIL,SG,2024-07-31,VERIFIED
CUS000594,RETAIL,IN,2021-06-04,VERIFIED
CUS000595,SME,IN,2024-08-06,VERIFIED
CUS000596,RETAIL,IN,2023-04-06,VERIFIED
CUS000597,SME,IN,2021-03-24,VERIFIED
CUS000598,RETAIL,AE,2021-09-03,VERIFIED
CUS000599,SME,IN,2021-10-15,VERIFIED
CUS000600,SME,IN,2022-03-08,VERIFIED
CUS000601,RETAIL,AE,2023-03-05,PENDING
CUS000602,RETAIL,IN,2023-11-28,VERIFIED
CUS000603,RETAIL,SG,2021-07-25,VERIFIED
CUS000604,RETAIL,IN,2022-10-27,VERIFIED
CUS000605,RETAIL,AE,2023-06-27,VERIFIED
CUS000606,SME,SG,2021-04-19,VERIFIED
CUS000607,RETAIL,AE,2023-08-03,VERIFIED
CUS000608,SME,IN,2024-11-11,VERIFIED
CUS000609,SME,IN,2022-09-13,VERIFIED
CUS000610,SME,SG,2023-05-15,REJECTED
CUS000611,RETAIL,IN,2022-08-14,VERIFIED
CUS000612,RETAIL,IN,2022-08-17,VERIFIED
CUS000613,SME,IN,2022-08-04,VERIFIED
CUS000614,RETAIL,AE,2023-09-14,VERIFIED
CUS000615,RETAIL,SG,2024-01-15,VERIFIED
CUS000616,RETAIL,SG,2023-10-14,VERIFIED
CUS000617,RETAIL,SG,2021-04-21,VERIFIED
CUS000618,SME,IN,2022-02-18,VERIFIED
CUS000619,RETAIL,IN,2023-07-02,PENDING
CUS000620,RETAIL,IN,2021-06-29,VERIFIED
CUS000621,RETAIL,SG,2022-01-27,VERIFIED
CUS000622,RETAIL,IN,2022-12-11,VERIFIED
CUS000623,RETAIL,AE,2021-12-08,VERIFIED
CUS000624,RETAIL,SG,2021-05-15,VERIFIED
CUS000625,RETAIL,IN,2022-10-29,VERIFIED
CUS000626,RETAIL,IN,2024-08-13,VERIFIED
CUS000627,RETAIL,IN,2023-05-09,VERIFIED
CUS000628,RETAIL,AE,2024-02-18,REJECTED
CUS000629,RETAIL,AE,2022-04-28,VERIFIED
CUS000630,SME,AE,2024-09-01,PENDING
CUS000631,SME,IN,2023-03-19,VERIFIED
CUS000632,RETAIL,IN,2023-05-03,VERIFIED
CUS000633,RETAIL,IN,2023-07-11,VERIFIED
CUS000634,RETAIL,IN,2022-08-08,VERIFIED
CUS000635,SME,IN,2022-11-30,VERIFIED
CUS000636,SME,IN,2024-03-27,VERIFIED
CUS000637,RETAIL,AE,2021-12-08,VERIFIED
CUS000638,RETAIL,IN,2023-04-15,VERIFIED
CUS000639,RETAIL,IN,2024-05-27,VERIFIED
CUS000640,RETAIL,SG,2022-05-19,VERIFIED
CUS000641,SME,IN,2023-07-02,VERIFIED
CUS000642,SME,SG,2022-07-21,VERIFIED
CUS000643,SME,SG,2022-02-10,VERIFIED
CUS000644,RETAIL,AE,2022-08-05,VERIFIED
CUS000645,RETAIL,SG,2021-05-25,VERIFIED
CUS000646,SME,IN,2022-09-06,VERIFIED
CUS000647,RETAIL,SG,2023-07-18,VERIFIED
CUS000648,RETAIL,IN,2021-03-22,VERIFIED
CUS000649,RETAIL,IN,2023-01-12,VERIFIED
CUS000650,RETAIL,IN,2022-04-08,VERIFIED
CUS000651,RETAIL,IN,2023-09-26,VERIFIED
CUS000652,SME,SG,2021-07-11,VERIFIED
CUS000653,RETAIL,IN,2021-05-27,VERIFIED
CUS000654,RETAIL,IN,2021-05-10,VERIFIED
CUS000655,RETAIL,IN,2023-07-08,VERIFIED
CUS000656,RETAIL,AE,2021-09-16,VERIFIED
CUS000657,RETAIL,IN,2022-06-06,VERIFIED
CUS000658,RETAIL,SG,2024-08-21,VERIFIED
CUS000659,RETAIL,AE,2021-06-27,PENDING
CUS000660,RETAIL,IN,2022-12-23,VERIFIED
CUS000661,RETAIL,SG,2022-12-18,VERIFIED
CUS000662,RETAIL,IN,2023-07-17,VERIFIED
CUS000663,RETAIL,IN,2021-09-25,VERIFIED
CUS000664,RETAIL,SG,2024-08-19,VERIFIED
CUS000665,RETAIL,AE,2023-07-13,VERIFIED
CUS000666,RETAIL,IN,2022-11-04,VERIFIED
CUS000667,RETAIL,IN,2024-04-02,VERIFIED
CUS000668,RETAIL,IN,2024-03-10,REJECTED
CUS000669,RETAIL,IN,2022-08-23,PENDING
CUS000670,RETAIL,SG,2022-10-10,VERIFIED
CUS000671,RETAIL,IN,2021-11-13,VERIFIED
CUS000672,RETAIL,SG,2021-11-14,VERIFIED
CUS000673,RETAIL,IN,2024-12-07,VERIFIED
CUS000674,RETAIL,SG,2023-06-30,VERIFIED
CUS000675,RETAIL,SG,2021-10-04,VERIFIED
CUS000676,SME,SG,2021-05-13,VERIFIED
CUS000677,RETAIL,IN,2024-08-22,VERIFIED
CUS000678,RETAIL,IN,2022-01-24,VERIFIED
CUS000679,RETAIL,IN,2024-02-11,VERIFIED
CUS000680,RETAIL,IN,2021-12-03,VERIFIED
CUS000681,SME,IN,2023-04-18,VERIFIED
CUS000682,SME,IN,2024-07-28,VERIFIED
CUS000683,SME,SG,2024-03-22,VERIFIED
CUS000684,RETAIL,IN,2021-05-24,VERIFIED
CUS000685,SME,SG,2022-01-23,VERIFIED
CUS000686,RETAIL,IN,2024-11-14,VERIFIED
CUS000687,SME,SG,2021-05-15,VERIFIED
CUS000688,RETAIL,IN,2021-10-08,VERIFIED
CUS000689,SME,IN,2022-11-30,VERIFIED
CUS000690,RETAIL,IN,2024-11-21,VERIFIED
CUS000691,RETAIL,AE,2023-05-04,VERIFIED
CUS000692,SME,IN,2024-05-19,VERIFIED
CUS000693,RETAIL,IN,2023-08-09,VERIFIED
CUS000694,SME,IN,2023-10-18,PENDING
CUS000695,RETAIL,SG,2022-04-09,VERIFIED
CUS000696,RETAIL,IN,2022-03-06,VERIFIED
CUS000697,RETAIL,IN,2024-05-05,VERIFIED
CUS000698,RETAIL,IN,2021-07-22,VERIFIED
CUS000699,RETAIL,AE,2022-06-08,VERIFIED
CUS000700,RETAIL,IN,2022-06-13,PENDING
CUS000701,RETAIL,IN,2022-01-11,VERIFIED
CUS000702,RETAIL,AE,2022-03-20,VERIFIED
CUS000703,RETAIL,IN,2021-12-24,VERIFIED
CUS000704,SME,IN,2023-11-23,VERIFIED
CUS000705,SME,IN,2022-05-16,VERIFIED
CUS000706,RETAIL,IN,2021-04-07,VERIFIED
CUS000707,RETAIL,IN,2022-02-10,VERIFIED
CUS000708,RETAIL,IN,2023-06-11,VERIFIED
CUS000709,RETAIL,SG,2022-07-31,VERIFIED
CUS000710,SME,SG,2021-07-03,PENDING
CUS000711,RETAIL,IN,2022-06-29,VERIFIED
CUS000712,RETAIL,IN,2022-01-07,VERIFIED
CUS000713,RETAIL,IN,2021-08-05,VERIFIED
CUS000714,RETAIL,AE,2023-08-06,VERIFIED
CUS000715,SME,IN,2023-09-20,VERIFIED
CUS000716,RETAIL,SG,2023-09-09,VERIFIED
CUS000717,RETAIL,IN,2023-08-04,VERIFIED
CUS000718,RETAIL,SG,2022-05-26,VERIFIED
CUS000719,RETAIL,IN,2023-02-21,VERIFIED
CUS000720,RETAIL,SG,2021-05-26,VERIFIED
CUS000721,RETAIL,IN,2022-05-16,VERIFIED
CUS000722,RETAIL,AE,2022-06-05,VERIFIED
CUS000723,RETAIL,IN,2021-05-12,VERIFIED
CUS000724,RETAIL,SG,2021-09-19,VERIFIED
CUS000725,SME,AE,2024-11-17,VERIFIED
CUS000726,RETAIL,AE,2021-04-20,VERIFIED
CUS000727,RETAIL,IN,2021-08-16,VERIFIED
CUS000728,RETAIL,IN,2023-09-27,PENDING
CUS000729,RETAIL,IN,2024-02-07,VERIFIED
CUS000730,SME,IN,2022-12-10,REJECTED
CUS000731,SME,IN,2021-03-05,VERIFIED
CUS000732,SME,AE,2022-09-02,VERIFIED
CUS000733,RETAIL,AE,2022-10-14,VERIFIED
CUS000734,RETAIL,IN,2024-03-03,VERIFIED
CUS000735,SME,SG,2021-07-25,VERIFIED
CUS000736,RETAIL,AE,2021-12-12,VERIFIED
CUS000737,RETAIL,AE,2024-10-14,VERIFIED
CUS000738,RETAIL,IN,2024-01-01,VERIFIED
CUS000739,RETAIL,IN,2021-08-17,VERIFIED
CUS000740,RETAIL,AE,2022-04-18,VERIFIED
CUS000741,SME,IN,2023-06-17,VERIFIED
CUS000742,RETAIL,IN,2022-12-30,VERIFIED
CUS000743,RETAIL,AE,2024-07-09,VERIFIED
CUS000744,SME,AE,2021-10-18,VERIFIED
CUS000745,RETAIL,AE,2022-08-02,VERIFIED
CUS000746,RETAIL,SG,2023-01-16,VERIFIED
CUS000747,RETAIL,IN,2022-08-29,VERIFIED
CUS000748,RETAIL,IN,2022-10-03,VERIFIED
CUS000749,RETAIL,IN,2023-05-05,VERIFIED
CUS000750,RETAIL,IN,2024-04-23,VERIFIED
CUS000751,RETAIL,IN,2023-02-28,VERIFIED
CUS000752,RETAIL,SG,2021-11-27,VERIFIED
CUS000753,RETAIL,IN,2024-10-18,VERIFIED
CUS000754,RETAIL,SG,2023-06-19,VERIFIED
CUS000755,RETAIL,IN,2021-11-09,VERIFIED
CUS000756,RETAIL,IN,2022-10-13,VERIFIED
CUS000757,RETAIL,IN,2024-11-28,VERIFIED
CUS000758,SME,IN,2021-10-05,VERIFIED
CUS000759,RETAIL,AE,2024-10-18,VERIFIED
CUS000760,SME,IN,2023-03-02,VERIFIED
CUS000761,RETAIL,IN,2024-07-26,VERIFIED
CUS000762,RETAIL,SG,2023-12-14,VERIFIED
CUS000763,RETAIL,IN,2023-07-01,VERIFIED
CUS000764,RETAIL,IN,2023-12-27,VERIFIED
CUS000765,RETAIL,IN,2021-08-25,VERIFIED
CUS000766,RETAIL,IN,2022-11-01,VERIFIED
CUS000767,SME,SG,2023-08-15,VERIFIED
CUS000768,SME,IN,2023-11-21,VERIFIED
CUS000769,SME,IN,2023-02-05,VERIFIED
CUS000770,RETAIL,IN,2023-09-16,VERIFIED
CUS000771,RETAIL,IN,2021-11-30,VERIFIED
CUS000772,RETAIL,IN,2024-02-08,PENDING
CUS000773,RETAIL,AE,2022-05-12,VERIFIED
CUS000774,SME,IN,2023-04-18,VERIFIED
CUS000775,RETAIL,IN,2023-12-29,VERIFIED
CUS000776,RETAIL,IN,2023-03-21,VERIFIED
CUS000777,RETAIL,IN,2024-07-18,VERIFIED
CUS000778,SME,IN,2022-12-27,VERIFIED
CUS000779,RETAIL,SG,2022-04-03,VERIFIED
CUS000780,RETAIL,AE,2022-09-25,VERIFIED
CUS000781,RETAIL,IN,2024-12-11,VERIFIED
CUS000782,RETAIL,IN,2022-10-01,VERIFIED
CUS000783,RETAIL,AE,2024-11-27,VERIFIED
CUS000784,RETAIL,IN,2023-08-06,PENDING
CUS000785,RETAIL,IN,2022-07-28,VERIFIED
CUS000786,RETAIL,IN,2021-07-21,VERIFIED
CUS000787,RETAIL,SG,2021-04-05,VERIFIED
CUS000788,RETAIL,SG,2023-01-16,VERIFIED
CUS000789,RETAIL,IN,2024-03-09,VERIFIED
CUS000790,RETAIL,AE,2021-10-25,VERIFIED
CUS000791,RETAIL,IN,2023-08-22,VERIFIED
CUS000792,RETAIL,IN,2022-11-13,VERIFIED
CUS000793,SME,IN,2024-03-30,VERIFIED
CUS000794,RETAIL,IN,2023-08-02,VERIFIED
CUS000795,RETAIL,IN,2023-03-02,VERIFIED
CUS000796,SME,IN,2022-03-04,VERIFIED
CUS000797,SME,IN,2021-07-22,VERIFIED
CUS000798,RETAIL,SG,2024-04-29,VERIFIED
CUS000799,RETAIL,IN,2022-11-11,VERIFIED
CUS000800,RETAIL,IN,2021-04-15,VERIFIED
CUS000801,SME,SG,2024-12-09,VERIFIED
CUS000802,RETAIL,IN,2022-10-23,VERIFIED
CUS000803,RETAIL,SG,2022-01-23,VERIFIED
CUS000804,RETAIL,SG,2024-08-09,VERIFIED
CUS000805,RETAIL,SG,2022-06-11,VERIFIED
CUS000806,RETAIL,IN,2023-05-23,VERIFIED
CUS000807,SME,IN,2022-09-13,VERIFIED
CUS000808,RETAIL,IN,2022-04-10,VERIFIED
CUS000809,SME,IN,2024-06-13,VERIFIED
CUS000810,RETAIL,IN,2024-09-28,VERIFIED
CUS000811,SME,IN,2023-10-17,VERIFIED
CUS000812,RETAIL,IN,2024-01-02,VERIFIED
CUS000813,RETAIL,IN,2023-11-24,VERIFIED
CUS000814,SME,IN,2021-06-17,VERIFIED
CUS000815,SME,SG,2022-05-15,VERIFIED
CUS000816,SME,AE,2023-08-22,VERIFIED
CUS000817,SME,IN,2022-09-07,VERIFIED
CUS000818,RETAIL,AE,2024-05-24,VERIFIED
CUS000819,RETAIL,IN,2024-04-20,VERIFIED
CUS000820,RETAIL,AE,2024-08-17,VERIFIED
CUS000821,SME,AE,2023-05-16,VERIFIED
CUS000822,SME,IN,2022-08-19,VERIFIED
CUS000823,SME,SG,2023-01-21,VERIFIED
CUS000824,SME,AE,2022-11-12,VERIFIED
CUS000825,RETAIL,AE,2024-05-18,VERIFIED
CUS000826,RETAIL,AE,2022-07-10,VERIFIED
CUS000827,RETAIL,IN,2022-11-20,VERIFIED
CUS000828,RETAIL,IN,2021-05-01,VERIFIED
CUS000829,RETAIL,AE,2024-01-22,VERIFIED
CUS000830,RETAIL,IN,2024-10-09,VERIFIED
CUS000831,SME,IN,2023-04-05,VERIFIED
CUS000832,RETAIL,IN,2024-03-31,VERIFIED
CUS000833,RETAIL,IN,2024-05-02,VERIFIED
CUS000834,SME,IN,2024-02-09,PENDING
CUS000835,RETAIL,SG,2022-05-26,VERIFIED
CUS000836,RETAIL,IN,2023-05-15,PENDING
CUS000837,RETAIL,SG,2021-08-27,VERIFIED
CUS000838,RETAIL,AE,2024-07-16,VERIFIED
CUS000839,RETAIL,IN,2021-06-07,VERIFIED
CUS000840,RETAIL,IN,2023-06-08,VERIFIED
CUS000841,RETAIL,IN,2022-12-16,VERIFIED
CUS000842,SME,AE,2021-11-16,VERIFIED
CUS000843,SME,SG,2023-02-13,VERIFIED
CUS000844,RETAIL,IN,2024-05-17,VERIFIED
CUS000845,SME,IN,2024-01-31,VERIFIED
CUS000846,RETAIL,IN,2021-06-28,VERIFIED
CUS000847,RETAIL,IN,2024-09-26,VERIFIED
CUS000848,RETAIL,AE,2021-07-06,REJECTED
CUS000849,SME,SG,2022-06-01,VERIFIED
CUS000850,SME,IN,2023-01-14,VERIFIED
CUS000851,SME,AE,2023-10-17,PENDING
CUS000852,RETAIL,IN,2021-09-15,REJECTED
CUS000853,RETAIL,AE,2024-11-17,VERIFIED
CUS000854,RETAIL,IN,2022-04-11,VERIFIED
CUS000855,RETAIL,IN,2024-03-14,VERIFIED
CUS000856,RETAIL,AE,2023-08-21,VERIFIED
CUS000857,RETAIL,IN,2024-10-04,VERIFIED
CUS000858,RETAIL,SG,2022-11-07,VERIFIED
CUS000859,RETAIL,AE,2024-06-09,VERIFIED
CUS000860,RETAIL,IN,2024-07-22,VERIFIED
CUS000861,RETAIL,IN,2023-09-29,VERIFIED
CUS000862,RETAIL,SG,2023-02-07,VERIFIED
CUS000863,RETAIL,IN,2021-05-20,VERIFIED
CUS000864,RETAIL,IN,2021-10-28,VERIFIED
CUS000865,RETAIL,IN,2023-06-21,VERIFIED
CUS000866,RETAIL,SG,2022-10-05,VERIFIED
CUS000867,SME,IN,2022-01-19,VERIFIED
CUS000868,RETAIL,IN,2023-07-17,VERIFIED
CUS000869,RETAIL,AE,2022-01-22,VERIFIED
CUS000870,RETAIL,IN,2022-06-18,VERIFIED
CUS000871,RETAIL,AE,2022-04-23,VERIFIED
CUS000872,RETAIL,IN,2021-04-05,VERIFIED
CUS000873,RETAIL,AE,2023-07-24,VERIFIED
CUS000874,SME,SG,2024-09-29,VERIFIED
CUS000875,RETAIL,IN,2022-12-13,VERIFIED
CUS000876,RETAIL,AE,2023-09-27,VERIFIED
CUS000877,SME,IN,2024-10-11,VERIFIED
CUS000878,RETAIL,IN,2024-05-28,VERIFIED
CUS000879,RETAIL,IN,2022-12-16,VERIFIED
CUS000880,RETAIL,SG,2021-05-03,VERIFIED
CUS000881,RETAIL,IN,2023-09-16,PENDING
CUS000882,RETAIL,IN,2022-11-29,VERIFIED
CUS000883,SME,IN,2024-04-28,VERIFIED
CUS000884,RETAIL,IN,2024-07-04,VERIFIED
CUS000885,SME,IN,2022-01-02,VERIFIED
CUS000886,RETAIL,IN,2022-08-28,VERIFIED
CUS000887,RETAIL,IN,2024-04-11,VERIFIED
CUS000888,RETAIL,IN,2023-02-01,VERIFIED
CUS000889,RETAIL,IN,2022-10-12,VERIFIED
CUS000890,RETAIL,IN,2024-10-10,VERIFIED
CUS000891,RETAIL,SG,2023-11-08,VERIFIED
CUS000892,RETAIL,IN,2021-09-09,VERIFIED
CUS000893,RETAIL,IN,2023-08-13,VERIFIED
CUS000894,SME,IN,2022-04-15,VERIFIED
CUS000895,RETAIL,IN,2022-09-07,VERIFIED
CUS000896,RETAIL,IN,2024-12-25,VERIFIED
CUS000897,SME,SG,2021-05-16,VERIFIED
CUS000898,RETAIL,IN,2021-04-29,VERIFIED
CUS000899,RETAIL,IN,2022-06-11,VERIFIED
CUS000900,SME,IN,2024-05-24,VERIFIED
CUS000901,RETAIL,IN,2021-10-07,VERIFIED
CUS000902,RETAIL,IN,2025-01-01,VERIFIED
CUS000903,RETAIL,IN,2023-01-19,VERIFIED
CUS000904,RETAIL,IN,2023-05-14,PENDING
CUS000905,RETAIL,IN,2022-05-01,VERIFIED
CUS000906,RETAIL,SG,2024-06-18,VERIFIED
CUS000907,SME,AE,2021-08-25,VERIFIED
CUS000908,RETAIL,IN,2022-10-26,VERIFIED
CUS000909,RETAIL,IN,2024-01-03,VERIFIED
CUS000910,RETAIL,SG,2023-10-23,VERIFIED
CUS000911,RETAIL,IN,2022-05-17,VERIFIED
CUS000912,SME,SG,2024-04-17,VERIFIED
CUS000913,RETAIL,SG,2023-11-13,VERIFIED
CUS000914,RETAIL,AE,2021-03-24,VERIFIED
CUS000915,RETAIL,AE,2021-08-19,VERIFIED
CUS000916,SME,IN,2023-09-24,VERIFIED
CUS000917,RETAIL,IN,2022-11-16,VERIFIED
CUS000918,SME,IN,2023-06-01,VERIFIED
CUS000919,RETAIL,IN,2024-03-26,VERIFIED
CUS000920,RETAIL,IN,2023-11-17,VERIFIED
CUS000921,RETAIL,AE,2024-08-03,VERIFIED
CUS000922,RETAIL,IN,2021-10-18,VERIFIED
CUS000923,RETAIL,IN,2024-01-23,VERIFIED
CUS000924,RETAIL,AE,2024-04-01,VERIFIED
CUS000925,RETAIL,IN,2022-07-23,VERIFIED
CUS000926,RETAIL,IN,2024-07-07,VERIFIED
CUS000927,SME,AE,2021-05-04,VERIFIED
CUS000928,SME,IN,2021-08-16,VERIFIED
CUS000929,RETAIL,IN,2023-06-04,VERIFIED
CUS000930,RETAIL,IN,2024-04-20,VERIFIED
CUS000931,SME,AE,2024-06-19,VERIFIED
CUS000932,RETAIL,IN,2021-09-18,VERIFIED
CUS000933,SME,IN,2023-04-25,VERIFIED
CUS000934,RETAIL,IN,2022-10-15,VERIFIED
CUS000935,SME,IN,2024-07-12,VERIFIED
CUS000936,RETAIL,AE,2021-11-06,VERIFIED
CUS000937,RETAIL,IN,2023-01-08,VERIFIED
CUS000938,RETAIL,AE,2024-09-25,VERIFIED
CUS000939,RETAIL,IN,2024-09-17,VERIFIED
CUS000940,RETAIL,IN,2021-04-23,VERIFIED
CUS000941,SME,AE,2024-10-14,VERIFIED
CUS000942,RETAIL,IN,2023-11-09,VERIFIED
CUS000943,RETAIL,IN,2024-12-15,VERIFIED
CUS000944,RETAIL,AE,2024-10-11,VERIFIED
CUS000945,RETAIL,IN,2021-11-21,VERIFIED
CUS000946,RETAIL,IN,2022-01-27,VERIFIED
CUS000947,RETAIL,AE,2023-09-26,VERIFIED
CUS000948,SME,IN,2024-04-27,VERIFIED
CUS000949,SME,IN,2024-01-19,VERIFIED
CUS000950,RETAIL,IN,2023-08-29,VERIFIED
CUS000951,SME,IN,2022-01-10,VERIFIED
CUS000952,RETAIL,IN,2022-09-22,PENDING
CUS000953,RETAIL,SG,2023-04-21,VERIFIED
CUS000954,SME,IN,2024-09-27,VERIFIED
CUS000955,SME,SG,2024-07-24,VERIFIED
CUS000956,RETAIL,IN,2024-03-25,VERIFIED
CUS000957,RETAIL,IN,2024-03-10,VERIFIED
CUS000958,RETAIL,IN,2023-02-17,VERIFIED
CUS000959,RETAIL,SG,2021-09-12,VERIFIED
CUS000960,RETAIL,IN,2023-05-22,VERIFIED
CUS000961,RETAIL,IN,2023-09-29,VERIFIED
CUS000962,SME,AE,2022-11-13,VERIFIED
CUS000963,RETAIL,IN,2024-09-17,VERIFIED
CUS000964,RETAIL,IN,2022-03-18,VERIFIED
CUS000965,SME,AE,2024-10-16,VERIFIED
CUS000966,RETAIL,IN,2023-08-26,VERIFIED
CUS000967,RETAIL,IN,2021-05-08,PENDING
CUS000968,RETAIL,IN,2023-06-15,REJECTED
CUS000969,SME,IN,2022-02-20,VERIFIED
CUS000970,SME,IN,2023-12-17,VERIFIED
CUS000971,RETAIL,SG,2021-09-27,VERIFIED
CUS000972,RETAIL,IN,2023-09-14,VERIFIED
CUS000973,SME,SG,2024-02-18,PENDING
CUS000974,SME,AE,2024-10-22,VERIFIED
CUS000975,RETAIL,IN,2023-10-30,VERIFIED
CUS000976,RETAIL,SG,2022-10-12,VERIFIED
CUS000977,SME,SG,2024-10-05,VERIFIED
CUS000978,RETAIL,AE,2024-05-05,PENDING
CUS000979,RETAIL,IN,2023-09-04,VERIFIED
CUS000980,RETAIL,IN,2022-04-05,VERIFIED
CUS000981,RETAIL,IN,2022-09-19,PENDING
CUS000982,RETAIL,IN,2024-11-03,VERIFIED
CUS000983,RETAIL,IN,2024-11-11,VERIFIED
CUS000984,SME,IN,2024-10-10,VERIFIED
CUS000985,RETAIL,IN,2023-09-27,VERIFIED
CUS000986,SME,AE,2023-11-30,VERIFIED
CUS000987,RETAIL,IN,2024-07-22,VERIFIED
CUS000988,RETAIL,IN,2023-04-29,PENDING
CUS000989,SME,IN,2022-09-27,VERIFIED
CUS000990,SME,IN,2022-05-06,VERIFIED
CUS000991,RETAIL,IN,2021-03-10,VERIFIED
CUS000992,RETAIL,IN,2022-05-08,REJECTED
CUS000993,RETAIL,IN,2021-03-23,VERIFIED
CUS000994,SME,IN,2021-04-10,REJECTED
CUS000995,RETAIL,IN,2021-10-04,VERIFIED
CUS000996,SME,IN,2023-08-28,VERIFIED
CUS000997,RETAIL,IN,2024-11-02,VERIFIED
CUS000998,RETAIL,IN,2024-10-10,VERIFIED
CUS000999,RETAIL,IN,2021-09-01,VERIFIED
CUS001000,RETAIL,IN,2021-09-14,VERIFIED
CUS001001,SME,IN,2023-10-26,VERIFIED
CUS001002,RETAIL,SG,2022-03-16,VERIFIED
CUS001003,SME,AE,2023-04-06,VERIFIED
CUS001004,RETAIL,AE,2024-09-28,VERIFIED
CUS001005,RETAIL,IN,2022-07-01,VERIFIED
CUS001006,SME,IN,2024-09-07,VERIFIED
CUS001007,RETAIL,IN,2024-07-02,VERIFIED
CUS001008,RETAIL,SG,2023-03-06,VERIFIED
CUS001009,RETAIL,SG,2024-09-25,VERIFIED
CUS001010,RETAIL,AE,2023-09-11,VERIFIED
CUS001011,SME,AE,2022-02-12,VERIFIED
CUS001012,RETAIL,IN,2022-09-20,VERIFIED
CUS001013,RETAIL,SG,2024-10-16,VERIFIED
CUS001014,RETAIL,SG,2024-03-01,VERIFIED
CUS001015,RETAIL,IN,2021-03-12,VERIFIED
CUS001016,SME,AE,2021-04-29,REJECTED
CUS001017,SME,IN,2021-06-25,VERIFIED
CUS001018,RETAIL,AE,2023-01-16,PENDING
CUS001019,RETAIL,SG,2023-05-10,VERIFIED
CUS001020,RETAIL,IN,2022-02-15,PENDING
CUS001021,SME,SG,2021-05-03,VERIFIED
CUS001022,RETAIL,IN,2024-07-09,VERIFIED
CUS001023,RETAIL,SG,2021-07-28,VERIFIED
CUS001024,RETAIL,SG,2022-08-22,VERIFIED
CUS001025,SME,IN,2024-06-18,VERIFIED
CUS001026,RETAIL,AE,2021-09-08,VERIFIED
CUS001027,RETAIL,IN,2024-11-18,VERIFIED
CUS001028,SME,IN,2024-11-30,VERIFIED
CUS001029,SME,IN,2023-08-06,VERIFIED
CUS001030,RETAIL,IN,2022-12-08,VERIFIED
CUS001031,SME,IN,2023-05-14,REJECTED
CUS001032,RETAIL,IN,2024-01-22,VERIFIED
CUS001033,RETAIL,IN,2022-06-26,VERIFIED
CUS001034,RETAIL,IN,2023-03-04,VERIFIED
CUS001035,RETAIL,AE,2024-07-18,VERIFIED
CUS001036,RETAIL,IN,2021-11-16,VERIFIED
CUS001037,RETAIL,AE,2023-10-27,VERIFIED
CUS001038,RETAIL,IN,2022-05-11,VERIFIED
CUS001039,RETAIL,IN,2023-08-29,VERIFIED
CUS001040,RETAIL,IN,2022-02-10,VERIFIED
CUS001041,RETAIL,IN,2023-12-04,VERIFIED
CUS001042,RETAIL,IN,2024-03-11,VERIFIED
CUS001043,RETAIL,IN,2024-09-20,VERIFIED
CUS001044,RETAIL,IN,2021-10-24,VERIFIED
CUS001045,RETAIL,IN,2022-03-29,VERIFIED
CUS001046,RETAIL,IN,2022-08-26,VERIFIED
CUS001047,RETAIL,IN,2022-09-04,VERIFIED
CUS001048,RETAIL,SG,2024-09-26,PENDING
CUS001049,SME,IN,2023-06-05,VERIFIED
CUS001050,RETAIL,AE,2021-09-12,VERIFIED
CUS001051,RETAIL,SG,2023-11-23,PENDING
CUS001052,RETAIL,AE,2024-10-15,VERIFIED
CUS001053,SME,AE,2021-10-14,VERIFIED
CUS001054,RETAIL,IN,2024-11-22,VERIFIED
CUS001055,RETAIL,IN,2022-05-13,REJECTED
CUS001056,RETAIL,IN,2021-10-22,VERIFIED
CUS001057,RETAIL,SG,2022-02-23,VERIFIED
CUS001058,SME,IN,2024-12-14,VERIFIED
CUS001059,RETAIL,IN,2021-07-27,VERIFIED
CUS001060,RETAIL,AE,2024-08-31,VERIFIED
CUS001061,RETAIL,IN,2021-09-27,PENDING
CUS001062,RETAIL,IN,2024-12-09,VERIFIED
CUS001063,RETAIL,SG,2023-02-14,VERIFIED
CUS001064,RETAIL,IN,2021-08-18,PENDING
CUS001065,RETAIL,IN,2023-12-30,VERIFIED
CUS001066,SME,SG,2024-10-31,VERIFIED
CUS001067,RETAIL,IN,2024-08-30,VERIFIED
CUS001068,RETAIL,IN,2023-07-30,PENDING
CUS001069,RETAIL,IN,2023-08-16,PENDING
CUS001070,SME,SG,2024-03-04,VERIFIED
CUS001071,SME,IN,2023-04-02,VERIFIED
CUS001072,RETAIL,AE,2023-09-11,VERIFIED
CUS001073,RETAIL,AE,2022-09-28,VERIFIED
CUS001074,RETAIL,IN,2023-11-22,VERIFIED
CUS001075,RETAIL,IN,2023-10-19,VERIFIED
CUS001076,SME,IN,2021-08-07,VERIFIED
CUS001077,SME,SG,2021-12-30,VERIFIED
CUS001078,RETAIL,IN,2022-01-21,VERIFIED
CUS001079,SME,IN,2023-07-20,VERIFIED
CUS001080,RETAIL,IN,2021-08-11,PENDING
CUS001081,RETAIL,AE,2023-09-12,VERIFIED
CUS001082,SME,IN,2022-03-30,VERIFIED
CUS001083,RETAIL,AE,2022-02-15,VERIFIED
CUS001084,SME,IN,2023-09-27,VERIFIED
CUS001085,RETAIL,AE,2022-08-24,VERIFIED
CUS001086,RETAIL,IN,2024-04-16,PENDING
CUS001087,RETAIL,IN,2023-07-14,VERIFIED
CUS001088,SME,AE,2022-12-22,VERIFIED
CUS001089,RETAIL,AE,2022-06-14,VERIFIED
CUS001090,RETAIL,IN,2023-08-21,VERIFIED
CUS001091,RETAIL,IN,2022-04-11,VERIFIED
CUS001092,RETAIL,IN,2022-07-16,VERIFIED
CUS001093,RETAIL,IN,2021-09-10,VERIFIED
CUS001094,RETAIL,IN,2024-11-08,VERIFIED
CUS001095,RETAIL,AE,2023-01-14,VERIFIED
CUS001096,RETAIL,IN,2022-04-09,VERIFIED
CUS001097,RETAIL,SG,2023-05-21,VERIFIED
CUS001098,RETAIL,IN,2023-11-09,VERIFIED
CUS001099,SME,IN,2022-10-10,PENDING
CUS001100,SME,SG,2023-03-26,VERIFIED
CUS001101,RETAIL,IN,2023-05-11,VERIFIED
CUS001102,SME,SG,2021-04-02,VERIFIED
CUS001103,SME,IN,2023-05-21,VERIFIED
CUS001104,RETAIL,AE,2024-03-06,REJECTED
CUS001105,RETAIL,SG,2024-12-09,VERIFIED
CUS001106,RETAIL,AE,2024-07-21,VERIFIED
CUS001107,RETAIL,IN,2022-12-12,VERIFIED
CUS001108,RETAIL,IN,2024-03-14,VERIFIED
CUS001109,RETAIL,IN,2024-08-01,VERIFIED
CUS001110,RETAIL,IN,2023-08-28,VERIFIED
CUS001111,RETAIL,IN,2024-01-31,VERIFIED
CUS001112,RETAIL,IN,2022-12-13,VERIFIED
CUS001113,RETAIL,IN,2024-10-15,VERIFIED
CUS001114,RETAIL,IN,2021-03-31,VERIFIED
CUS001115,SME,IN,2021-07-06,VERIFIED
CUS001116,RETAIL,IN,2021-09-02,VERIFIED
CUS001117,RETAIL,IN,2024-05-06,VERIFIED
CUS001118,RETAIL,SG,2022-04-07,VERIFIED
CUS001119,RETAIL,IN,2024-12-13,PENDING
CUS001120,SME,IN,2022-03-30,PENDING
CUS001121,RETAIL,IN,2021-12-12,REJECTED
CUS001122,SME,SG,2023-12-01,VERIFIED
CUS001123,SME,IN,2023-03-24,VERIFIED
CUS001124,RETAIL,IN,2021-06-12,VERIFIED
CUS001125,RETAIL,AE,2024-03-30,VERIFIED
CUS001126,RETAIL,IN,2022-12-08,PENDING
CUS001127,RETAIL,AE,2023-11-03,VERIFIED
CUS001128,RETAIL,SG,2024-05-19,VERIFIED
CUS001129,RETAIL,IN,2022-05-23,VERIFIED
CUS001130,RETAIL,IN,2021-05-12,VERIFIED
CUS001131,RETAIL,SG,2022-11-02,VERIFIED
CUS001132,RETAIL,AE,2023-01-23,VERIFIED
CUS001133,RETAIL,IN,2022-12-16,VERIFIED
CUS001134,RETAIL,IN,2024-05-29,PENDING
CUS001135,RETAIL,IN,2024-03-26,VERIFIED
CUS001136,RETAIL,IN,2022-03-09,VERIFIED
CUS001137,RETAIL,SG,2022-10-04,VERIFIED
CUS001138,RETAIL,IN,2024-02-09,VERIFIED
CUS001139,RETAIL,SG,2024-12-05,VERIFIED
CUS001140,RETAIL,AE,2024-04-14,VERIFIED
CUS001141,RETAIL,SG,2023-01-25,VERIFIED
CUS001142,RETAIL,IN,2023-12-24,VERIFIED
CUS001143,RETAIL,SG,2022-03-15,VERIFIED
CUS001144,RETAIL,AE,2022-10-15,VERIFIED
CUS001145,RETAIL,AE,2024-06-09,REJECTED
CUS001146,RETAIL,IN,2023-11-19,VERIFIED
CUS001147,SME,IN,2024-11-13,VERIFIED
CUS001148,RETAIL,IN,2024-11-05,PENDING
CUS001149,RETAIL,AE,2022-02-13,VERIFIED
CUS001150,RETAIL,SG,2023-07-09,VERIFIED
CUS001151,RETAIL,IN,2021-08-16,VERIFIED
CUS001152,SME,IN,2024-02-08,VERIFIED
CUS001153,SME,IN,2023-10-09,VERIFIED
CUS001154,RETAIL,SG,2023-01-16,VERIFIED
CUS001155,SME,IN,2023-12-05,PENDING
CUS001156,RETAIL,IN,2023-03-30,VERIFIED
CUS001157,RETAIL,AE,2024-07-14,VERIFIED
CUS001158,RETAIL,SG,2024-09-14,VERIFIED
CUS001159,RETAIL,IN,2021-09-14,VERIFIED
CUS001160,RETAIL,IN,2024-01-24,VERIFIED
CUS001161,RETAIL,AE,2024-08-12,VERIFIED
CUS001162,RETAIL,SG,2023-12-04,VERIFIED
CUS001163,SME,IN,2023-05-25,VERIFIED
CUS001164,RETAIL,IN,2023-02-23,VERIFIED
CUS001165,RETAIL,IN,2022-01-25,VERIFIED
CUS001166,SME,IN,2021-11-07,VERIFIED
CUS001167,RETAIL,SG,2023-11-20,VERIFIED
CUS001168,RETAIL,IN,2024-03-01,VERIFIED
CUS001169,RETAIL,IN,2024-07-12,VERIFIED
CUS001170,RETAIL,SG,2024-05-25,VERIFIED
CUS001171,RETAIL,AE,2024-11-23,VERIFIED
CUS001172,RETAIL,SG,2024-12-31,VERIFIED
CUS001173,RETAIL,IN,2023-05-27,VERIFIED
CUS001174,RETAIL,IN,2022-09-05,VERIFIED
CUS001175,SME,IN,2021-11-12,VERIFIED
CUS001176,SME,IN,2023-10-04,VERIFIED
CUS001177,RETAIL,IN,2023-11-24,VERIFIED
CUS001178,SME,IN,2022-06-08,VERIFIED
CUS001179,SME,IN,2022-07-25,VERIFIED
CUS001180,SME,AE,2022-05-11,REJECTED
CUS001181,RETAIL,AE,2024-05-08,VERIFIED
CUS001182,RETAIL,IN,2024-10-31,VERIFIED
CUS001183,RETAIL,IN,2022-12-01,VERIFIED
CUS001184,SME,IN,2023-05-27,VERIFIED
CUS001185,RETAIL,IN,2024-01-06,VERIFIED
CUS001186,SME,IN,2021-04-17,VERIFIED
CUS001187,RETAIL,IN,2024-05-24,VERIFIED
CUS001188,RETAIL,SG,2023-12-13,VERIFIED
CUS001189,RETAIL,IN,2022-02-17,VERIFIED
CUS001190,SME,AE,2022-12-22,VERIFIED
CUS001191,RETAIL,IN,2024-02-13,VERIFIED
CUS001192,RETAIL,IN,2022-12-11,VERIFIED
CUS001193,SME,IN,2023-05-26,VERIFIED
CUS001194,RETAIL,IN,2024-01-03,VERIFIED
CUS001195,RETAIL,IN,2022-06-07,VERIFIED
CUS001196,RETAIL,AE,2022-01-07,VERIFIED
CUS001197,SME,IN,2024-09-28,VERIFIED
CUS001198,RETAIL,IN,2024-12-27,VERIFIED
CUS001199,RETAIL,IN,2021-07-17,VERIFIED
CUS001200,RETAIL,IN,2024-02-19,VERIFIED
CUS001201,RETAIL,IN,2024-09-03,VERIFIED
CUS001202,RETAIL,IN,2022-09-25,VERIFIED
CUS001203,RETAIL,SG,2023-10-08,VERIFIED
CUS001204,SME,IN,2021-06-27,VERIFIED
CUS001205,RETAIL,IN,2021-04-28,VERIFIED
CUS001206,SME,SG,2024-12-19,REJECTED
CUS001207,SME,AE,2024-04-08,VERIFIED
CUS001208,RETAIL,IN,2022-09-13,VERIFIED
CUS001209,RETAIL,IN,2023-09-19,VERIFIED
CUS001210,RETAIL,IN,2024-12-28,VERIFIED
CUS001211,RETAIL,IN,2023-03-26,VERIFIED
CUS001212,RETAIL,IN,2022-08-14,VERIFIED
CUS001213,RETAIL,SG,2021-03-18,VERIFIED
CUS001214,RETAIL,IN,2023-06-05,VERIFIED
CUS001215,RETAIL,SG,2021-12-23,VERIFIED
CUS001216,RETAIL,IN,2023-05-04,VERIFIED
CUS001217,RETAIL,AE,2022-06-06,REJECTED
CUS001218,RETAIL,AE,2021-04-18,VERIFIED
CUS001219,RETAIL,IN,2021-11-21,VERIFIED
CUS001220,RETAIL,IN,2022-05-22,VERIFIED
CUS001221,RETAIL,IN,2021-10-31,VERIFIED
CUS001222,RETAIL,AE,2024-04-02,VERIFIED
CUS001223,RETAIL,IN,2021-12-14,VERIFIED
CUS001224,RETAIL,IN,2021-03-07,VERIFIED
CUS001225,RETAIL,IN,2021-04-10,VERIFIED
CUS001226,SME,SG,2024-01-08,VERIFIED
CUS001227,RETAIL,IN,2023-05-14,VERIFIED
CUS001228,RETAIL,IN,2022-05-17,VERIFIED
CUS001229,RETAIL,AE,2024-09-20,VERIFIED
CUS001230,SME,IN,2022-05-25,PENDING
CUS001231,SME,AE,2023-12-13,VERIFIED
CUS001232,RETAIL,IN,2021-09-30,VERIFIED
CUS001233,RETAIL,IN,2022-08-26,VERIFIED
CUS001234,RETAIL,AE,2023-06-23,VERIFIED
CUS001235,RETAIL,SG,2024-10-23,VERIFIED
CUS001236,RETAIL,SG,2022-05-03,VERIFIED
CUS001237,SME,IN,2022-12-13,VERIFIED
CUS001238,RETAIL,IN,2022-08-09,VERIFIED
CUS001239,RETAIL,IN,2024-12-08,VERIFIED
CUS001240,RETAIL,IN,2023-05-02,VERIFIED
CUS001241,RETAIL,IN,2022-02-08,VERIFIED
CUS001242,RETAIL,IN,2021-06-29,VERIFIED
CUS001243,RETAIL,IN,2023-08-29,VERIFIED
CUS001244,RETAIL,IN,2024-01-15,VERIFIED
CUS001245,RETAIL,IN,2022-04-19,VERIFIED
CUS001246,RETAIL,IN,2024-02-23,VERIFIED
CUS001247,SME,AE,2021-08-07,VERIFIED
CUS001248,SME,IN,2022-08-03,VERIFIED
CUS001249,RETAIL,IN,2021-06-16,PENDING
CUS001250,RETAIL,SG,2024-04-10,VERIFIED
CUS001251,SME,AE,2024-09-06,VERIFIED
CUS001252,RETAIL,IN,2021-10-28,VERIFIED
CUS001253,SME,IN,2023-11-24,VERIFIED
CUS001254,SME,IN,2023-09-14,VERIFIED
CUS001255,RETAIL,IN,2023-12-23,VERIFIED
CUS001256,RETAIL,SG,2023-05-23,VERIFIED
CUS001257,RETAIL,AE,2021-07-23,VERIFIED
CUS001258,RETAIL,IN,2022-05-22,VERIFIED
CUS001259,RETAIL,SG,2024-09-23,VERIFIED
CUS001260,SME,IN,2021-08-11,VERIFIED
CUS001261,RETAIL,IN,2023-04-25,VERIFIED
CUS001262,RETAIL,SG,2022-05-12,VERIFIED
CUS001263,RETAIL,IN,2023-08-09,VERIFIED
CUS001264,RETAIL,IN,2024-08-23,PENDING
CUS001265,RETAIL,IN,2023-05-25,VERIFIED
CUS001266,SME,AE,2023-09-16,VERIFIED
CUS001267,RETAIL,IN,2024-12-07,VERIFIED
CUS001268,SME,IN,2022-02-16,VERIFIED
CUS001269,SME,IN,2021-09-13,VERIFIED
CUS001270,RETAIL,IN,2021-07-11,VERIFIED
CUS001271,SME,IN,2024-01-26,VERIFIED
CUS001272,RETAIL,SG,2022-07-29,VERIFIED
CUS001273,RETAIL,SG,2022-12-19,VERIFIED
CUS001274,RETAIL,AE,2022-09-20,VERIFIED
CUS001275,RETAIL,SG,2021-12-11,VERIFIED
CUS001276,RETAIL,IN,2023-07-21,VERIFIED
CUS001277,RETAIL,IN,2023-12-14,VERIFIED
CUS001278,RETAIL,IN,2023-03-04,VERIFIED
CUS001279,SME,IN,2022-06-15,VERIFIED
CUS001280,RETAIL,AE,2023-05-07,VERIFIED
CUS001281,RETAIL,SG,2023-11-04,VERIFIED
CUS001282,SME,AE,2024-10-16,VERIFIED
CUS001283,RETAIL,IN,2022-10-22,VERIFIED
CUS001284,RETAIL,IN,2024-12-02,VERIFIED
CUS001285,RETAIL,IN,2023-03-15,VERIFIED
CUS001286,RETAIL,IN,2022-08-21,VERIFIED
CUS001287,RETAIL,IN,2023-03-28,PENDING
CUS001288,SME,IN,2023-01-19,VERIFIED
CUS001289,RETAIL,IN,2023-12-10,VERIFIED
CUS001290,RETAIL,AE,2024-01-25,VERIFIED
CUS001291,RETAIL,IN,2021-10-07,VERIFIED
CUS001292,RETAIL,IN,2021-08-01,PENDING
CUS001293,RETAIL,SG,2024-05-22,VERIFIED
CUS001294,RETAIL,IN,2024-03-18,VERIFIED
CUS001295,SME,AE,2023-08-20,VERIFIED
CUS001296,SME,SG,2022-04-27,VERIFIED
CUS001297,RETAIL,IN,2024-10-07,VERIFIED
CUS001298,RETAIL,SG,2021-12-25,VERIFIED
CUS001299,RETAIL,SG,2024-12-23,VERIFIED
CUS001300,RETAIL,SG,2021-10-13,VERIFIED
CUS001301,RETAIL,SG,2024-11-05,VERIFIED
CUS001302,RETAIL,SG,2021-10-14,VERIFIED
CUS001303,RETAIL,IN,2021-05-21,VERIFIED
CUS001304,RETAIL,IN,2021-12-17,VERIFIED
CUS001305,RETAIL,SG,2021-03-26,VERIFIED
CUS001306,SME,AE,2023-04-02,VERIFIED
CUS001307,RETAIL,IN,2022-07-18,VERIFIED
CUS001308,RETAIL,SG,2022-08-12,PENDING
CUS001309,RETAIL,IN,2024-12-16,VERIFIED
CUS001310,SME,SG,2021-09-19,VERIFIED
CUS001311,RETAIL,AE,2022-04-20,VERIFIED
CUS001312,RETAIL,IN,2023-05-24,VERIFIED
CUS001313,RETAIL,IN,2024-03-07,VERIFIED
CUS001314,RETAIL,IN,2022-06-07,VERIFIED
CUS001315,SME,IN,2021-03-29,VERIFIED
CUS001316,RETAIL,IN,2024-05-23,VERIFIED
CUS001317,RETAIL,IN,2021-06-23,VERIFIED
CUS001318,RETAIL,IN,2022-11-03,VERIFIED
CUS001319,RETAIL,IN,2021-12-24,VERIFIED
CUS001320,RETAIL,IN,2024-06-18,VERIFIED
CUS001321,RETAIL,SG,2024-08-08,VERIFIED
CUS001322,RETAIL,SG,2022-06-22,PENDING
CUS001323,SME,SG,2023-12-02,VERIFIED
CUS001324,RETAIL,SG,2023-07-24,VERIFIED
CUS001325,RETAIL,SG,2022-08-14,PENDING
CUS001326,SME,IN,2024-02-18,VERIFIED
CUS001327,RETAIL,IN,2023-09-11,VERIFIED
CUS001328,RETAIL,IN,2023-08-15,VERIFIED
CUS001329,RETAIL,IN,2023-08-27,VERIFIED
CUS001330,RETAIL,IN,2022-04-26,VERIFIED
CUS001331,SME,AE,2024-06-03,VERIFIED
CUS001332,RETAIL,SG,2021-07-10,VERIFIED
CUS001333,SME,IN,2022-04-05,VERIFIED
CUS001334,RETAIL,IN,2024-12-17,VERIFIED
CUS001335,RETAIL,IN,2022-11-02,VERIFIED
CUS001336,RETAIL,SG,2024-05-12,VERIFIED
CUS001337,RETAIL,SG,2024-06-02,VERIFIED
CUS001338,RETAIL,IN,2022-04-19,VERIFIED
CUS001339,SME,IN,2024-01-19,PENDING
CUS001340,RETAIL,IN,2022-10-28,VERIFIED
CUS001341,SME,IN,2023-12-01,VERIFIED
CUS001342,RETAIL,AE,2023-10-13,PENDING
CUS001343,RETAIL,SG,2022-06-07,VERIFIED
CUS001344,RETAIL,IN,2022-07-04,VERIFIED
CUS001345,RETAIL,IN,2024-12-02,VERIFIED
CUS001346,RETAIL,IN,2021-09-05,VERIFIED
CUS001347,RETAIL,IN,2022-10-03,VERIFIED
CUS001348,RETAIL,IN,2024-01-06,VERIFIED
CUS001349,RETAIL,IN,2024-07-28,VERIFIED
CUS001350,RETAIL,AE,2023-02-22,VERIFIED
CUS001351,RETAIL,IN,2022-05-03,VERIFIED
CUS001352,RETAIL,IN,2024-12-03,VERIFIED
CUS001353,RETAIL,IN,2023-11-23,VERIFIED
CUS001354,RETAIL,IN,2021-05-18,VERIFIED
CUS001355,SME,SG,2024-08-14,VERIFIED
CUS001356,RETAIL,IN,2021-12-06,VERIFIED
CUS001357,RETAIL,SG,2024-02-03,VERIFIED
CUS001358,RETAIL,SG,2023-01-25,VERIFIED
CUS001359,RETAIL,IN,2022-01-29,VERIFIED
CUS001360,RETAIL,IN,2021-03-15,VERIFIED
CUS001361,RETAIL,AE,2022-09-10,VERIFIED
CUS001362,RETAIL,IN,2024-02-28,VERIFIED
CUS001363,RETAIL,IN,2024-09-09,VERIFIED
CUS001364,RETAIL,AE,2022-02-25,PENDING
CUS001365,RETAIL,AE,2022-10-15,VERIFIED
CUS001366,RETAIL,IN,2022-01-20,VERIFIED
CUS001367,SME,IN,2021-03-21,PENDING
CUS001368,SME,IN,2021-10-26,VERIFIED
CUS001369,RETAIL,SG,2023-01-30,VERIFIED
CUS001370,RETAIL,IN,2022-05-18,VERIFIED
CUS001371,RETAIL,IN,2022-08-10,VERIFIED
CUS001372,SME,SG,2024-04-10,VERIFIED
CUS001373,RETAIL,AE,2023-10-27,VERIFIED
CUS001374,RETAIL,SG,2024-08-27,VERIFIED
CUS001375,RETAIL,IN,2023-08-05,PENDING
CUS001376,RETAIL,IN,2024-04-24,VERIFIED
CUS001377,RETAIL,AE,2021-07-26,VERIFIED
CUS001378,RETAIL,AE,2021-09-18,VERIFIED
CUS001379,SME,IN,2022-03-20,VERIFIED
CUS001380,RETAIL,SG,2023-06-19,VERIFIED
CUS001381,SME,IN,2024-12-22,VERIFIED
CUS001382,RETAIL,IN,2022-11-29,VERIFIED
CUS001383,RETAIL,IN,2024-11-28,VERIFIED
CUS001384,RETAIL,IN,2024-11-27,VERIFIED
CUS001385,RETAIL,IN,2024-05-30,VERIFIED
CUS001386,RETAIL,AE,2023-02-14,VERIFIED
CUS001387,RETAIL,IN,2022-02-18,VERIFIED
CUS001388,RETAIL,IN,2023-06-09,VERIFIED
CUS001389,RETAIL,IN,2022-01-12,VERIFIED
CUS001390,SME,IN,2022-12-15,VERIFIED
CUS001391,RETAIL,IN,2021-07-30,VERIFIED
CUS001392,RETAIL,IN,2023-07-26,VERIFIED
CUS001393,RETAIL,IN,2023-11-08,VERIFIED
CUS001394,RETAIL,SG,2024-09-18,VERIFIED
CUS001395,SME,AE,2024-03-01,VERIFIED
CUS001396,RETAIL,IN,2024-11-01,VERIFIED
CUS001397,SME,AE,2024-05-03,PENDING
CUS001398,SME,AE,2021-05-13,VERIFIED
CUS001399,RETAIL,SG,2022-12-01,VERIFIED
CUS001400,RETAIL,SG,2022-09-09,VERIFIED
CUS001401,RETAIL,SG,2023-07-13,VERIFIED
CUS001402,RETAIL,SG,2022-07-16,VERIFIED
CUS001403,RETAIL,SG,2022-11-06,VERIFIED
CUS001404,RETAIL,IN,2021-06-30,VERIFIED
CUS001405,RETAIL,AE,2021-12-15,VERIFIED
CUS001406,RETAIL,IN,2022-11-22,VERIFIED
CUS001407,RETAIL,SG,2022-01-03,VERIFIED
CUS001408,RETAIL,IN,2022-08-24,VERIFIED
CUS001409,RETAIL,IN,2021-03-11,VERIFIED
CUS001410,RETAIL,IN,2022-12-31,PENDING
CUS001411,SME,IN,2021-09-28,VERIFIED
CUS001412,RETAIL,IN,2024-04-30,VERIFIED
CUS001413,RETAIL,IN,2024-05-11,VERIFIED
CUS001414,RETAIL,IN,2023-10-23,VERIFIED
CUS001415,RETAIL,IN,2021-11-06,VERIFIED
CUS001416,RETAIL,IN,2021-08-12,VERIFIED
CUS001417,RETAIL,AE,2023-06-20,VERIFIED
CUS001418,SME,IN,2023-04-21,VERIFIED
CUS001419,RETAIL,IN,2023-02-17,VERIFIED
CUS001420,RETAIL,IN,2024-03-22,VERIFIED
CUS001421,RETAIL,IN,2022-12-12,VERIFIED
CUS001422,RETAIL,IN,2021-10-30,VERIFIED
CUS001423,RETAIL,SG,2022-02-15,VERIFIED
CUS001424,RETAIL,AE,2024-09-01,VERIFIED
CUS001425,RETAIL,IN,2023-08-25,VERIFIED
CUS001426,RETAIL,SG,2022-07-21,VERIFIED
CUS001427,SME,IN,2022-09-24,VERIFIED
CUS001428,SME,IN,2022-04-27,VERIFIED
CUS001429,RETAIL,IN,2022-02-20,VERIFIED
CUS001430,RETAIL,IN,2023-11-03,VERIFIED
CUS001431,RETAIL,IN,2023-03-16,VERIFIED
CUS001432,SME,SG,2024-05-13,VERIFIED
CUS001433,SME,SG,2022-04-04,VERIFIED
CUS001434,RETAIL,IN,2023-04-15,VERIFIED
CUS001435,RETAIL,IN,2023-09-01,VERIFIED
CUS001436,RETAIL,IN,2022-02-09,VERIFIED
CUS001437,RETAIL,IN,2021-05-30,VERIFIED
CUS001438,RETAIL,IN,2021-08-09,VERIFIED
CUS001439,RETAIL,SG,2024-06-27,VERIFIED
CUS001440,RETAIL,AE,2021-11-17,VERIFIED
CUS001441,RETAIL,IN,2022-10-31,VERIFIED
CUS001442,RETAIL,IN,2024-08-01,VERIFIED
CUS001443,RETAIL,SG,2023-07-09,PENDING
CUS001444,SME,SG,2024-02-25,VERIFIED
CUS001445,RETAIL,IN,2024-01-06,VERIFIED
CUS001446,RETAIL,IN,2022-08-22,VERIFIED
CUS001447,SME,SG,2023-06-16,VERIFIED
CUS001448,RETAIL,AE,2022-04-14,VERIFIED
CUS001449,RETAIL,IN,2021-11-30,VERIFIED
CUS001450,RETAIL,AE,2024-12-20,VERIFIED
CUS001451,RETAIL,IN,2021-11-04,VERIFIED
CUS001452,SME,AE,2024-06-16,VERIFIED
CUS001453,RETAIL,IN,2024-12-24,VERIFIED
CUS001454,RETAIL,IN,2024-08-23,VERIFIED
CUS001455,RETAIL,IN,2024-10-22,VERIFIED
CUS001456,SME,IN,2023-09-12,VERIFIED
CUS001457,SME,IN,2021-10-14,PENDING
CUS001458,RETAIL,IN,2022-05-24,VERIFIED
CUS001459,RETAIL,IN,2023-04-24,VERIFIED
CUS001460,RETAIL,IN,2021-05-22,VERIFIED
CUS001461,RETAIL,SG,2023-02-19,VERIFIED
CUS001462,RETAIL,AE,2024-08-29,VERIFIED
CUS001463,RETAIL,SG,2024-12-05,PENDING
CUS001464,RETAIL,IN,2023-01-24,VERIFIED
CUS001465,SME,IN,2024-02-22,VERIFIED
CUS001466,RETAIL,AE,2023-07-30,VERIFIED
CUS001467,RETAIL,IN,2023-10-26,VERIFIED
CUS001468,SME,IN,2023-06-24,VERIFIED
CUS001469,RETAIL,AE,2021-04-25,VERIFIED
CUS001470,RETAIL,AE,2024-09-28,VERIFIED
CUS001471,RETAIL,IN,2024-08-02,VERIFIED
CUS001472,RETAIL,SG,2023-11-25,VERIFIED
CUS001473,RETAIL,IN,2022-02-27,VERIFIED
CUS001474,RETAIL,SG,2024-01-14,VERIFIED
CUS001475,RETAIL,IN,2024-01-19,VERIFIED
CUS001476,RETAIL,IN,2022-04-02,VERIFIED
CUS001477,SME,IN,2022-09-12,VERIFIED
CUS001478,RETAIL,IN,2022-07-18,VERIFIED
CUS001479,RETAIL,SG,2022-06-23,VERIFIED
CUS001480,RETAIL,IN,2022-07-26,VERIFIED
CUS001481,RETAIL,AE,2022-11-16,VERIFIED
CUS001482,RETAIL,SG,2023-01-06,VERIFIED
CUS001483,RETAIL,IN,2022-01-24,VERIFIED
CUS001484,RETAIL,SG,2023-09-11,VERIFIED
CUS001485,RETAIL,IN,2023-10-09,VERIFIED
CUS001486,RETAIL,IN,2024-01-26,VERIFIED
CUS001487,SME,IN,2021-10-27,VERIFIED
CUS001488,RETAIL,AE,2024-12-17,VERIFIED
CUS001489,SME,SG,2024-03-15,VERIFIED
CUS001490,RETAIL,AE,2024-06-08,VERIFIED
CUS001491,RETAIL,AE,2023-07-28,VERIFIED
CUS001492,RETAIL,AE,2024-02-29,VERIFIED
CUS001493,SME,IN,2023-01-25,VERIFIED
CUS001494,RETAIL,AE,2021-04-07,VERIFIED
CUS001495,SME,IN,2023-05-14,VERIFIED
CUS001496,RETAIL,IN,2021-04-14,VERIFIED
CUS001497,RETAIL,IN,2023-10-27,VERIFIED
CUS001498,SME,IN,2022-01-23,VERIFIED
CUS001499,SME,IN,2024-06-22,VERIFIED
CUS001500,SME,IN,2022-08-31,VERIFIED
CUS001501,RETAIL,IN,2022-02-14,VERIFIED
CUS001502,SME,IN,2022-06-10,VERIFIED
CUS001503,RETAIL,AE,2021-05-30,VERIFIED
CUS001504,SME,SG,2022-09-14,VERIFIED
CUS001505,SME,IN,2022-10-04,VERIFIED
CUS001506,RETAIL,IN,2022-07-11,VERIFIED
CUS001507,RETAIL,IN,2023-08-25,VERIFIED
CUS001508,RETAIL,IN,2024-03-01,VERIFIED
CUS001509,SME,SG,2021-07-14,VERIFIED
CUS001510,SME,IN,2021-04-05,VERIFIED
CUS001511,RETAIL,SG,2021-06-08,VERIFIED
CUS001512,SME,SG,2022-02-07,VERIFIED
CUS001513,RETAIL,IN,2024-02-24,VERIFIED
CUS001514,SME,AE,2024-02-09,VERIFIED
CUS001515,RETAIL,IN,2023-10-26,VERIFIED
CUS001516,RETAIL,AE,2023-01-13,VERIFIED
CUS001517,RETAIL,SG,2024-02-06,VERIFIED
CUS001518,RETAIL,SG,2021-12-24,VERIFIED
CUS001519,RETAIL,SG,2024-09-05,VERIFIED
CUS001520,SME,AE,2021-07-06,VERIFIED
CUS001521,RETAIL,AE,2023-04-09,VERIFIED
CUS001522,RETAIL,IN,2023-07-14,VERIFIED
CUS001523,RETAIL,SG,2023-04-12,VERIFIED
CUS001524,SME,SG,2023-02-24,VERIFIED
CUS001525,RETAIL,IN,2022-11-21,VERIFIED
CUS001526,RETAIL,AE,2023-10-26,VERIFIED
CUS001527,RETAIL,IN,2023-11-03,VERIFIED
CUS001528,RETAIL,IN,2023-07-24,VERIFIED
CUS001529,RETAIL,IN,2024-05-28,VERIFIED
CUS001530,RETAIL,IN,2024-02-18,VERIFIED
CUS001531,RETAIL,AE,2023-05-26,PENDING
CUS001532,RETAIL,IN,2024-11-21,PENDING
CUS001533,RETAIL,IN,2023-05-25,VERIFIED
CUS001534,RETAIL,IN,2023-05-30,VERIFIED
CUS001535,RETAIL,IN,2024-12-29,VERIFIED
CUS001536,RETAIL,SG,2023-03-15,VERIFIED
CUS001537,RETAIL,AE,2022-06-20,VERIFIED
CUS001538,RETAIL,IN,2022-01-06,VERIFIED
CUS001539,RETAIL,IN,2023-07-09,PENDING
CUS001540,RETAIL,IN,2023-01-01,VERIFIED
CUS001541,RETAIL,IN,2024-09-14,VERIFIED
CUS001542,RETAIL,IN,2023-10-03,VERIFIED
CUS001543,RETAIL,IN,2022-06-17,VERIFIED
CUS001544,RETAIL,IN,2023-03-25,VERIFIED
CUS001545,RETAIL,IN,2021-05-07,VERIFIED
CUS001546,RETAIL,IN,2021-12-14,VERIFIED
CUS001547,SME,IN,2021-07-12,VERIFIED
CUS001548,RETAIL,SG,2023-02-28,VERIFIED
CUS001549,RETAIL,SG,2024-09-16,VERIFIED
CUS001550,RETAIL,IN,2022-11-16,VERIFIED
CUS001551,SME,SG,2021-05-18,VERIFIED
CUS001552,RETAIL,AE,2024-05-04,VERIFIED
CUS001553,RETAIL,IN,2021-04-28,PENDING
CUS001554,SME,IN,2024-12-22,VERIFIED
CUS001555,RETAIL,IN,2022-08-26,VERIFIED
CUS001556,RETAIL,SG,2021-06-10,VERIFIED
CUS001557,RETAIL,IN,2024-03-12,VERIFIED
CUS001558,RETAIL,SG,2023-12-23,VERIFIED
CUS001559,SME,IN,2021-11-28,VERIFIED
CUS001560,RETAIL,IN,2023-09-03,VERIFIED
CUS001561,RETAIL,AE,2022-06-29,VERIFIED
CUS001562,RETAIL,IN,2024-07-25,VERIFIED
CUS001563,SME,AE,2022-06-06,VERIFIED
CUS001564,RETAIL,AE,2023-01-14,VERIFIED
CUS001565,RETAIL,AE,2023-01-31,VERIFIED
CUS001566,SME,IN,2022-03-07,VERIFIED
CUS001567,RETAIL,SG,2023-04-16,VERIFIED
CUS001568,SME,IN,2022-05-17,VERIFIED
CUS001569,RETAIL,IN,2023-05-16,VERIFIED
CUS001570,RETAIL,AE,2021-09-22,VERIFIED
CUS001571,RETAIL,SG,2022-11-15,VERIFIED
CUS001572,SME,IN,2023-11-27,VERIFIED
CUS001573,RETAIL,IN,2021-08-20,VERIFIED
CUS001574,RETAIL,SG,2023-10-19,VERIFIED
CUS001575,SME,SG,2021-05-23,VERIFIED
CUS001576,RETAIL,IN,2021-04-21,VERIFIED
CUS001577,RETAIL,AE,2022-11-12,VERIFIED
CUS001578,RETAIL,IN,2023-04-03,VERIFIED
CUS001579,SME,IN,2023-12-26,VERIFIED
CUS001580,RETAIL,SG,2021-10-21,VERIFIED
CUS001581,SME,AE,2023-12-22,VERIFIED
CUS001582,RETAIL,IN,2022-08-29,VERIFIED
CUS001583,SME,IN,2021-12-03,VERIFIED
CUS001584,RETAIL,IN,2024-04-23,PENDING
CUS001585,RETAIL,AE,2024-05-05,VERIFIED
CUS001586,RETAIL,IN,2021-05-02,VERIFIED
CUS001587,RETAIL,IN,2021-03-21,REJECTED
CUS001588,RETAIL,AE,2023-10-05,VERIFIED
CUS001589,RETAIL,IN,2024-02-11,VERIFIED
CUS001590,RETAIL,IN,2022-07-18,VERIFIED
CUS001591,RETAIL,IN,2022-10-08,VERIFIED
CUS001592,RETAIL,SG,2024-01-11,VERIFIED
CUS001593,RETAIL,IN,2024-03-06,VERIFIED
CUS001594,RETAIL,IN,2022-10-19,VERIFIED
CUS001595,RETAIL,IN,2023-12-14,VERIFIED
CUS001596,RETAIL,SG,2022-12-06,VERIFIED
CUS001597,RETAIL,SG,2022-05-15,VERIFIED
CUS001598,SME,IN,2024-01-02,PENDING
CUS001599,SME,IN,2022-10-24,VERIFIED
CUS001600,RETAIL,AE,2021-03-19,VERIFIED
CUS001601,RETAIL,IN,2022-12-11,VERIFIED
CUS001602,RETAIL,IN,2024-06-19,VERIFIED
CUS001603,RETAIL,IN,2022-03-10,VERIFIED
CUS001604,RETAIL,IN,2023-04-22,VERIFIED
CUS001605,SME,IN,2022-04-04,VERIFIED
CUS001606,SME,IN,2024-11-19,REJECTED
CUS001607,RETAIL,IN,2022-04-11,VERIFIED
CUS001608,RETAIL,IN,2022-05-22,PENDING
CUS001609,RETAIL,SG,2024-12-27,VERIFIED
CUS001610,RETAIL,IN,2023-03-27,VERIFIED
CUS001611,RETAIL,IN,2023-03-16,VERIFIED
CUS001612,RETAIL,AE,2022-11-09,VERIFIED
CUS001613,RETAIL,IN,2022-08-23,VERIFIED
CUS001614,SME,SG,2022-04-30,VERIFIED
CUS001615,RETAIL,IN,2021-07-03,VERIFIED
CUS001616,RETAIL,SG,2022-01-28,VERIFIED
CUS001617,SME,IN,2023-10-25,VERIFIED
CUS001618,RETAIL,IN,2021-04-20,VERIFIED
CUS001619,RETAIL,IN,2023-03-04,VERIFIED
CUS001620,RETAIL,IN,2021-09-10,VERIFIED
CUS001621,RETAIL,IN,2023-02-22,VERIFIED
CUS001622,RETAIL,SG,2023-10-06,VERIFIED
CUS001623,SME,AE,2022-03-27,VERIFIED
CUS001624,RETAIL,IN,2022-03-20,VERIFIED
CUS001625,RETAIL,AE,2024-07-17,VERIFIED
CUS001626,RETAIL,SG,2024-09-17,VERIFIED
CUS001627,RETAIL,AE,2022-02-05,VERIFIED
CUS001628,SME,SG,2024-06-25,VERIFIED
CUS001629,RETAIL,SG,2023-03-31,VERIFIED
CUS001630,RETAIL,IN,2023-03-30,VERIFIED
CUS001631,RETAIL,SG,2023-04-27,VERIFIED
CUS001632,RETAIL,AE,2023-03-30,VERIFIED
CUS001633,SME,IN,2021-05-12,VERIFIED
CUS001634,RETAIL,IN,2023-01-24,VERIFIED
CUS001635,RETAIL,IN,2021-09-05,VERIFIED
CUS001636,RETAIL,AE,2023-03-08,VERIFIED
CUS001637,RETAIL,IN,2023-03-13,VERIFIED
CUS001638,RETAIL,SG,2022-07-19,VERIFIED
CUS001639,RETAIL,AE,2024-02-09,VERIFIED
CUS001640,RETAIL,AE,2021-05-06,VERIFIED
CUS001641,SME,IN,2021-06-07,VERIFIED
CUS001642,RETAIL,SG,2024-05-05,VERIFIED
CUS001643,RETAIL,AE,2024-06-10,VERIFIED
CUS001644,RETAIL,IN,2023-08-20,VERIFIED
CUS001645,SME,SG,2024-04-10,VERIFIED
CUS001646,RETAIL,IN,2024-09-20,VERIFIED
CUS001647,RETAIL,SG,2021-11-27,REJECTED
CUS001648,RETAIL,IN,2024-03-28,VERIFIED
CUS001649,RETAIL,IN,2023-08-05,VERIFIED
CUS001650,RETAIL,IN,2021-03-21,VERIFIED
CUS001651,RETAIL,IN,2023-06-23,VERIFIED
CUS001652,SME,IN,2024-11-07,VERIFIED
CUS001653,RETAIL,SG,2024-01-27,VERIFIED
CUS001654,SME,IN,2024-03-08,VERIFIED
CUS001655,RETAIL,IN,2022-11-15,VERIFIED
CUS001656,RETAIL,SG,2023-05-15,VERIFIED
CUS001657,RETAIL,SG,2024-09-16,VERIFIED
CUS001658,RETAIL,IN,2023-11-19,VERIFIED
CUS001659,SME,AE,2023-03-18,VERIFIED
CUS001660,RETAIL,IN,2022-11-30,VERIFIED
CUS001661,SME,AE,2023-05-28,VERIFIED
CUS001662,RETAIL,IN,2021-03-17,VERIFIED
CUS001663,RETAIL,SG,2023-02-14,VERIFIED
CUS001664,RETAIL,AE,2022-04-22,VERIFIED
CUS001665,RETAIL,AE,2022-10-24,VERIFIED
CUS001666,RETAIL,IN,2023-06-13,VERIFIED
CUS001667,SME,SG,2024-11-23,VERIFIED
CUS001668,RETAIL,IN,2022-05-21,VERIFIED
CUS001669,RETAIL,SG,2021-09-16,VERIFIED
CUS001670,RETAIL,SG,2021-08-29,VERIFIED
CUS001671,RETAIL,AE,2021-12-18,VERIFIED
CUS001672,SME,IN,2024-02-16,VERIFIED
CUS001673,RETAIL,IN,2023-04-10,VERIFIED
CUS001674,RETAIL,IN,2022-04-04,VERIFIED
CUS001675,RETAIL,IN,2022-03-14,VERIFIED
CUS001676,SME,IN,2022-08-26,VERIFIED
CUS001677,RETAIL,IN,2024-10-25,VERIFIED
CUS001678,SME,SG,2022-03-11,VERIFIED
CUS001679,RETAIL,IN,2022-11-02,VERIFIED
CUS001680,SME,IN,2024-09-06,VERIFIED
CUS001681,SME,IN,2022-12-09,VERIFIED
CUS001682,SME,AE,2022-03-12,VERIFIED
CUS001683,RETAIL,SG,2021-06-02,VERIFIED
CUS001684,RETAIL,IN,2021-12-25,VERIFIED
CUS001685,SME,IN,2024-01-01,VERIFIED
CUS001686,RETAIL,IN,2022-05-15,VERIFIED
CUS001687,RETAIL,IN,2022-06-01,VERIFIED
CUS001688,RETAIL,IN,2024-03-31,VERIFIED
CUS001689,RETAIL,IN,2021-10-28,VERIFIED
CUS001690,RETAIL,AE,2024-05-21,VERIFIED
CUS001691,RETAIL,IN,2022-02-16,VERIFIED
CUS001692,RETAIL,SG,2022-03-05,VERIFIED
CUS001693,RETAIL,IN,2021-04-27,VERIFIED
CUS001694,SME,AE,2022-07-10,VERIFIED
CUS001695,RETAIL,AE,2024-09-23,VERIFIED
CUS001696,SME,SG,2021-03-26,VERIFIED
CUS001697,RETAIL,IN,2023-07-15,VERIFIED
CUS001698,RETAIL,IN,2023-04-06,VERIFIED
CUS001699,RETAIL,SG,2021-09-05,VERIFIED
CUS001700,RETAIL,SG,2024-02-15,VERIFIED
CUS001701,RETAIL,IN,2022-06-19,VERIFIED
CUS001702,RETAIL,IN,2022-01-20,VERIFIED
CUS001703,RETAIL,IN,2022-12-22,VERIFIED
CUS001704,RETAIL,SG,2022-02-19,PENDING
CUS001705,RETAIL,SG,2022-04-09,VERIFIED
CUS001706,SME,SG,2023-01-01,VERIFIED
CUS001707,RETAIL,SG,2024-08-26,VERIFIED
CUS001708,RETAIL,IN,2022-02-22,VERIFIED
CUS001709,RETAIL,IN,2021-12-23,VERIFIED
CUS001710,RETAIL,IN,2023-10-25,VERIFIED
CUS001711,RETAIL,SG,2021-11-13,VERIFIED
CUS001712,RETAIL,IN,2024-03-05,VERIFIED
CUS001713,SME,IN,2024-05-07,VERIFIED
CUS001714,RETAIL,IN,2024-07-09,VERIFIED
CUS001715,RETAIL,IN,2022-11-20,VERIFIED
CUS001716,RETAIL,IN,2023-11-22,VERIFIED
CUS001717,SME,IN,2022-05-05,VERIFIED
CUS001718,RETAIL,IN,2022-06-30,VERIFIED
CUS001719,RETAIL,SG,2023-05-15,VERIFIED
CUS001720,RETAIL,IN,2024-01-06,PENDING
CUS001721,RETAIL,IN,2021-06-30,VERIFIED
CUS001722,RETAIL,IN,2021-08-14,VERIFIED
CUS001723,RETAIL,SG,2023-09-04,VERIFIED
CUS001724,RETAIL,IN,2024-01-18,VERIFIED
CUS001725,RETAIL,SG,2021-12-03,VERIFIED
CUS001726,RETAIL,AE,2022-05-19,VERIFIED
CUS001727,RETAIL,SG,2023-04-03,VERIFIED
CUS001728,RETAIL,IN,2022-12-25,VERIFIED
CUS001729,RETAIL,SG,2022-03-23,REJECTED
CUS001730,RETAIL,IN,2024-03-11,VERIFIED
CUS001731,SME,IN,2021-03-08,VERIFIED
CUS001732,SME,IN,2022-11-15,VERIFIED
CUS001733,RETAIL,IN,2024-07-08,VERIFIED
CUS001734,RETAIL,IN,2021-05-06,VERIFIED
CUS001735,SME,IN,2021-03-08,VERIFIED
CUS001736,RETAIL,IN,2021-05-21,VERIFIED
CUS001737,RETAIL,IN,2022-04-30,VERIFIED
CUS001738,RETAIL,IN,2023-11-20,VERIFIED
CUS001739,RETAIL,AE,2022-12-21,VERIFIED
CUS001740,RETAIL,IN,2022-12-12,VERIFIED
CUS001741,SME,SG,2023-01-20,VERIFIED
CUS001742,SME,IN,2024-06-04,VERIFIED
CUS001743,RETAIL,IN,2023-10-24,VERIFIED
CUS001744,RETAIL,IN,2023-03-17,VERIFIED
CUS001745,RETAIL,IN,2022-12-24,VERIFIED
CUS001746,RETAIL,IN,2023-10-09,VERIFIED
CUS001747,RETAIL,IN,2022-03-16,VERIFIED
CUS001748,SME,IN,2021-06-10,VERIFIED
CUS001749,RETAIL,IN,2023-03-20,VERIFIED
CUS001750,RETAIL,IN,2022-07-31,VERIFIED
CUS001751,RETAIL,IN,2024-04-07,VERIFIED
CUS001752,RETAIL,IN,2024-04-18,VERIFIED
CUS001753,RETAIL,IN,2024-09-21,VERIFIED
CUS001754,RETAIL,IN,2021-03-14,VERIFIED
CUS001755,RETAIL,IN,2023-11-06,VERIFIED
CUS001756,RETAIL,IN,2022-05-06,VERIFIED
CUS001757,SME,IN,2022-08-12,VERIFIED
CUS001758,RETAIL,AE,2024-06-27,VERIFIED
CUS001759,SME,IN,2024-05-13,VERIFIED
CUS001760,RETAIL,IN,2021-12-09,VERIFIED
CUS001761,RETAIL,IN,2021-12-15,VERIFIED
CUS001762,RETAIL,AE,2022-11-13,VERIFIED
CUS001763,SME,IN,2023-09-07,VERIFIED
CUS001764,RETAIL,IN,2023-06-21,VERIFIED
CUS001765,RETAIL,AE,2021-12-21,VERIFIED
CUS001766,SME,IN,2024-04-02,VERIFIED
CUS001767,SME,AE,2024-08-31,VERIFIED
CUS001768,RETAIL,IN,2023-12-09,VERIFIED
CUS001769,RETAIL,SG,2024-04-11,PENDING
CUS001770,RETAIL,IN,2024-05-12,VERIFIED
CUS001771,RETAIL,IN,2023-03-24,VERIFIED
CUS001772,RETAIL,AE,2021-12-04,VERIFIED
CUS001773,SME,IN,2022-05-09,VERIFIED
CUS001774,RETAIL,AE,2023-12-16,VERIFIED
CUS001775,RETAIL,IN,2023-05-19,VERIFIED
CUS001776,RETAIL,SG,2023-03-16,VERIFIED
CUS001777,RETAIL,AE,2023-07-06,VERIFIED
CUS001778,RETAIL,IN,2021-04-17,VERIFIED
CUS001779,RETAIL,AE,2021-05-13,VERIFIED
CUS001780,SME,IN,2021-03-11,VERIFIED
CUS001781,RETAIL,SG,2023-05-26,VERIFIED
CUS001782,RETAIL,IN,2021-12-21,VERIFIED
CUS001783,RETAIL,IN,2022-03-08,VERIFIED
CUS001784,SME,SG,2021-12-10,VERIFIED
CUS001785,RETAIL,IN,2024-05-20,VERIFIED
CUS001786,RETAIL,IN,2021-05-20,VERIFIED
CUS001787,RETAIL,IN,2021-05-29,VERIFIED
CUS001788,RETAIL,AE,2021-12-13,VERIFIED
CUS001789,RETAIL,IN,2022-10-23,VERIFIED
CUS001790,RETAIL,SG,2023-04-11,VERIFIED
CUS001791,RETAIL,AE,2024-01-20,VERIFIED
CUS001792,SME,IN,2024-10-09,VERIFIED
CUS001793,SME,IN,2021-04-27,VERIFIED
CUS001794,RETAIL,SG,2024-03-16,VERIFIED
CUS001795,SME,IN,2023-09-11,VERIFIED
CUS001796,RETAIL,IN,2023-04-20,VERIFIED
CUS001797,RETAIL,SG,2022-05-31,PENDING
CUS001798,SME,IN,2023-12-27,VERIFIED
CUS001799,RETAIL,IN,2024-03-06,VERIFIED
CUS001800,RETAIL,SG,2023-09-29,VERIFIED
CUS001801,RETAIL,IN,2023-09-28,VERIFIED
CUS001802,RETAIL,IN,2024-10-11,VERIFIED
CUS001803,RETAIL,IN,2023-07-04,VERIFIED
CUS001804,SME,AE,2022-11-21,VERIFIED
CUS001805,RETAIL,SG,2023-04-16,VERIFIED
CUS001806,RETAIL,IN,2023-08-28,REJECTED
CUS001807,RETAIL,IN,2021-06-27,VERIFIED
CUS001808,RETAIL,IN,2024-01-05,PENDING
CUS001809,RETAIL,IN,2021-10-09,VERIFIED
CUS001810,RETAIL,IN,2022-08-31,VERIFIED
CUS001811,RETAIL,AE,2022-07-03,PENDING
CUS001812,RETAIL,IN,2023-12-11,VERIFIED
CUS001813,RETAIL,SG,2021-04-20,VERIFIED
CUS001814,RETAIL,IN,2023-03-07,VERIFIED
CUS001815,RETAIL,IN,2023-01-23,VERIFIED
CUS001816,SME,IN,2024-01-23,VERIFIED
CUS001817,RETAIL,IN,2023-03-03,VERIFIED
CUS001818,RETAIL,SG,2022-05-25,VERIFIED
CUS001819,RETAIL,AE,2021-05-31,VERIFIED
CUS001820,SME,AE,2021-09-24,VERIFIED
CUS001821,SME,IN,2024-05-27,VERIFIED
CUS001822,RETAIL,SG,2024-09-09,VERIFIED
CUS001823,RETAIL,IN,2021-05-09,VERIFIED
CUS001824,RETAIL,AE,2021-11-11,VERIFIED
CUS001825,SME,IN,2024-06-04,VERIFIED
CUS001826,RETAIL,IN,2021-09-27,VERIFIED
CUS001827,RETAIL,IN,2022-01-31,VERIFIED
CUS001828,SME,IN,2021-04-22,VERIFIED
CUS001829,RETAIL,IN,2024-05-21,VERIFIED
CUS001830,RETAIL,AE,2021-10-31,VERIFIED
CUS001831,RETAIL,SG,2023-08-09,VERIFIED
CUS001832,SME,AE,2022-11-20,VERIFIED
CUS001833,RETAIL,IN,2024-01-05,VERIFIED
CUS001834,SME,IN,2024-09-25,VERIFIED
CUS001835,RETAIL,IN,2022-05-02,VERIFIED
CUS001836,RETAIL,IN,2024-09-19,VERIFIED
CUS001837,SME,IN,2023-03-22,VERIFIED
CUS001838,RETAIL,IN,2024-04-01,VERIFIED
CUS001839,RETAIL,IN,2021-06-24,VERIFIED
CUS001840,RETAIL,IN,2023-04-17,PENDING
CUS001841,SME,IN,2024-04-16,VERIFIED
CUS001842,RETAIL,SG,2021-05-05,VERIFIED
CUS001843,RETAIL,IN,2022-05-14,VERIFIED
CUS001844,SME,AE,2024-05-01,VERIFIED
CUS001845,SME,IN,2023-08-24,VERIFIED
CUS001846,SME,SG,2022-12-09,VERIFIED
CUS001847,RETAIL,SG,2022-01-09,VERIFIED
CUS001848,SME,SG,2021-03-06,VERIFIED
CUS001849,SME,SG,2021-10-12,VERIFIED
CUS001850,RETAIL,AE,2024-12-13,VERIFIED
CUS001851,SME,IN,2023-03-07,VERIFIED
CUS001852,RETAIL,IN,2024-10-28,VERIFIED
CUS001853,SME,IN,2023-11-06,VERIFIED
CUS001854,RETAIL,IN,2023-12-21,VERIFIED
CUS001855,RETAIL,IN,2023-12-26,VERIFIED
CUS001856,RETAIL,IN,2024-02-21,VERIFIED
CUS001857,RETAIL,IN,2023-06-21,VERIFIED
CUS001858,RETAIL,IN,2023-02-03,VERIFIED
CUS001859,RETAIL,IN,2021-05-06,VERIFIED
CUS001860,SME,IN,2023-05-24,VERIFIED
CUS001861,RETAIL,SG,2024-11-29,VERIFIED
CUS001862,RETAIL,SG,2022-10-07,VERIFIED
CUS001863,RETAIL,IN,2023-11-08,VERIFIED
CUS001864,RETAIL,IN,2024-06-10,VERIFIED
CUS001865,RETAIL,IN,2022-06-08,VERIFIED
CUS001866,RETAIL,IN,2022-05-17,VERIFIED
CUS001867,RETAIL,SG,2023-09-01,VERIFIED
CUS001868,RETAIL,IN,2024-03-07,VERIFIED
CUS001869,SME,AE,2023-02-15,VERIFIED
CUS001870,RETAIL,IN,2023-04-10,VERIFIED
CUS001871,RETAIL,SG,2021-04-15,VERIFIED
CUS001872,SME,IN,2024-11-16,VERIFIED
CUS001873,SME,IN,2024-04-25,VERIFIED
CUS001874,RETAIL,SG,2021-12-11,VERIFIED
CUS001875,SME,IN,2021-05-15,VERIFIED
CUS001876,RETAIL,SG,2022-08-08,VERIFIED
CUS001877,SME,IN,2023-10-17,VERIFIED
CUS001878,RETAIL,IN,2024-03-15,VERIFIED
CUS001879,RETAIL,IN,2021-10-08,VERIFIED
CUS001880,RETAIL,SG,2022-09-12,VERIFIED
CUS001881,RETAIL,IN,2023-06-10,VERIFIED
CUS001882,SME,AE,2023-05-01,VERIFIED
CUS001883,RETAIL,SG,2024-06-07,VERIFIED
CUS001884,RETAIL,SG,2021-11-02,VERIFIED
CUS001885,RETAIL,IN,2024-10-25,VERIFIED
CUS001886,RETAIL,SG,2021-03-26,VERIFIED
CUS001887,SME,AE,2024-05-12,VERIFIED
CUS001888,RETAIL,IN,2024-07-11,VERIFIED
CUS001889,RETAIL,IN,2024-09-22,VERIFIED
CUS001890,RETAIL,IN,2023-02-15,VERIFIED
CUS001891,SME,IN,2024-10-15,VERIFIED
CUS001892,SME,SG,2024-01-06,VERIFIED
CUS001893,RETAIL,IN,2021-12-10,VERIFIED
CUS001894,RETAIL,IN,2022-02-17,VERIFIED
CUS001895,SME,IN,2023-09-10,VERIFIED
CUS001896,SME,IN,2024-11-14,VERIFIED
CUS001897,RETAIL,IN,2024-05-25,VERIFIED
CUS001898,RETAIL,AE,2022-12-01,VERIFIED
CUS001899,RETAIL,IN,2023-03-20,REJECTED
CUS001900,RETAIL,IN,2021-09-20,VERIFIED
CUS001901,RETAIL,SG,2023-02-25,VERIFIED
CUS001902,SME,IN,2023-07-06,VERIFIED
CUS001903,RETAIL,IN,2022-08-10,VERIFIED
CUS001904,SME,IN,2021-10-16,VERIFIED
CUS001905,RETAIL,AE,2021-11-14,VERIFIED
CUS001906,RETAIL,SG,2024-06-10,VERIFIED
CUS001907,RETAIL,IN,2023-05-26,VERIFIED
CUS001908,RETAIL,IN,2021-06-26,VERIFIED
CUS001909,SME,IN,2021-11-27,VERIFIED
CUS001910,RETAIL,SG,2021-12-20,VERIFIED
CUS001911,RETAIL,IN,2024-07-24,VERIFIED
CUS001912,SME,AE,2023-07-04,VERIFIED
CUS001913,RETAIL,SG,2021-10-25,VERIFIED
CUS001914,RETAIL,IN,2024-07-03,VERIFIED
CUS001915,SME,SG,2022-04-03,VERIFIED
CUS001916,RETAIL,AE,2023-01-04,VERIFIED
CUS001917,RETAIL,IN,2022-03-19,VERIFIED
CUS001918,RETAIL,SG,2022-06-08,VERIFIED
CUS001919,RETAIL,AE,2024-08-22,VERIFIED
CUS001920,RETAIL,IN,2024-07-05,VERIFIED
CUS001921,SME,AE,2023-09-18,VERIFIED
CUS001922,RETAIL,IN,2021-06-05,VERIFIED
CUS001923,SME,SG,2021-05-31,VERIFIED
CUS001924,RETAIL,SG,2022-01-30,VERIFIED
CUS001925,RETAIL,IN,2024-02-01,VERIFIED
CUS001926,RETAIL,IN,2021-05-10,VERIFIED
CUS001927,RETAIL,IN,2022-04-03,VERIFIED
CUS001928,RETAIL,IN,2023-11-10,VERIFIED
CUS001929,SME,IN,2022-04-12,VERIFIED
CUS001930,SME,IN,2023-05-06,VERIFIED
CUS001931,RETAIL,IN,2023-03-04,VERIFIED
CUS001932,RETAIL,IN,2024-01-31,VERIFIED
CUS001933,SME,IN,2022-07-16,VERIFIED
CUS001934,RETAIL,AE,2023-12-15,VERIFIED
CUS001935,RETAIL,IN,2021-06-19,VERIFIED
CUS001936,RETAIL,IN,2024-06-12,VERIFIED
CUS001937,RETAIL,IN,2024-01-15,VERIFIED
CUS001938,RETAIL,IN,2024-07-10,PENDING
CUS001939,SME,SG,2024-01-30,VERIFIED
CUS001940,RETAIL,IN,2022-06-07,VERIFIED
CUS001941,RETAIL,IN,2021-05-19,VERIFIED
CUS001942,SME,AE,2024-05-27,PENDING
CUS001943,RETAIL,SG,2024-02-24,PENDING
CUS001944,RETAIL,SG,2024-06-29,PENDING
CUS001945,RETAIL,AE,2021-11-27,VERIFIED
CUS001946,SME,AE,2022-12-15,REJECTED
CUS001947,RETAIL,IN,2023-08-11,VERIFIED
CUS001948,RETAIL,IN,2022-04-22,VERIFIED
CUS001949,RETAIL,IN,2024-09-05,VERIFIED
CUS001950,SME,IN,2022-01-08,VERIFIED
CUS001951,SME,IN,2024-08-22,VERIFIED
CUS001952,RETAIL,IN,2022-10-12,VERIFIED
CUS001953,SME,SG,2024-11-19,VERIFIED
CUS001954,RETAIL,SG,2024-03-25,VERIFIED
CUS001955,SME,SG,2022-08-11,VERIFIED
CUS001956,RETAIL,IN,2022-10-22,VERIFIED
CUS001957,RETAIL,IN,2023-04-16,VERIFIED
CUS001958,SME,IN,2022-08-09,VERIFIED
CUS001959,RETAIL,IN,2021-10-18,VERIFIED
CUS001960,RETAIL,AE,2024-01-06,VERIFIED
CUS001961,RETAIL,AE,2021-04-11,VERIFIED
CUS001962,RETAIL,AE,2024-06-13,VERIFIED
CUS001963,RETAIL,AE,2021-04-03,VERIFIED
CUS001964,RETAIL,AE,2021-06-16,VERIFIED
CUS001965,RETAIL,IN,2023-05-13,VERIFIED
CUS001966,RETAIL,IN,2024-08-20,VERIFIED
CUS001967,RETAIL,IN,2023-06-12,VERIFIED
CUS001968,RETAIL,IN,2023-12-10,PENDING
CUS001969,SME,IN,2022-10-13,VERIFIED
CUS001970,RETAIL,IN,2024-02-12,PENDING
CUS001971,RETAIL,AE,2024-09-29,VERIFIED
CUS001972,RETAIL,IN,2021-08-02,VERIFIED
CUS001973,RETAIL,AE,2021-09-07,VERIFIED
CUS001974,RETAIL,SG,2023-01-30,VERIFIED
CUS001975,RETAIL,SG,2021-09-28,VERIFIED
CUS001976,RETAIL,SG,2021-05-03,VERIFIED
CUS001977,RETAIL,IN,2021-06-23,VERIFIED
CUS001978,RETAIL,SG,2021-10-30,VERIFIED
CUS001979,RETAIL,IN,2024-11-01,VERIFIED
CUS001980,SME,AE,2022-02-10,VERIFIED
CUS001981,RETAIL,IN,2021-06-25,VERIFIED
CUS001982,SME,IN,2024-04-29,VERIFIED
CUS001983,RETAIL,SG,2024-10-01,VERIFIED
CUS001984,RETAIL,SG,2023-09-07,VERIFIED
CUS001985,RETAIL,IN,2021-11-06,REJECTED
CUS001986,RETAIL,SG,2021-11-10,VERIFIED
CUS001987,RETAIL,IN,2022-10-07,VERIFIED
CUS001988,RETAIL,SG,2021-03-27,VERIFIED
CUS001989,RETAIL,IN,2024-05-17,VERIFIED
CUS001990,RETAIL,IN,2021-08-21,VERIFIED
CUS001991,RETAIL,IN,2021-08-31,VERIFIED
CUS001992,RETAIL,IN,2021-05-15,VERIFIED
CUS001993,RETAIL,IN,2023-11-20,VERIFIED
CUS001994,RETAIL,IN,2022-07-18,VERIFIED
CUS001995,RETAIL,IN,2023-12-12,VERIFIED
CUS001996,RETAIL,IN,2023-02-26,VERIFIED
CUS001997,RETAIL,IN,2021-04-28,VERIFIED
CUS001998,RETAIL,IN,2023-01-12,VERIFIED
CUS001999,SME,SG,2022-01-21,VERIFIED
CUS002000,RETAIL,AE,2023-04-01,VERIFIED
CUS002001,RETAIL,IN,2025-01-01,REJECTED
CUS002002,RETAIL,AE,2024-05-30,VERIFIED
CUS002003,RETAIL,IN,2022-06-05,VERIFIED
CUS002004,RETAIL,IN,2023-10-31,REJECTED
CUS002005,SME,SG,2023-10-23,VERIFIED
CUS002006,RETAIL,SG,2024-08-28,VERIFIED
CUS002007,RETAIL,AE,2021-11-09,VERIFIED
CUS002008,SME,IN,2024-08-31,VERIFIED
CUS002009,RETAIL,SG,2022-12-11,VERIFIED
CUS002010,RETAIL,IN,2023-10-23,VERIFIED
CUS002011,RETAIL,IN,2021-07-13,PENDING
CUS002012,RETAIL,IN,2022-06-14,VERIFIED
CUS002013,SME,AE,2024-09-28,VERIFIED
CUS002014,RETAIL,IN,2022-08-26,VERIFIED
CUS002015,SME,SG,2024-05-15,VERIFIED
CUS002016,RETAIL,SG,2022-11-10,VERIFIED
CUS002017,SME,SG,2024-01-27,VERIFIED
CUS002018,SME,SG,2022-02-18,VERIFIED
CUS002019,SME,AE,2023-03-11,VERIFIED
CUS002020,SME,IN,2023-05-21,VERIFIED
CUS002021,RETAIL,IN,2021-08-21,VERIFIED
CUS002022,RETAIL,IN,2023-04-24,VERIFIED
CUS002023,RETAIL,IN,2024-02-07,VERIFIED
CUS002024,RETAIL,IN,2023-01-07,VERIFIED
CUS002025,RETAIL,IN,2021-11-25,VERIFIED
CUS002026,RETAIL,IN,2024-09-30,VERIFIED
CUS002027,RETAIL,IN,2023-12-03,VERIFIED
CUS002028,RETAIL,IN,2022-10-10,PENDING
CUS002029,SME,AE,2024-01-30,VERIFIED
CUS002030,RETAIL,IN,2022-02-16,VERIFIED
CUS002031,SME,AE,2024-10-14,VERIFIED
CUS002032,RETAIL,AE,2023-12-29,VERIFIED
CUS002033,SME,IN,2022-10-01,VERIFIED
CUS002034,RETAIL,SG,2021-09-23,VERIFIED
CUS002035,RETAIL,IN,2023-08-26,PENDING
CUS002036,RETAIL,SG,2023-12-26,VERIFIED
CUS002037,SME,IN,2021-06-13,VERIFIED
CUS002038,RETAIL,IN,2023-01-14,VERIFIED
CUS002039,SME,IN,2024-03-24,VERIFIED
CUS002040,SME,IN,2021-08-26,VERIFIED
CUS002041,RETAIL,AE,2024-11-22,VERIFIED
CUS002042,RETAIL,SG,2022-03-05,VERIFIED
CUS002043,SME,SG,2021-07-13,VERIFIED
CUS002044,SME,AE,2022-10-18,VERIFIED
CUS002045,RETAIL,SG,2021-06-30,VERIFIED
CUS002046,RETAIL,IN,2022-08-14,VERIFIED
CUS002047,RETAIL,AE,2022-09-18,VERIFIED
CUS002048,RETAIL,IN,2024-08-02,PENDING
CUS002049,SME,IN,2024-04-27,VERIFIED
CUS002050,SME,IN,2022-04-28,VERIFIED
CUS002051,RETAIL,AE,2022-05-23,VERIFIED
CUS002052,RETAIL,IN,2022-08-29,VERIFIED
CUS002053,RETAIL,IN,2024-03-15,PENDING
CUS002054,SME,IN,2024-09-05,VERIFIED
CUS002055,RETAIL,IN,2024-09-04,VERIFIED
CUS002056,RETAIL,IN,2024-07-11,VERIFIED
CUS002057,RETAIL,SG,2024-03-02,VERIFIED
CUS002058,RETAIL,AE,2021-04-13,VERIFIED
CUS002059,RETAIL,IN,2022-01-06,VERIFIED
CUS002060,SME,IN,2024-04-27,VERIFIED
CUS002061,SME,IN,2023-10-30,VERIFIED
CUS002062,RETAIL,IN,2021-07-27,REJECTED
CUS002063,RETAIL,IN,2023-04-13,VERIFIED
CUS002064,RETAIL,SG,2023-12-12,VERIFIED
CUS002065,RETAIL,SG,2023-09-30,VERIFIED
CUS002066,RETAIL,IN,2023-06-27,VERIFIED
CUS002067,RETAIL,IN,2022-12-03,VERIFIED
CUS002068,RETAIL,IN,2022-11-16,VERIFIED
CUS002069,SME,IN,2022-12-18,VERIFIED
CUS002070,RETAIL,AE,2022-08-09,VERIFIED
CUS002071,SME,SG,2023-11-13,VERIFIED
CUS002072,RETAIL,AE,2023-02-05,VERIFIED
CUS002073,RETAIL,AE,2021-10-28,VERIFIED
CUS002074,RETAIL,SG,2023-09-02,VERIFIED
CUS002075,RETAIL,AE,2021-03-28,VERIFIED
CUS002076,RETAIL,IN,2023-02-03,PENDING
CUS002077,SME,IN,2023-07-25,VERIFIED
CUS002078,SME,IN,2022-04-27,VERIFIED
CUS002079,RETAIL,IN,2023-07-04,VERIFIED
CUS002080,RETAIL,IN,2023-06-26,VERIFIED
CUS002081,RETAIL,IN,2023-07-27,VERIFIED
CUS002082,RETAIL,SG,2022-11-30,VERIFIED
CUS002083,RETAIL,SG,2024-11-04,VERIFIED
CUS002084,RETAIL,IN,2023-07-21,VERIFIED
CUS002085,SME,IN,2022-01-22,VERIFIED
CUS002086,SME,SG,2023-09-28,VERIFIED
CUS002087,RETAIL,IN,2022-12-09,VERIFIED
CUS002088,RETAIL,IN,2023-11-10,VERIFIED
CUS002089,RETAIL,IN,2021-05-24,VERIFIED
CUS002090,RETAIL,IN,2024-02-23,VERIFIED
CUS002091,RETAIL,IN,2022-01-09,VERIFIED
CUS002092,RETAIL,SG,2022-02-01,VERIFIED
CUS002093,RETAIL,SG,2023-06-13,VERIFIED
CUS002094,SME,SG,2021-03-26,VERIFIED
CUS002095,RETAIL,IN,2021-03-22,VERIFIED
CUS002096,SME,SG,2024-11-22,VERIFIED
CUS002097,RETAIL,SG,2022-10-28,VERIFIED
CUS002098,RETAIL,IN,2024-04-02,VERIFIED
CUS002099,RETAIL,SG,2021-03-06,VERIFIED
CUS002100,RETAIL,IN,2021-04-23,VERIFIED
CUS002101,RETAIL,IN,2023-05-20,VERIFIED
CUS002102,RETAIL,IN,2023-09-11,VERIFIED
CUS002103,SME,IN,2021-11-12,VERIFIED
CUS002104,RETAIL,IN,2023-07-07,VERIFIED
CUS002105,RETAIL,IN,2022-03-15,VERIFIED
CUS002106,RETAIL,IN,2022-06-18,VERIFIED
CUS002107,RETAIL,AE,2023-12-01,VERIFIED
CUS002108,RETAIL,IN,2023-08-27,VERIFIED
CUS002109,RETAIL,IN,2021-06-06,VERIFIED
CUS002110,RETAIL,IN,2023-02-12,VERIFIED
CUS002111,RETAIL,AE,2023-05-28,VERIFIED
CUS002112,RETAIL,IN,2021-07-20,VERIFIED
CUS002113,RETAIL,AE,2022-10-23,VERIFIED
CUS002114,RETAIL,IN,2022-11-03,VERIFIED
CUS002115,RETAIL,IN,2023-07-07,VERIFIED
CUS002116,SME,IN,2022-06-13,VERIFIED
CUS002117,RETAIL,IN,2024-11-01,VERIFIED
CUS002118,RETAIL,SG,2024-03-04,VERIFIED
CUS002119,SME,AE,2021-11-10,VERIFIED
CUS002120,RETAIL,IN,2024-01-01,VERIFIED
CUS002121,RETAIL,AE,2021-03-26,VERIFIED
CUS002122,RETAIL,IN,2021-08-02,VERIFIED
CUS002123,RETAIL,IN,2023-07-17,VERIFIED
CUS002124,RETAIL,IN,2021-06-27,VERIFIED
CUS002125,SME,IN,2022-04-06,VERIFIED
CUS002126,RETAIL,SG,2021-11-29,VERIFIED
CUS002127,RETAIL,IN,2023-03-15,VERIFIED
CUS002128,RETAIL,IN,2024-07-15,VERIFIED
CUS002129,RETAIL,IN,2022-11-28,VERIFIED
CUS002130,RETAIL,IN,2021-11-13,VERIFIED
CUS002131,RETAIL,IN,2024-08-28,VERIFIED
CUS002132,RETAIL,SG,2024-12-06,VERIFIED
CUS002133,RETAIL,IN,2021-11-09,VERIFIED
CUS002134,RETAIL,IN,2022-09-19,VERIFIED
CUS002135,RETAIL,IN,2023-01-02,VERIFIED
CUS002136,RETAIL,IN,2022-06-01,VERIFIED
CUS002137,RETAIL,IN,2022-05-19,VERIFIED
CUS002138,RETAIL,SG,2023-05-16,VERIFIED
CUS002139,RETAIL,AE,2022-08-31,VERIFIED
CUS002140,RETAIL,IN,2023-03-03,VERIFIED
CUS002141,RETAIL,AE,2024-03-18,VERIFIED
CUS002142,SME,IN,2022-02-28,VERIFIED
CUS002143,RETAIL,SG,2023-07-25,VERIFIED
CUS002144,RETAIL,SG,2021-07-29,VERIFIED
CUS002145,RETAIL,SG,2023-06-25,VERIFIED
CUS002146,RETAIL,SG,2024-04-11,VERIFIED
CUS002147,RETAIL,IN,2021-10-30,VERIFIED
CUS002148,RETAIL,IN,2024-06-22,VERIFIED
CUS002149,RETAIL,IN,2021-03-22,VERIFIED
CUS002150,RETAIL,IN,2022-08-04,VERIFIED
CUS002151,RETAIL,SG,2023-02-27,VERIFIED
CUS002152,RETAIL,IN,2024-02-13,VERIFIED
CUS002153,SME,IN,2024-03-25,VERIFIED
CUS002154,RETAIL,IN,2024-04-05,VERIFIED
CUS002155,RETAIL,IN,2021-10-23,VERIFIED
CUS002156,RETAIL,SG,2024-03-23,VERIFIED
CUS002157,RETAIL,SG,2024-11-13,VERIFIED
CUS002158,SME,IN,2024-04-01,VERIFIED
CUS002159,RETAIL,IN,2022-08-31,VERIFIED
CUS002160,SME,IN,2023-03-06,VERIFIED
CUS002161,RETAIL,IN,2023-07-29,VERIFIED
CUS002162,RETAIL,SG,2021-04-22,VERIFIED
CUS002163,SME,IN,2023-09-09,PENDING
CUS002164,RETAIL,IN,2021-10-30,VERIFIED
CUS002165,SME,IN,2024-07-12,VERIFIED
CUS002166,SME,AE,2022-12-03,VERIFIED
CUS002167,RETAIL,SG,2024-07-02,VERIFIED
CUS002168,RETAIL,IN,2024-09-10,VERIFIED
CUS002169,SME,IN,2022-05-26,VERIFIED
CUS002170,RETAIL,IN,2022-06-04,VERIFIED
CUS002171,RETAIL,AE,2022-10-20,VERIFIED
CUS002172,RETAIL,IN,2023-04-11,VERIFIED
CUS002173,RETAIL,IN,2023-12-20,VERIFIED
CUS002174,RETAIL,AE,2022-01-08,VERIFIED
CUS002175,RETAIL,SG,2024-04-11,VERIFIED
CUS002176,RETAIL,IN,2023-02-10,VERIFIED
CUS002177,RETAIL,IN,2021-05-23,VERIFIED
CUS002178,RETAIL,IN,2022-06-11,VERIFIED
CUS002179,RETAIL,IN,2021-10-07,VERIFIED
CUS002180,RETAIL,IN,2024-03-27,VERIFIED
CUS002181,RETAIL,AE,2024-11-27,VERIFIED
CUS002182,RETAIL,AE,2021-10-23,VERIFIED
CUS002183,RETAIL,IN,2022-11-05,VERIFIED
CUS002184,RETAIL,IN,2022-01-06,VERIFIED
CUS002185,RETAIL,IN,2021-10-10,VERIFIED
CUS002186,RETAIL,IN,2023-07-28,VERIFIED
CUS002187,RETAIL,SG,2024-07-31,VERIFIED
CUS002188,SME,IN,2021-04-23,VERIFIED
CUS002189,RETAIL,IN,2023-11-02,VERIFIED
CUS002190,RETAIL,IN,2024-05-22,VERIFIED
CUS002191,SME,IN,2022-10-25,VERIFIED
CUS002192,RETAIL,IN,2024-12-04,VERIFIED
CUS002193,SME,SG,2024-10-10,VERIFIED
CUS002194,RETAIL,SG,2022-01-29,VERIFIED
CUS002195,RETAIL,IN,2024-08-31,VERIFIED
CUS002196,RETAIL,AE,2022-09-14,VERIFIED
CUS002197,RETAIL,IN,2023-04-08,VERIFIED
CUS002198,RETAIL,AE,2024-07-30,PENDING
CUS002199,RETAIL,IN,2021-05-22,VERIFIED
CUS002200,RETAIL,IN,2024-05-23,VERIFIED
CUS002201,RETAIL,AE,2022-07-06,PENDING
CUS002202,SME,IN,2024-07-02,VERIFIED
CUS002203,RETAIL,IN,2022-09-28,VERIFIED
CUS002204,SME,IN,2024-05-13,VERIFIED
CUS002205,RETAIL,IN,2021-08-07,VERIFIED
CUS002206,RETAIL,IN,2023-03-28,VERIFIED
CUS002207,RETAIL,IN,2024-12-20,VERIFIED
CUS002208,RETAIL,AE,2024-10-22,VERIFIED
CUS002209,SME,IN,2022-12-03,VERIFIED
CUS002210,RETAIL,IN,2023-01-05,VERIFIED
CUS002211,RETAIL,IN,2023-09-27,VERIFIED
CUS002212,RETAIL,SG,2022-09-07,VERIFIED
CUS002213,RETAIL,IN,2021-12-13,VERIFIED
CUS002214,RETAIL,IN,2022-03-20,VERIFIED
CUS002215,RETAIL,IN,2022-02-17,VERIFIED
CUS002216,RETAIL,SG,2021-05-18,VERIFIED
CUS002217,RETAIL,SG,2024-03-18,VERIFIED
CUS002218,RETAIL,IN,2024-09-08,VERIFIED
CUS002219,RETAIL,SG,2024-07-16,VERIFIED
CUS002220,RETAIL,IN,2024-11-13,VERIFIED
CUS002221,RETAIL,IN,2023-11-18,VERIFIED
CUS002222,RETAIL,IN,2024-06-21,VERIFIED
CUS002223,RETAIL,IN,2021-06-22,VERIFIED
CUS002224,RETAIL,IN,2023-09-17,VERIFIED
CUS002225,RETAIL,IN,2024-03-02,VERIFIED
CUS002226,RETAIL,IN,2022-12-28,VERIFIED
CUS002227,RETAIL,IN,2023-05-10,VERIFIED
CUS002228,RETAIL,IN,2024-12-26,VERIFIED
CUS002229,RETAIL,SG,2021-04-29,VERIFIED
CUS002230,RETAIL,SG,2022-05-08,VERIFIED
CUS002231,RETAIL,IN,2021-11-03,VERIFIED
CUS002232,RETAIL,IN,2021-05-03,VERIFIED
CUS002233,RETAIL,IN,2021-08-11,VERIFIED
CUS002234,RETAIL,IN,2024-01-18,VERIFIED
CUS002235,RETAIL,IN,2022-01-29,VERIFIED
CUS002236,RETAIL,IN,2024-12-20,VERIFIED
CUS002237,SME,SG,2023-08-15,VERIFIED
CUS002238,RETAIL,SG,2022-02-12,VERIFIED
CUS002239,RETAIL,IN,2022-04-28,VERIFIED
CUS002240,RETAIL,IN,2022-01-19,VERIFIED
CUS002241,RETAIL,AE,2022-02-07,VERIFIED
CUS002242,RETAIL,IN,2024-11-02,VERIFIED
CUS002243,SME,AE,2022-10-08,VERIFIED
CUS002244,RETAIL,IN,2022-08-21,VERIFIED
CUS002245,RETAIL,IN,2024-05-29,VERIFIED
CUS002246,RETAIL,IN,2024-01-28,VERIFIED
CUS002247,RETAIL,IN,2023-02-19,VERIFIED
CUS002248,RETAIL,AE,2022-07-30,VERIFIED
CUS002249,SME,IN,2021-09-29,VERIFIED
CUS002250,SME,AE,2022-03-22,VERIFIED
CUS002251,RETAIL,IN,2021-04-07,VERIFIED
CUS002252,RETAIL,AE,2024-02-25,VERIFIED
CUS002253,RETAIL,AE,2023-07-02,VERIFIED
CUS002254,RETAIL,IN,2024-01-02,VERIFIED
CUS002255,RETAIL,IN,2021-08-03,VERIFIED
CUS002256,RETAIL,SG,2022-08-29,VERIFIED
CUS002257,SME,IN,2023-01-21,REJECTED
CUS002258,RETAIL,AE,2022-10-09,VERIFIED
CUS002259,SME,IN,2023-10-02,PENDING
CUS002260,SME,IN,2021-08-10,VERIFIED
CUS002261,RETAIL,IN,2022-08-25,VERIFIED
CUS002262,RETAIL,SG,2023-01-18,VERIFIED
CUS002263,RETAIL,AE,2022-04-21,VERIFIED
CUS002264,SME,IN,2021-12-09,PENDING
CUS002265,RETAIL,SG,2023-06-28,VERIFIED
CUS002266,SME,AE,2022-03-14,VERIFIED
CUS002267,RETAIL,IN,2021-12-11,VERIFIED
CUS002268,RETAIL,IN,2022-06-15,VERIFIED
CUS002269,SME,SG,2024-07-22,VERIFIED
CUS002270,RETAIL,SG,2024-04-08,VERIFIED
CUS002271,RETAIL,IN,2024-11-19,VERIFIED
CUS002272,RETAIL,AE,2023-12-12,VERIFIED
CUS002273,RETAIL,IN,2024-05-16,VERIFIED
CUS002274,RETAIL,AE,2022-10-31,VERIFIED
CUS002275,RETAIL,AE,2021-07-08,VERIFIED
CUS002276,RETAIL,SG,2024-10-01,VERIFIED
CUS002277,RETAIL,IN,2023-11-30,VERIFIED
CUS002278,RETAIL,IN,2024-10-30,VERIFIED
CUS002279,RETAIL,IN,2024-09-06,VERIFIED
CUS002280,RETAIL,IN,2024-10-24,VERIFIED
CUS002281,SME,SG,2022-09-05,VERIFIED
CUS002282,RETAIL,IN,2021-06-22,VERIFIED
CUS002283,SME,IN,2022-03-24,VERIFIED
CUS002284,RETAIL,IN,2022-05-13,VERIFIED
CUS002285,RETAIL,IN,2024-05-27,VERIFIED
CUS002286,RETAIL,IN,2021-10-18,VERIFIED
CUS002287,RETAIL,SG,2022-10-13,VERIFIED
CUS002288,RETAIL,SG,2021-04-24,PENDING
CUS002289,SME,IN,2023-07-05,VERIFIED
CUS002290,RETAIL,AE,2022-04-26,VERIFIED
CUS002291,SME,AE,2023-03-01,VERIFIED
CUS002292,RETAIL,IN,2023-01-11,VERIFIED
CUS002293,RETAIL,SG,2024-08-06,VERIFIED
CUS002294,RETAIL,IN,2023-03-03,VERIFIED
CUS002295,RETAIL,IN,2024-05-13,VERIFIED
CUS002296,RETAIL,IN,2022-02-22,VERIFIED
CUS002297,SME,IN,2022-04-15,VERIFIED
CUS002298,SME,AE,2021-09-04,VERIFIED
CUS002299,RETAIL,AE,2023-03-28,VERIFIED
CUS002300,RETAIL,SG,2021-10-28,VERIFIED
CUS002301,RETAIL,IN,2021-08-04,VERIFIED
CUS002302,RETAIL,IN,2023-02-11,VERIFIED
CUS002303,RETAIL,AE,2021-05-17,VERIFIED
CUS002304,RETAIL,IN,2022-01-15,VERIFIED
CUS002305,SME,IN,2023-11-22,VERIFIED
CUS002306,RETAIL,IN,2023-03-06,PENDING
CUS002307,RETAIL,IN,2024-08-13,VERIFIED
CUS002308,SME,IN,2023-07-13,VERIFIED
CUS002309,RETAIL,IN,2023-08-16,PENDING
CUS002310,RETAIL,IN,2023-11-12,VERIFIED
CUS002311,SME,IN,2023-08-23,VERIFIED
CUS002312,RETAIL,IN,2024-10-17,VERIFIED
CUS002313,RETAIL,IN,2023-04-08,VERIFIED
CUS002314,RETAIL,IN,2024-03-26,PENDING
CUS002315,SME,AE,2024-02-16,VERIFIED
CUS002316,RETAIL,IN,2022-03-16,VERIFIED
CUS002317,RETAIL,SG,2021-08-07,VERIFIED
CUS002318,RETAIL,SG,2024-05-06,PENDING
CUS002319,RETAIL,IN,2022-11-08,VERIFIED
CUS002320,RETAIL,SG,2021-07-20,VERIFIED
CUS002321,RETAIL,SG,2022-09-03,VERIFIED
CUS002322,SME,IN,2024-09-13,PENDING
CUS002323,RETAIL,IN,2022-01-13,VERIFIED
CUS002324,SME,IN,2024-10-22,VERIFIED
CUS002325,SME,AE,2022-08-22,VERIFIED
CUS002326,SME,SG,2023-02-28,VERIFIED
CUS002327,RETAIL,AE,2022-12-25,VERIFIED
CUS002328,RETAIL,AE,2024-02-25,VERIFIED
CUS002329,SME,IN,2021-08-10,VERIFIED
CUS002330,RETAIL,SG,2024-08-10,VERIFIED
CUS002331,RETAIL,IN,2021-05-30,VERIFIED
CUS002332,RETAIL,SG,2024-10-10,VERIFIED
CUS002333,RETAIL,IN,2023-11-04,VERIFIED
CUS002334,RETAIL,IN,2022-12-25,VERIFIED
CUS002335,SME,SG,2023-01-10,VERIFIED
CUS002336,RETAIL,SG,2024-01-04,VERIFIED
CUS002337,RETAIL,IN,2023-11-25,VERIFIED
CUS002338,RETAIL,IN,2022-11-15,VERIFIED
CUS002339,SME,IN,2024-12-02,PENDING
CUS002340,RETAIL,AE,2024-06-08,VERIFIED
CUS002341,RETAIL,IN,2023-06-28,VERIFIED
CUS002342,RETAIL,IN,2024-11-28,VERIFIED
CUS002343,SME,IN,2024-09-02,VERIFIED
CUS002344,RETAIL,IN,2024-11-24,VERIFIED
CUS002345,RETAIL,IN,2021-11-14,VERIFIED
CUS002346,RETAIL,IN,2024-07-28,VERIFIED
CUS002347,SME,SG,2024-04-18,VERIFIED
CUS002348,RETAIL,AE,2021-12-14,VERIFIED
CUS002349,RETAIL,AE,2023-05-07,PENDING
CUS002350,RETAIL,IN,2023-04-15,REJECTED
CUS002351,RETAIL,IN,2022-06-27,VERIFIED
CUS002352,RETAIL,SG,2022-08-12,VERIFIED
CUS002353,RETAIL,AE,2023-06-03,PENDING
CUS002354,RETAIL,IN,2021-08-26,VERIFIED
CUS002355,SME,SG,2024-02-18,VERIFIED
CUS002356,RETAIL,SG,2024-03-10,VERIFIED
CUS002357,SME,SG,2023-01-12,VERIFIED
CUS002358,RETAIL,SG,2021-08-31,VERIFIED
CUS002359,RETAIL,IN,2021-07-26,VERIFIED
CUS002360,RETAIL,IN,2022-02-23,VERIFIED
CUS002361,RETAIL,IN,2024-12-28,VERIFIED
CUS002362,SME,IN,2022-03-18,VERIFIED
CUS002363,RETAIL,AE,2024-05-17,VERIFIED
CUS002364,SME,IN,2021-08-31,VERIFIED
CUS002365,RETAIL,IN,2024-07-27,VERIFIED
CUS002366,RETAIL,SG,2024-07-09,VERIFIED
CUS002367,RETAIL,SG,2023-01-11,VERIFIED
CUS002368,RETAIL,SG,2022-12-07,VERIFIED
CUS002369,SME,IN,2023-09-14,VERIFIED
CUS002370,RETAIL,AE,2023-02-25,VERIFIED
CUS002371,RETAIL,IN,2022-04-07,VERIFIED
CUS002372,SME,IN,2022-06-17,VERIFIED
CUS002373,RETAIL,IN,2022-04-10,VERIFIED
CUS002374,RETAIL,SG,2024-02-03,VERIFIED
CUS002375,RETAIL,SG,2022-11-10,VERIFIED
CUS002376,RETAIL,IN,2024-07-07,VERIFIED
CUS002377,RETAIL,IN,2024-01-28,VERIFIED
CUS002378,RETAIL,SG,2021-04-10,VERIFIED
CUS002379,RETAIL,SG,2024-11-03,VERIFIED
CUS002380,SME,IN,2023-03-22,VERIFIED
CUS002381,RETAIL,AE,2023-02-12,PENDING
CUS002382,RETAIL,SG,2024-02-12,VERIFIED
CUS002383,SME,AE,2024-10-23,VERIFIED
CUS002384,RETAIL,AE,2024-07-05,VERIFIED
CUS002385,RETAIL,AE,2022-03-16,VERIFIED
CUS002386,RETAIL,SG,2022-09-23,VERIFIED
CUS002387,RETAIL,IN,2022-11-13,VERIFIED
CUS002388,SME,IN,2024-06-09,VERIFIED
CUS002389,RETAIL,IN,2022-12-01,VERIFIED
CUS002390,RETAIL,SG,2024-04-20,VERIFIED
CUS002391,RETAIL,IN,2023-10-22,VERIFIED
CUS002392,RETAIL,AE,2021-05-09,VERIFIED
CUS002393,SME,IN,2023-04-16,VERIFIED
CUS002394,RETAIL,IN,2024-11-22,VERIFIED
CUS002395,RETAIL,IN,2022-09-22,VERIFIED
CUS002396,RETAIL,IN,2024-04-15,VERIFIED
CUS002397,RETAIL,IN,2024-12-25,VERIFIED
CUS002398,RETAIL,IN,2022-06-07,VERIFIED
CUS002399,RETAIL,AE,2022-07-30,VERIFIED
CUS002400,RETAIL,IN,2024-03-04,VERIFIED
CUS002401,SME,IN,2022-03-01,VERIFIED
CUS002402,SME,IN,2024-04-22,VERIFIED
CUS002403,RETAIL,IN,2023-01-30,VERIFIED
CUS002404,SME,IN,2022-11-14,VERIFIED
CUS002405,RETAIL,SG,2024-07-28,VERIFIED
CUS002406,RETAIL,SG,2022-05-03,VERIFIED
CUS002407,RETAIL,IN,2023-01-27,VERIFIED
CUS002408,SME,IN,2023-05-10,VERIFIED
CUS002409,RETAIL,IN,2022-03-06,VERIFIED
CUS002410,RETAIL,IN,2022-01-04,VERIFIED
CUS002411,RETAIL,AE,2023-02-11,VERIFIED
CUS002412,RETAIL,IN,2021-11-17,VERIFIED
CUS002413,RETAIL,AE,2024-10-20,VERIFIED
CUS002414,RETAIL,IN,2022-08-13,VERIFIED
CUS002415,SME,IN,2023-12-09,VERIFIED
CUS002416,RETAIL,IN,2022-10-16,VERIFIED
CUS002417,RETAIL,IN,2022-08-11,VERIFIED
CUS002418,SME,AE,2021-11-16,VERIFIED
CUS002419,RETAIL,IN,2022-11-12,VERIFIED
CUS002420,RETAIL,AE,2024-12-11,VERIFIED
CUS002421,RETAIL,AE,2021-04-03,VERIFIED
CUS002422,RETAIL,IN,2023-01-18,VERIFIED
CUS002423,RETAIL,IN,2024-07-14,PENDING
CUS002424,RETAIL,IN,2024-07-05,VERIFIED
CUS002425,SME,IN,2024-11-18,VERIFIED
CUS002426,SME,SG,2024-02-26,VERIFIED
CUS002427,RETAIL,IN,2023-12-24,VERIFIED
CUS002428,RETAIL,AE,2021-05-14,VERIFIED
CUS002429,RETAIL,SG,2021-11-20,VERIFIED
CUS002430,RETAIL,IN,2024-12-27,VERIFIED
CUS002431,RETAIL,SG,2023-09-18,VERIFIED
CUS002432,RETAIL,IN,2023-10-30,VERIFIED
CUS002433,RETAIL,AE,2023-04-12,VERIFIED
CUS002434,RETAIL,IN,2024-05-30,VERIFIED
CUS002435,RETAIL,AE,2023-12-23,VERIFIED
CUS002436,RETAIL,SG,2022-10-26,VERIFIED
CUS002437,RETAIL,AE,2023-01-05,VERIFIED
CUS002438,RETAIL,IN,2021-10-08,VERIFIED
CUS002439,SME,AE,2021-06-16,REJECTED
CUS002440,RETAIL,IN,2023-07-04,VERIFIED
CUS002441,RETAIL,SG,2021-11-17,VERIFIED
CUS002442,RETAIL,IN,2021-10-17,VERIFIED
CUS002443,RETAIL,IN,2023-09-05,VERIFIED
CUS002444,RETAIL,IN,2023-04-26,VERIFIED
CUS002445,RETAIL,IN,2022-08-07,VERIFIED
CUS002446,RETAIL,IN,2021-07-09,VERIFIED
CUS002447,RETAIL,SG,2022-01-13,VERIFIED
CUS002448,RETAIL,IN,2021-10-04,VERIFIED
CUS002449,SME,SG,2021-12-18,VERIFIED
CUS002450,RETAIL,IN,2024-04-26,VERIFIED
CUS002451,RETAIL,SG,2024-03-08,VERIFIED
CUS002452,RETAIL,SG,2021-08-11,VERIFIED
CUS002453,RETAIL,IN,2023-04-15,VERIFIED
CUS002454,SME,SG,2024-04-07,VERIFIED
CUS002455,RETAIL,AE,2023-11-11,VERIFIED
CUS002456,RETAIL,SG,2023-02-15,VERIFIED
CUS002457,RETAIL,IN,2022-11-16,VERIFIED
CUS002458,RETAIL,IN,2024-04-02,PENDING
CUS002459,RETAIL,SG,2024-01-15,VERIFIED
CUS002460,RETAIL,IN,2023-07-10,VERIFIED
CUS002461,RETAIL,SG,2024-03-08,VERIFIED
CUS002462,RETAIL,IN,2021-03-24,VERIFIED
CUS002463,RETAIL,SG,2024-12-04,VERIFIED
CUS002464,RETAIL,IN,2022-01-26,VERIFIED
CUS002465,RETAIL,IN,2023-11-18,VERIFIED
CUS002466,RETAIL,AE,2022-11-18,VERIFIED
CUS002467,RETAIL,AE,2023-10-29,VERIFIED
CUS002468,RETAIL,AE,2021-06-02,VERIFIED
CUS002469,RETAIL,AE,2021-04-11,VERIFIED
CUS002470,RETAIL,IN,2023-08-17,VERIFIED
CUS002471,SME,IN,2024-11-22,VERIFIED
CUS002472,RETAIL,IN,2024-05-04,VERIFIED
CUS002473,RETAIL,IN,2022-04-05,VERIFIED
CUS002474,RETAIL,IN,2021-10-29,VERIFIED
CUS002475,RETAIL,AE,2024-11-06,VERIFIED
CUS002476,RETAIL,IN,2024-12-15,VERIFIED
CUS002477,SME,IN,2023-02-14,VERIFIED
CUS002478,RETAIL,IN,2021-12-02,VERIFIED
CUS002479,SME,IN,2022-01-24,VERIFIED
CUS002480,SME,IN,2024-12-02,VERIFIED
CUS002481,RETAIL,SG,2021-03-20,VERIFIED
CUS002482,RETAIL,IN,2023-11-30,VERIFIED
CUS002483,RETAIL,IN,2024-02-16,VERIFIED
CUS002484,SME,AE,2023-08-23,VERIFIED
CUS002485,RETAIL,IN,2022-02-08,VERIFIED
CUS002486,RETAIL,SG,2023-10-14,VERIFIED
CUS002487,RETAIL,IN,2022-07-11,VERIFIED
CUS002488,RETAIL,IN,2024-01-27,VERIFIED
CUS002489,RETAIL,IN,2024-07-21,VERIFIED
CUS002490,SME,AE,2024-08-03,VERIFIED
CUS002491,RETAIL,SG,2023-04-28,VERIFIED
CUS002492,SME,IN,2024-12-28,VERIFIED
CUS002493,RETAIL,IN,2022-11-11,VERIFIED
CUS002494,RETAIL,AE,2022-01-13,PENDING
CUS002495,RETAIL,SG,2022-11-05,VERIFIED
CUS002496,RETAIL,IN,2023-04-03,VERIFIED
CUS002497,RETAIL,AE,2024-05-08,VERIFIED
CUS002498,RETAIL,SG,2024-05-20,VERIFIED
CUS002499,RETAIL,SG,2024-07-23,VERIFIED
CUS002500,SME,IN,2024-09-08,VERIFIED
CUS002501,RETAIL,IN,2022-11-05,VERIFIED
CUS002502,RETAIL,AE,2023-12-09,VERIFIED
CUS002503,RETAIL,IN,2022-06-20,VERIFIED
CUS002504,RETAIL,IN,2023-08-24,VERIFIED
CUS002505,SME,IN,2023-10-09,REJECTED
CUS002506,SME,IN,2023-03-28,PENDING
CUS002507,SME,SG,2023-08-12,VERIFIED
CUS002508,SME,IN,2024-08-13,VERIFIED
CUS002509,RETAIL,SG,2024-11-27,VERIFIED
CUS002510,SME,IN,2021-04-01,VERIFIED
CUS002511,RETAIL,IN,2024-08-04,VERIFIED
CUS002512,RETAIL,IN,2023-12-22,VERIFIED
CUS002513,RETAIL,SG,2023-06-13,VERIFIED
CUS002514,RETAIL,IN,2023-04-25,VERIFIED
CUS002515,RETAIL,IN,2022-02-17,VERIFIED
CUS002516,RETAIL,SG,2022-04-15,VERIFIED
CUS002517,RETAIL,IN,2022-09-06,VERIFIED
CUS002518,SME,IN,2023-10-25,VERIFIED
CUS002519,RETAIL,IN,2021-05-08,VERIFIED
CUS002520,RETAIL,AE,2024-09-08,VERIFIED
CUS002521,RETAIL,IN,2023-10-25,VERIFIED
CUS002522,SME,IN,2023-07-24,VERIFIED
CUS002523,SME,IN,2023-08-31,VERIFIED
CUS002524,RETAIL,IN,2022-11-19,VERIFIED
CUS002525,SME,IN,2024-10-22,VERIFIED
CUS002526,RETAIL,IN,2021-10-11,VERIFIED
CUS002527,SME,IN,2024-05-22,VERIFIED
CUS002528,RETAIL,IN,2023-08-05,VERIFIED
CUS002529,RETAIL,AE,2022-10-11,VERIFIED
CUS002530,RETAIL,IN,2021-08-05,VERIFIED
CUS002531,RETAIL,IN,2022-11-13,VERIFIED
CUS002532,RETAIL,AE,2022-11-29,VERIFIED
CUS002533,RETAIL,AE,2024-01-22,VERIFIED
CUS002534,RETAIL,SG,2022-04-03,VERIFIED
CUS002535,RETAIL,IN,2022-11-09,VERIFIED
CUS002536,RETAIL,IN,2024-11-20,VERIFIED
CUS002537,RETAIL,IN,2023-05-25,VERIFIED
CUS002538,SME,IN,2021-07-27,VERIFIED
CUS002539,RETAIL,IN,2021-09-18,VERIFIED
CUS002540,RETAIL,IN,2024-03-09,VERIFIED
CUS002541,SME,IN,2022-03-02,VERIFIED
CUS002542,RETAIL,IN,2023-10-03,VERIFIED
CUS002543,RETAIL,IN,2022-02-01,VERIFIED
CUS002544,RETAIL,IN,2022-12-30,VERIFIED
CUS002545,SME,SG,2023-10-10,VERIFIED
CUS002546,RETAIL,AE,2021-04-29,VERIFIED
CUS002547,RETAIL,IN,2024-01-29,VERIFIED
CUS002548,RETAIL,IN,2023-09-06,VERIFIED
CUS002549,SME,IN,2021-06-05,VERIFIED
CUS002550,RETAIL,IN,2024-02-28,VERIFIED
CUS002551,SME,SG,2024-03-31,VERIFIED
CUS002552,RETAIL,IN,2021-04-27,VERIFIED
CUS002553,RETAIL,IN,2023-02-25,VERIFIED
CUS002554,RETAIL,IN,2021-11-27,PENDING
CUS002555,SME,IN,2024-08-30,VERIFIED
CUS002556,RETAIL,IN,2022-06-18,VERIFIED
CUS002557,RETAIL,IN,2024-08-09,VERIFIED
CUS002558,RETAIL,AE,2023-06-08,VERIFIED
CUS002559,RETAIL,IN,2024-03-23,VERIFIED
CUS002560,RETAIL,IN,2023-05-24,VERIFIED
CUS002561,RETAIL,IN,2023-07-03,VERIFIED
CUS002562,RETAIL,IN,2021-05-12,VERIFIED
CUS002563,RETAIL,IN,2022-06-19,VERIFIED
CUS002564,RETAIL,IN,2024-09-27,VERIFIED
CUS002565,RETAIL,SG,2023-02-20,VERIFIED
CUS002566,SME,IN,2022-02-06,VERIFIED
CUS002567,RETAIL,IN,2023-02-12,VERIFIED
CUS002568,RETAIL,IN,2022-09-13,VERIFIED
CUS002569,RETAIL,IN,2023-01-15,VERIFIED
CUS002570,RETAIL,IN,2021-04-17,VERIFIED
CUS002571,RETAIL,AE,2022-06-27,VERIFIED
CUS002572,RETAIL,IN,2022-11-12,VERIFIED
CUS002573,SME,IN,2021-05-23,VERIFIED
CUS002574,RETAIL,SG,2023-12-06,VERIFIED
CUS002575,RETAIL,IN,2022-02-10,VERIFIED
CUS002576,RETAIL,IN,2022-01-06,VERIFIED
CUS002577,RETAIL,IN,2023-08-02,VERIFIED
CUS002578,RETAIL,SG,2021-03-24,VERIFIED
CUS002579,SME,IN,2023-11-15,VERIFIED
CUS002580,SME,SG,2021-07-11,VERIFIED
CUS002581,RETAIL,AE,2024-12-06,VERIFIED
CUS002582,RETAIL,SG,2023-11-16,VERIFIED
CUS002583,RETAIL,AE,2023-11-01,VERIFIED
CUS002584,RETAIL,SG,2023-09-05,VERIFIED
CUS002585,RETAIL,AE,2023-05-01,VERIFIED
CUS002586,SME,AE,2022-02-10,VERIFIED
CUS002587,RETAIL,SG,2023-05-10,VERIFIED
CUS002588,RETAIL,SG,2022-09-17,VERIFIED
CUS002589,RETAIL,AE,2024-07-25,VERIFIED
CUS002590,RETAIL,IN,2024-12-16,VERIFIED
CUS002591,SME,SG,2023-06-29,VERIFIED
CUS002592,SME,IN,2024-06-17,VERIFIED
CUS002593,SME,AE,2024-08-02,VERIFIED
CUS002594,SME,IN,2024-09-04,VERIFIED
CUS002595,RETAIL,SG,2023-12-17,VERIFIED
CUS002596,RETAIL,SG,2024-04-26,VERIFIED
CUS002597,RETAIL,AE,2024-06-13,VERIFIED
CUS002598,RETAIL,IN,2023-11-02,VERIFIED
CUS002599,RETAIL,SG,2024-01-11,VERIFIED
CUS002600,RETAIL,SG,2021-04-18,VERIFIED
CUS002601,SME,AE,2022-07-22,VERIFIED
CUS002602,RETAIL,AE,2022-05-30,VERIFIED
CUS002603,SME,IN,2022-05-17,PENDING
CUS002604,SME,IN,2024-10-17,VERIFIED
CUS002605,SME,IN,2023-02-10,VERIFIED
CUS002606,RETAIL,AE,2022-09-04,VERIFIED
CUS002607,RETAIL,IN,2021-05-28,VERIFIED
CUS002608,RETAIL,SG,2023-05-01,VERIFIED
CUS002609,RETAIL,SG,2023-12-15,VERIFIED
CUS002610,RETAIL,IN,2022-02-11,VERIFIED
CUS002611,RETAIL,IN,2024-04-18,VERIFIED
CUS002612,RETAIL,IN,2021-08-13,PENDING
CUS002613,RETAIL,AE,2023-08-21,VERIFIED
CUS002614,SME,IN,2024-10-02,VERIFIED
CUS002615,RETAIL,IN,2023-08-27,VERIFIED
CUS002616,SME,SG,2021-04-01,VERIFIED
CUS002617,RETAIL,IN,2023-05-07,VERIFIED
CUS002618,RETAIL,AE,2024-10-12,VERIFIED
CUS002619,RETAIL,IN,2023-07-30,VERIFIED
CUS002620,RETAIL,IN,2022-03-13,VERIFIED
CUS002621,RETAIL,IN,2024-10-17,VERIFIED
CUS002622,SME,IN,2021-07-17,VERIFIED
CUS002623,SME,IN,2022-02-12,VERIFIED
CUS002624,RETAIL,SG,2022-02-14,VERIFIED
CUS002625,RETAIL,IN,2022-02-12,PENDING
CUS002626,RETAIL,IN,2024-06-04,VERIFIED
CUS002627,RETAIL,IN,2021-12-06,VERIFIED
CUS002628,RETAIL,IN,2024-03-16,VERIFIED
CUS002629,RETAIL,AE,2024-05-31,VERIFIED
CUS002630,RETAIL,IN,2024-11-05,VERIFIED
CUS002631,RETAIL,AE,2024-06-15,VERIFIED
CUS002632,RETAIL,IN,2024-07-02,VERIFIED
CUS002633,RETAIL,IN,2021-08-13,VERIFIED
CUS002634,RETAIL,IN,2024-10-08,VERIFIED
CUS002635,RETAIL,IN,2022-07-10,PENDING
CUS002636,RETAIL,SG,2024-10-18,VERIFIED
CUS002637,RETAIL,IN,2021-04-27,VERIFIED
CUS002638,SME,IN,2022-11-07,VERIFIED
CUS002639,RETAIL,SG,2023-01-12,VERIFIED
CUS002640,SME,SG,2024-09-16,VERIFIED
CUS002641,RETAIL,AE,2021-09-04,VERIFIED
CUS002642,RETAIL,AE,2023-05-17,VERIFIED
CUS002643,RETAIL,SG,2024-06-19,VERIFIED
CUS002644,RETAIL,SG,2022-04-14,VERIFIED
CUS002645,RETAIL,SG,2021-05-21,VERIFIED
CUS002646,RETAIL,IN,2024-12-11,VERIFIED
CUS002647,RETAIL,SG,2024-03-25,VERIFIED
CUS002648,RETAIL,IN,2022-07-22,PENDING
CUS002649,RETAIL,SG,2024-10-06,VERIFIED
CUS002650,RETAIL,AE,2022-02-06,VERIFIED
CUS002651,RETAIL,IN,2022-08-31,PENDING
CUS002652,SME,AE,2022-12-12,PENDING
CUS002653,RETAIL,AE,2023-09-30,VERIFIED
CUS002654,RETAIL,IN,2023-03-08,VERIFIED
CUS002655,RETAIL,IN,2024-09-08,VERIFIED
CUS002656,RETAIL,AE,2022-03-15,VERIFIED
CUS002657,RETAIL,AE,2022-08-26,VERIFIED
CUS002658,RETAIL,IN,2022-12-22,VERIFIED
CUS002659,SME,IN,2022-01-01,VERIFIED
CUS002660,SME,SG,2023-01-20,VERIFIED
CUS002661,RETAIL,IN,2023-06-17,VERIFIED
CUS002662,SME,IN,2021-12-06,VERIFIED
CUS002663,RETAIL,IN,2021-06-03,VERIFIED
CUS002664,SME,IN,2021-10-17,VERIFIED
CUS002665,RETAIL,IN,2023-01-17,VERIFIED
CUS002666,SME,SG,2023-08-05,VERIFIED
CUS002667,RETAIL,SG,2024-07-02,VERIFIED
CUS002668,RETAIL,SG,2023-05-31,VERIFIED
CUS002669,SME,IN,2021-10-25,VERIFIED
CUS002670,RETAIL,IN,2021-12-07,VERIFIED
CUS002671,RETAIL,IN,2024-07-06,VERIFIED
CUS002672,RETAIL,IN,2022-12-01,VERIFIED
CUS002673,RETAIL,IN,2022-06-10,VERIFIED
CUS002674,RETAIL,IN,2022-05-16,VERIFIED
CUS002675,RETAIL,IN,2021-08-25,VERIFIED
CUS002676,RETAIL,IN,2024-09-18,VERIFIED
CUS002677,SME,SG,2023-03-23,VERIFIED
CUS002678,RETAIL,SG,2024-08-21,VERIFIED
CUS002679,SME,AE,2022-03-24,VERIFIED
CUS002680,RETAIL,SG,2022-12-19,VERIFIED
CUS002681,RETAIL,IN,2023-05-07,VERIFIED
CUS002682,RETAIL,IN,2021-11-12,VERIFIED
CUS002683,SME,IN,2021-10-05,VERIFIED
CUS002684,RETAIL,IN,2023-10-16,PENDING
CUS002685,RETAIL,IN,2021-11-17,VERIFIED
CUS002686,SME,IN,2021-04-28,PENDING
CUS002687,RETAIL,IN,2024-10-21,VERIFIED
CUS002688,RETAIL,IN,2022-02-02,VERIFIED
CUS002689,RETAIL,SG,2024-07-24,VERIFIED
CUS002690,SME,AE,2022-01-03,VERIFIED
CUS002691,RETAIL,SG,2022-05-26,VERIFIED
CUS002692,RETAIL,SG,2021-10-22,VERIFIED
CUS002693,SME,IN,2022-10-21,VERIFIED
CUS002694,RETAIL,IN,2024-01-11,VERIFIED
CUS002695,RETAIL,SG,2022-05-04,VERIFIED
CUS002696,RETAIL,IN,2023-09-27,VERIFIED
CUS002697,RETAIL,IN,2024-11-19,VERIFIED
CUS002698,RETAIL,IN,2024-07-20,VERIFIED
CUS002699,RETAIL,AE,2021-09-01,VERIFIED
CUS002700,RETAIL,SG,2023-07-19,VERIFIED
CUS002701,SME,IN,2024-06-14,VERIFIED
CUS002702,SME,SG,2024-11-12,VERIFIED
CUS002703,SME,IN,2024-11-05,VERIFIED
CUS002704,RETAIL,IN,2022-02-14,VERIFIED
CUS002705,RETAIL,IN,2024-07-03,VERIFIED
CUS002706,RETAIL,IN,2021-12-05,VERIFIED
CUS002707,RETAIL,SG,2022-11-11,VERIFIED
CUS002708,RETAIL,IN,2024-03-08,VERIFIED
CUS002709,RETAIL,SG,2021-07-20,VERIFIED
CUS002710,RETAIL,IN,2023-02-16,PENDING
CUS002711,RETAIL,SG,2023-06-29,VERIFIED
CUS002712,RETAIL,SG,2022-06-06,VERIFIED
CUS002713,RETAIL,SG,2022-06-26,VERIFIED
CUS002714,RETAIL,IN,2022-02-27,VERIFIED
CUS002715,RETAIL,AE,2022-08-25,VERIFIED
CUS002716,RETAIL,IN,2021-04-15,VERIFIED
CUS002717,SME,SG,2023-05-30,VERIFIED
CUS002718,SME,SG,2024-03-27,VERIFIED
CUS002719,SME,IN,2024-07-08,VERIFIED
CUS002720,RETAIL,IN,2024-01-22,VERIFIED
CUS002721,RETAIL,IN,2022-01-15,VERIFIED
CUS002722,RETAIL,IN,2021-09-24,VERIFIED
CUS002723,RETAIL,IN,2023-11-20,VERIFIED
CUS002724,RETAIL,IN,2024-08-18,VERIFIED
CUS002725,SME,IN,2022-03-30,VERIFIED
CUS002726,RETAIL,IN,2021-12-28,VERIFIED
CUS002727,RETAIL,SG,2024-10-16,VERIFIED
CUS002728,SME,IN,2024-06-29,VERIFIED
CUS002729,RETAIL,SG,2023-09-20,VERIFIED
CUS002730,SME,IN,2023-03-23,VERIFIED
CUS002731,RETAIL,IN,2024-07-31,VERIFIED
CUS002732,RETAIL,IN,2022-09-25,VERIFIED
CUS002733,SME,SG,2023-02-06,VERIFIED
CUS002734,SME,IN,2022-01-22,VERIFIED
CUS002735,RETAIL,AE,2021-05-08,VERIFIED
CUS002736,RETAIL,IN,2024-07-25,VERIFIED
CUS002737,RETAIL,IN,2023-04-09,VERIFIED
CUS002738,RETAIL,IN,2021-11-05,VERIFIED
CUS002739,RETAIL,SG,2024-12-20,PENDING
CUS002740,RETAIL,IN,2021-09-29,VERIFIED
CUS002741,RETAIL,IN,2023-06-26,VERIFIED
CUS002742,RETAIL,IN,2021-12-18,VERIFIED
CUS002743,RETAIL,IN,2022-09-13,VERIFIED
CUS002744,RETAIL,IN,2021-05-30,VERIFIED
CUS002745,RETAIL,AE,2024-06-05,VERIFIED
CUS002746,RETAIL,IN,2021-08-29,VERIFIED
CUS002747,RETAIL,IN,2022-11-01,VERIFIED
CUS002748,RETAIL,AE,2022-01-22,VERIFIED
CUS002749,RETAIL,IN,2022-01-15,VERIFIED
CUS002750,RETAIL,IN,2022-10-13,VERIFIED
CUS002751,RETAIL,SG,2023-04-09,PENDING
CUS002752,RETAIL,AE,2021-11-26,VERIFIED
CUS002753,RETAIL,SG,2023-01-24,VERIFIED
CUS002754,RETAIL,IN,2021-04-07,VERIFIED
CUS002755,RETAIL,AE,2022-06-13,VERIFIED
CUS002756,RETAIL,IN,2022-07-24,VERIFIED
CUS002757,RETAIL,AE,2022-10-09,PENDING
CUS002758,RETAIL,AE,2024-01-28,VERIFIED
CUS002759,RETAIL,AE,2022-02-18,VERIFIED
CUS002760,SME,IN,2024-01-21,VERIFIED
CUS002761,RETAIL,IN,2022-08-24,VERIFIED
CUS002762,RETAIL,SG,2021-12-14,VERIFIED
CUS002763,SME,IN,2023-04-11,VERIFIED
CUS002764,RETAIL,IN,2021-03-18,REJECTED
CUS002765,SME,AE,2024-05-17,VERIFIED
CUS002766,RETAIL,SG,2024-03-13,VERIFIED
CUS002767,RETAIL,IN,2023-11-04,VERIFIED
CUS002768,SME,IN,2021-04-14,VERIFIED
CUS002769,SME,IN,2022-12-16,VERIFIED
CUS002770,RETAIL,IN,2023-12-23,PENDING
CUS002771,RETAIL,IN,2021-04-21,VERIFIED
CUS002772,RETAIL,SG,2023-06-04,VERIFIED
CUS002773,RETAIL,SG,2023-12-25,VERIFIED
CUS002774,SME,IN,2021-07-10,VERIFIED
CUS002775,RETAIL,IN,2024-05-30,VERIFIED
CUS002776,SME,SG,2021-04-26,VERIFIED
CUS002777,RETAIL,SG,2024-10-30,VERIFIED
CUS002778,RETAIL,AE,2022-10-31,VERIFIED
CUS002779,RETAIL,IN,2022-10-09,VERIFIED
CUS002780,RETAIL,SG,2021-05-12,VERIFIED
CUS002781,RETAIL,IN,2021-06-10,VERIFIED
CUS002782,RETAIL,IN,2021-10-10,VERIFIED
CUS002783,SME,AE,2021-06-29,VERIFIED
CUS002784,SME,IN,2021-09-07,VERIFIED
CUS002785,RETAIL,IN,2023-01-14,VERIFIED
CUS002786,RETAIL,IN,2021-09-04,VERIFIED
CUS002787,RETAIL,IN,2022-01-18,VERIFIED
CUS002788,RETAIL,IN,2023-07-11,VERIFIED
CUS002789,RETAIL,SG,2021-08-18,VERIFIED
CUS002790,RETAIL,IN,2024-11-20,VERIFIED
CUS002791,SME,IN,2024-08-11,VERIFIED
CUS002792,RETAIL,AE,2024-05-16,VERIFIED
CUS002793,SME,IN,2022-12-15,VERIFIED
CUS002794,RETAIL,AE,2024-09-19,VERIFIED
CUS002795,RETAIL,IN,2024-02-22,VERIFIED
CUS002796,RETAIL,IN,2024-01-28,PENDING
CUS002797,SME,IN,2024-01-28,VERIFIED
CUS002798,RETAIL,SG,2024-10-16,VERIFIED
CUS002799,RETAIL,IN,2024-02-22,VERIFIED
CUS002800,RETAIL,AE,2023-12-11,VERIFIED
CUS002801,SME,IN,2022-02-04,VERIFIED
CUS002802,RETAIL,IN,2022-09-30,VERIFIED
CUS002803,RETAIL,IN,2023-10-19,VERIFIED
CUS002804,RETAIL,IN,2024-06-18,VERIFIED
CUS002805,RETAIL,IN,2023-01-14,VERIFIED
CUS002806,RETAIL,IN,2023-10-17,VERIFIED
CUS002807,RETAIL,IN,2022-05-02,VERIFIED
CUS002808,SME,SG,2024-02-23,VERIFIED
CUS002809,RETAIL,IN,2021-03-08,VERIFIED
CUS002810,SME,IN,2024-08-21,VERIFIED
CUS002811,RETAIL,IN,2021-10-21,VERIFIED
CUS002812,RETAIL,IN,2022-05-31,VERIFIED
CUS002813,RETAIL,IN,2022-06-04,VERIFIED
CUS002814,RETAIL,IN,2021-07-31,VERIFIED
CUS002815,RETAIL,IN,2023-04-10,VERIFIED
CUS002816,SME,AE,2022-04-05,VERIFIED
CUS002817,RETAIL,IN,2022-12-24,VERIFIED
CUS002818,RETAIL,IN,2022-05-20,VERIFIED
CUS002819,RETAIL,AE,2022-11-19,VERIFIED
CUS002820,SME,IN,2021-03-27,VERIFIED
CUS002821,SME,IN,2023-10-07,VERIFIED
CUS002822,RETAIL,AE,2022-03-15,VERIFIED
CUS002823,SME,AE,2024-05-14,VERIFIED
CUS002824,RETAIL,SG,2024-10-28,VERIFIED
CUS002825,RETAIL,IN,2022-04-23,VERIFIED
CUS002826,SME,IN,2024-03-02,VERIFIED
CUS002827,RETAIL,AE,2024-12-11,PENDING
CUS002828,RETAIL,AE,2022-07-24,VERIFIED
CUS002829,RETAIL,IN,2022-08-29,VERIFIED
CUS002830,RETAIL,IN,2022-07-22,VERIFIED
CUS002831,RETAIL,IN,2023-04-07,REJECTED
CUS002832,RETAIL,IN,2021-10-24,PENDING
CUS002833,RETAIL,SG,2024-12-15,VERIFIED
CUS002834,RETAIL,IN,2024-05-24,VERIFIED
CUS002835,RETAIL,IN,2023-07-24,VERIFIED
CUS002836,SME,IN,2021-03-30,VERIFIED
CUS002837,RETAIL,IN,2022-03-30,VERIFIED
CUS002838,RETAIL,IN,2023-01-10,VERIFIED
CUS002839,RETAIL,IN,2021-05-14,VERIFIED
CUS002840,RETAIL,IN,2021-06-23,VERIFIED
CUS002841,RETAIL,AE,2024-08-07,VERIFIED
CUS002842,RETAIL,IN,2022-12-22,VERIFIED
CUS002843,RETAIL,IN,2021-05-11,VERIFIED
CUS002844,RETAIL,IN,2024-04-15,VERIFIED
CUS002845,RETAIL,IN,2024-05-25,VERIFIED
CUS002846,RETAIL,IN,2023-08-29,VERIFIED
CUS002847,RETAIL,IN,2021-04-16,VERIFIED
CUS002848,SME,IN,2024-02-27,VERIFIED
CUS002849,RETAIL,IN,2022-07-27,VERIFIED
CUS002850,RETAIL,SG,2023-12-29,VERIFIED
CUS002851,RETAIL,IN,2022-03-07,VERIFIED
CUS002852,RETAIL,IN,2021-08-04,VERIFIED
CUS002853,RETAIL,IN,2024-11-06,VERIFIED
CUS002854,RETAIL,IN,2023-07-23,VERIFIED
CUS002855,SME,IN,2022-10-14,VERIFIED
CUS002856,RETAIL,IN,2024-04-21,VERIFIED
CUS002857,RETAIL,IN,2022-07-28,VERIFIED
CUS002858,RETAIL,IN,2023-08-10,VERIFIED
CUS002859,RETAIL,AE,2024-11-13,VERIFIED
CUS002860,RETAIL,AE,2022-08-21,VERIFIED
CUS002861,RETAIL,AE,2024-11-09,VERIFIED
CUS002862,RETAIL,IN,2024-03-26,VERIFIED
CUS002863,RETAIL,IN,2024-05-17,PENDING
CUS002864,SME,IN,2024-10-22,VERIFIED
CUS002865,RETAIL,IN,2023-06-06,VERIFIED
CUS002866,SME,IN,2021-08-30,VERIFIED
CUS002867,RETAIL,IN,2023-11-01,PENDING
CUS002868,RETAIL,IN,2024-02-02,VERIFIED
CUS002869,RETAIL,IN,2021-11-29,VERIFIED
CUS002870,RETAIL,IN,2021-06-01,VERIFIED
CUS002871,RETAIL,SG,2023-11-07,VERIFIED
CUS002872,SME,IN,2024-10-27,VERIFIED
CUS002873,SME,AE,2022-02-02,VERIFIED
CUS002874,RETAIL,IN,2022-07-05,PENDING
CUS002875,RETAIL,IN,2021-03-07,VERIFIED
CUS002876,RETAIL,IN,2022-06-15,VERIFIED
CUS002877,SME,IN,2021-06-10,VERIFIED
CUS002878,RETAIL,IN,2024-05-28,VERIFIED
CUS002879,RETAIL,IN,2024-05-16,VERIFIED
CUS002880,RETAIL,IN,2022-06-15,VERIFIED
CUS002881,RETAIL,IN,2022-02-19,VERIFIED
CUS002882,RETAIL,IN,2023-07-09,VERIFIED
CUS002883,RETAIL,AE,2023-05-09,VERIFIED
CUS002884,RETAIL,IN,2023-07-17,VERIFIED
CUS002885,RETAIL,IN,2024-10-26,VERIFIED
CUS002886,RETAIL,IN,2021-08-22,VERIFIED
CUS002887,RETAIL,IN,2021-07-11,VERIFIED
CUS002888,RETAIL,IN,2021-05-09,VERIFIED
CUS002889,RETAIL,IN,2023-01-26,VERIFIED
CUS002890,RETAIL,SG,2024-05-08,VERIFIED
CUS002891,SME,IN,2023-06-16,VERIFIED
CUS002892,RETAIL,IN,2022-05-20,PENDING
CUS002893,RETAIL,IN,2024-05-04,VERIFIED
CUS002894,RETAIL,AE,2024-05-30,VERIFIED
CUS002895,SME,SG,2021-03-14,VERIFIED
CUS002896,RETAIL,AE,2024-11-13,VERIFIED
CUS002897,RETAIL,SG,2022-09-17,VERIFIED
CUS002898,RETAIL,SG,2024-06-06,VERIFIED
CUS002899,RETAIL,IN,2024-12-02,VERIFIED
CUS002900,SME,AE,2022-07-28,VERIFIED
CUS002901,RETAIL,IN,2024-04-19,VERIFIED
CUS002902,RETAIL,IN,2022-03-21,VERIFIED
CUS002903,RETAIL,SG,2021-11-04,VERIFIED
CUS002904,SME,IN,2023-01-23,VERIFIED
CUS002905,SME,IN,2024-05-13,VERIFIED
CUS002906,RETAIL,IN,2021-05-10,VERIFIED
CUS002907,RETAIL,IN,2023-07-30,VERIFIED
CUS002908,RETAIL,AE,2022-01-28,VERIFIED
CUS002909,RETAIL,IN,2024-04-06,PENDING
CUS002910,RETAIL,SG,2024-05-20,PENDING
CUS002911,RETAIL,IN,2022-06-02,VERIFIED
CUS002912,RETAIL,SG,2024-03-16,VERIFIED
CUS002913,RETAIL,IN,2022-12-18,VERIFIED
CUS002914,RETAIL,AE,2022-09-20,VERIFIED
CUS002915,RETAIL,IN,2024-07-14,VERIFIED
CUS002916,SME,IN,2023-09-23,PENDING
CUS002917,RETAIL,IN,2024-04-06,VERIFIED
CUS002918,RETAIL,IN,2024-12-31,VERIFIED
CUS002919,RETAIL,IN,2021-05-14,VERIFIED
CUS002920,RETAIL,SG,2024-11-28,VERIFIED
CUS002921,RETAIL,AE,2021-10-28,VERIFIED
CUS002922,RETAIL,SG,2023-06-10,VERIFIED
CUS002923,RETAIL,IN,2023-12-11,VERIFIED
CUS002924,RETAIL,IN,2022-12-30,PENDING
CUS002925,RETAIL,SG,2021-06-29,VERIFIED
CUS002926,RETAIL,AE,2022-07-02,VERIFIED
CUS002927,RETAIL,IN,2024-09-11,VERIFIED
CUS002928,RETAIL,AE,2022-01-29,VERIFIED
CUS002929,RETAIL,IN,2022-01-29,VERIFIED
CUS002930,RETAIL,SG,2021-04-16,VERIFIED
CUS002931,RETAIL,AE,2024-03-25,VERIFIED
CUS002932,SME,SG,2021-10-15,VERIFIED
CUS002933,RETAIL,IN,2023-08-02,VERIFIED
CUS002934,SME,IN,2023-08-22,VERIFIED
CUS002935,RETAIL,IN,2022-07-30,VERIFIED
CUS002936,RETAIL,SG,2022-12-15,PENDING
CUS002937,RETAIL,IN,2024-02-15,VERIFIED
CUS002938,RETAIL,SG,2024-03-05,VERIFIED
CUS002939,SME,AE,2022-07-06,VERIFIED
CUS002940,RETAIL,IN,2021-04-16,VERIFIED
CUS002941,RETAIL,IN,2024-02-15,VERIFIED
CUS002942,SME,SG,2022-12-14,VERIFIED
CUS002943,SME,IN,2023-10-30,VERIFIED
CUS002944,SME,IN,2024-01-18,VERIFIED
CUS002945,RETAIL,IN,2021-12-15,VERIFIED
CUS002946,RETAIL,IN,2022-03-25,VERIFIED
CUS002947,RETAIL,SG,2023-03-02,VERIFIED
CUS002948,RETAIL,IN,2023-02-18,VERIFIED
CUS002949,RETAIL,IN,2023-05-17,VERIFIED
CUS002950,RETAIL,IN,2021-03-08,VERIFIED
CUS002951,RETAIL,IN,2021-05-18,VERIFIED
CUS002952,RETAIL,IN,2024-09-19,VERIFIED
CUS002953,RETAIL,SG,2021-11-16,VERIFIED
CUS002954,RETAIL,IN,2023-09-20,VERIFIED
CUS002955,SME,IN,2022-07-02,VERIFIED
CUS002956,RETAIL,AE,2021-05-24,VERIFIED
CUS002957,RETAIL,IN,2023-05-22,VERIFIED
CUS002958,RETAIL,IN,2023-03-28,VERIFIED
CUS002959,RETAIL,IN,2022-08-09,VERIFIED
CUS002960,RETAIL,IN,2023-10-23,VERIFIED
CUS002961,SME,IN,2023-12-29,VERIFIED
CUS002962,RETAIL,SG,2022-09-08,VERIFIED
CUS002963,RETAIL,AE,2024-03-17,VERIFIED
CUS002964,RETAIL,IN,2022-06-16,VERIFIED
CUS002965,RETAIL,IN,2024-01-18,VERIFIED
CUS002966,RETAIL,IN,2024-08-25,VERIFIED
CUS002967,RETAIL,IN,2024-08-13,VERIFIED
CUS002968,RETAIL,SG,2024-01-04,VERIFIED
CUS002969,RETAIL,SG,2024-08-11,VERIFIED
CUS002970,RETAIL,AE,2023-10-27,VERIFIED
CUS002971,RETAIL,IN,2023-05-27,VERIFIED
CUS002972,RETAIL,SG,2024-01-23,VERIFIED
CUS002973,RETAIL,IN,2022-12-16,VERIFIED
CUS002974,RETAIL,IN,2023-07-15,VERIFIED
CUS002975,RETAIL,AE,2024-09-11,PENDING
CUS002976,RETAIL,IN,2023-09-21,VERIFIED
CUS002977,RETAIL,SG,2024-12-16,VERIFIED
CUS002978,RETAIL,SG,2022-03-15,VERIFIED
CUS002979,SME,AE,2023-04-22,VERIFIED
CUS002980,RETAIL,IN,2022-09-16,VERIFIED
CUS002981,RETAIL,IN,2024-06-16,VERIFIED
CUS002982,RETAIL,SG,2023-05-12,VERIFIED
CUS002983,RETAIL,SG,2021-11-26,PENDING
CUS002984,RETAIL,IN,2024-03-27,VERIFIED
CUS002985,RETAIL,SG,2021-03-26,VERIFIED
CUS002986,RETAIL,IN,2023-05-24,VERIFIED
CUS002987,RETAIL,IN,2024-06-25,VERIFIED
CUS002988,RETAIL,AE,2024-04-24,VERIFIED
CUS002989,RETAIL,IN,2023-03-27,VERIFIED
CUS002990,RETAIL,IN,2021-05-09,VERIFIED
CUS002991,RETAIL,AE,2023-03-13,VERIFIED
CUS002992,RETAIL,SG,2024-05-03,VERIFIED
CUS002993,SME,AE,2023-07-08,VERIFIED
CUS002994,RETAIL,IN,2021-09-17,VERIFIED
CUS002995,RETAIL,AE,2021-03-25,VERIFIED
CUS002996,SME,IN,2022-08-24,VERIFIED
CUS002997,RETAIL,IN,2021-09-07,VERIFIED
CUS002998,RETAIL,IN,2021-11-23,VERIFIED
CUS002999,RETAIL,SG,2023-05-19,PENDING
CUS003000,RETAIL,AE,2021-08-07,VERIFIED
CUS003001,RETAIL,SG,2024-09-18,VERIFIED
CUS003002,SME,SG,2021-12-03,VERIFIED
CUS003003,RETAIL,IN,2022-10-11,VERIFIED
CUS003004,RETAIL,IN,2022-09-29,VERIFIED
CUS003005,RETAIL,IN,2021-06-02,VERIFIED
CUS003006,SME,IN,2023-12-25,VERIFIED
CUS003007,SME,IN,2024-03-31,VERIFIED
CUS003008,SME,AE,2022-06-22,VERIFIED
CUS003009,RETAIL,SG,2022-02-28,VERIFIED
CUS003010,RETAIL,SG,2024-12-26,VERIFIED
CUS003011,RETAIL,IN,2023-02-02,VERIFIED
CUS003012,SME,IN,2023-07-23,VERIFIED
CUS003013,RETAIL,IN,2021-11-11,VERIFIED
CUS003014,SME,IN,2021-09-18,VERIFIED
CUS003015,RETAIL,IN,2024-06-21,VERIFIED
CUS003016,SME,IN,2022-10-12,VERIFIED
CUS003017,RETAIL,IN,2022-03-27,VERIFIED
CUS003018,SME,SG,2024-01-03,VERIFIED
CUS003019,RETAIL,IN,2021-06-04,VERIFIED
CUS003020,RETAIL,IN,2021-08-01,VERIFIED
CUS003021,RETAIL,IN,2024-05-05,VERIFIED
CUS003022,SME,IN,2024-12-11,VERIFIED
CUS003023,RETAIL,IN,2022-10-15,VERIFIED
CUS003024,RETAIL,IN,2021-08-14,VERIFIED
CUS003025,SME,IN,2022-05-22,VERIFIED
CUS003026,SME,IN,2022-02-03,VERIFIED
CUS003027,RETAIL,AE,2022-03-31,VERIFIED
CUS003028,SME,IN,2024-06-11,VERIFIED
CUS003029,RETAIL,IN,2024-09-29,VERIFIED
CUS003030,RETAIL,IN,2024-10-05,VERIFIED
CUS003031,RETAIL,IN,2021-03-26,VERIFIED
CUS003032,SME,IN,2021-05-11,VERIFIED
CUS003033,RETAIL,AE,2021-10-22,VERIFIED
CUS003034,RETAIL,IN,2024-09-30,VERIFIED
CUS003035,RETAIL,SG,2021-08-06,VERIFIED
CUS003036,RETAIL,IN,2021-04-09,VERIFIED
CUS003037,SME,IN,2021-12-30,VERIFIED
CUS003038,RETAIL,IN,2023-05-24,VERIFIED
CUS003039,SME,IN,2024-08-24,PENDING
CUS003040,RETAIL,IN,2023-08-26,VERIFIED
CUS003041,SME,AE,2024-03-22,VERIFIED
CUS003042,RETAIL,SG,2022-07-06,VERIFIED
CUS003043,RETAIL,AE,2021-08-15,VERIFIED
CUS003044,RETAIL,IN,2023-02-07,VERIFIED
CUS003045,SME,SG,2024-10-26,VERIFIED
CUS003046,RETAIL,IN,2023-07-05,VERIFIED
CUS003047,RETAIL,IN,2021-12-09,PENDING
CUS003048,RETAIL,AE,2022-07-20,VERIFIED
CUS003049,RETAIL,SG,2024-11-05,VERIFIED
CUS003050,RETAIL,AE,2023-08-30,VERIFIED
CUS003051,RETAIL,SG,2023-08-28,VERIFIED
CUS003052,RETAIL,IN,2024-11-14,PENDING
CUS003053,RETAIL,SG,2023-08-31,VERIFIED
CUS003054,RETAIL,IN,2021-11-04,VERIFIED
CUS003055,SME,AE,2024-07-03,VERIFIED
CUS003056,RETAIL,SG,2023-01-12,VERIFIED
CUS003057,SME,IN,2022-06-27,VERIFIED
CUS003058,SME,IN,2022-05-16,VERIFIED
CUS003059,RETAIL,IN,2023-09-28,VERIFIED
CUS003060,RETAIL,IN,2022-10-19,VERIFIED
CUS003061,SME,IN,2022-03-26,VERIFIED
CUS003062,RETAIL,SG,2022-08-26,VERIFIED
CUS003063,RETAIL,IN,2021-10-16,VERIFIED
CUS003064,SME,AE,2024-03-01,VERIFIED
CUS003065,SME,IN,2024-08-03,VERIFIED
CUS003066,RETAIL,IN,2021-06-03,REJECTED
CUS003067,RETAIL,IN,2022-03-10,VERIFIED
CUS003068,RETAIL,AE,2023-04-16,PENDING
CUS003069,RETAIL,IN,2022-10-26,VERIFIED
CUS003070,RETAIL,IN,2021-06-23,VERIFIED
CUS003071,RETAIL,IN,2021-09-06,VERIFIED
CUS003072,RETAIL,SG,2021-11-29,VERIFIED
CUS003073,RETAIL,IN,2022-09-27,VERIFIED
CUS003074,RETAIL,IN,2022-03-30,VERIFIED
CUS003075,RETAIL,SG,2022-10-12,VERIFIED
CUS003076,SME,SG,2023-03-29,VERIFIED
CUS003077,RETAIL,IN,2022-06-03,VERIFIED
CUS003078,SME,IN,2024-12-01,PENDING
CUS003079,RETAIL,IN,2021-11-01,VERIFIED
CUS003080,SME,IN,2023-10-18,VERIFIED
CUS003081,RETAIL,SG,2022-11-30,VERIFIED
CUS003082,RETAIL,IN,2022-06-16,VERIFIED
CUS003083,SME,IN,2023-10-01,VERIFIED
CUS003084,RETAIL,IN,2023-09-27,VERIFIED
CUS003085,RETAIL,IN,2024-04-29,VERIFIED
CUS003086,SME,IN,2024-08-16,VERIFIED
CUS003087,SME,SG,2021-08-16,VERIFIED
CUS003088,RETAIL,IN,2023-01-08,VERIFIED
CUS003089,SME,AE,2022-05-27,VERIFIED
CUS003090,RETAIL,SG,2024-05-30,VERIFIED
CUS003091,RETAIL,IN,2021-09-26,VERIFIED
CUS003092,RETAIL,IN,2023-10-31,VERIFIED
CUS003093,RETAIL,IN,2023-03-29,VERIFIED
CUS003094,RETAIL,IN,2023-01-30,VERIFIED
CUS003095,RETAIL,IN,2022-02-25,VERIFIED
CUS003096,RETAIL,AE,2024-07-23,VERIFIED
CUS003097,RETAIL,IN,2021-07-12,VERIFIED
CUS003098,RETAIL,IN,2024-07-28,VERIFIED
CUS003099,RETAIL,IN,2022-07-24,REJECTED
CUS003100,RETAIL,IN,2024-03-13,VERIFIED
CUS003101,RETAIL,AE,2021-06-19,VERIFIED
CUS003102,RETAIL,IN,2022-09-26,PENDING
CUS003103,RETAIL,SG,2021-05-19,VERIFIED
CUS003104,SME,SG,2021-06-05,VERIFIED
CUS003105,SME,IN,2023-12-24,VERIFIED
CUS003106,RETAIL,IN,2024-02-02,VERIFIED
CUS003107,RETAIL,IN,2024-07-28,REJECTED
CUS003108,RETAIL,AE,2022-03-31,PENDING
CUS003109,RETAIL,IN,2024-11-28,PENDING
CUS003110,RETAIL,SG,2024-04-11,VERIFIED
CUS003111,RETAIL,SG,2021-07-09,VERIFIED
CUS003112,SME,SG,2022-07-27,VERIFIED
CUS003113,RETAIL,IN,2023-04-11,VERIFIED
CUS003114,RETAIL,IN,2024-06-23,VERIFIED
CUS003115,RETAIL,SG,2021-10-06,VERIFIED
CUS003116,RETAIL,IN,2021-10-06,VERIFIED
CUS003117,RETAIL,AE,2024-10-29,VERIFIED
CUS003118,RETAIL,IN,2022-02-27,VERIFIED
CUS003119,RETAIL,IN,2023-09-29,VERIFIED
CUS003120,RETAIL,SG,2022-05-24,PENDING
CUS003121,RETAIL,IN,2023-11-16,VERIFIED
CUS003122,RETAIL,IN,2024-12-12,VERIFIED
CUS003123,RETAIL,IN,2022-02-11,VERIFIED
CUS003124,RETAIL,IN,2021-10-19,VERIFIED
CUS003125,RETAIL,AE,2022-05-20,VERIFIED
CUS003126,RETAIL,IN,2024-06-04,PENDING
CUS003127,RETAIL,IN,2023-04-12,VERIFIED
CUS003128,RETAIL,IN,2022-12-17,VERIFIED
CUS003129,SME,AE,2021-12-18,VERIFIED
CUS003130,RETAIL,IN,2022-01-10,VERIFIED
CUS003131,RETAIL,AE,2021-08-07,VERIFIED
CUS003132,RETAIL,AE,2022-08-01,VERIFIED
CUS003133,RETAIL,IN,2021-05-27,VERIFIED
CUS003134,RETAIL,SG,2021-11-12,VERIFIED
CUS003135,RETAIL,SG,2024-03-27,PENDING
CUS003136,SME,IN,2022-04-15,VERIFIED
CUS003137,SME,IN,2024-09-04,VERIFIED
CUS003138,RETAIL,SG,2022-02-08,VERIFIED
CUS003139,RETAIL,SG,2024-02-27,VERIFIED
CUS003140,RETAIL,SG,2023-11-10,VERIFIED
CUS003141,RETAIL,AE,2022-10-21,VERIFIED
CUS003142,RETAIL,IN,2023-07-21,VERIFIED
CUS003143,RETAIL,SG,2022-07-10,VERIFIED
CUS003144,RETAIL,AE,2023-01-30,VERIFIED
CUS003145,RETAIL,IN,2022-07-26,VERIFIED
CUS003146,RETAIL,IN,2022-10-04,VERIFIED
CUS003147,RETAIL,IN,2024-03-19,VERIFIED
CUS003148,RETAIL,AE,2022-05-09,VERIFIED
CUS003149,RETAIL,IN,2021-04-30,VERIFIED
CUS003150,RETAIL,SG,2022-11-16,VERIFIED
CUS003151,RETAIL,IN,2022-09-04,VERIFIED
CUS003152,RETAIL,IN,2022-04-13,VERIFIED
CUS003153,RETAIL,IN,2024-09-05,VERIFIED
CUS003154,RETAIL,IN,2024-06-04,VERIFIED
CUS003155,RETAIL,AE,2022-11-12,VERIFIED
CUS003156,SME,IN,2023-06-29,VERIFIED
CUS003157,RETAIL,AE,2022-05-09,VERIFIED
CUS003158,RETAIL,IN,2021-07-03,VERIFIED
CUS003159,RETAIL,AE,2022-01-02,VERIFIED
CUS003160,RETAIL,IN,2024-03-04,VERIFIED
CUS003161,RETAIL,IN,2023-10-29,VERIFIED
CUS003162,SME,IN,2024-06-14,VERIFIED
CUS003163,RETAIL,IN,2024-08-18,VERIFIED
CUS003164,RETAIL,IN,2022-02-24,VERIFIED
CUS003165,RETAIL,SG,2022-05-09,VERIFIED
CUS003166,RETAIL,IN,2024-04-04,VERIFIED
CUS003167,RETAIL,IN,2022-04-21,VERIFIED
CUS003168,RETAIL,IN,2023-04-02,VERIFIED
CUS003169,RETAIL,IN,2021-08-24,VERIFIED
CUS003170,SME,SG,2022-04-11,VERIFIED
CUS003171,RETAIL,IN,2023-12-20,VERIFIED
CUS003172,SME,SG,2023-02-23,VERIFIED
CUS003173,SME,AE,2024-02-10,VERIFIED
CUS003174,SME,IN,2021-07-19,VERIFIED
CUS003175,SME,IN,2023-01-12,VERIFIED
CUS003176,RETAIL,IN,2021-08-21,VERIFIED
CUS003177,RETAIL,IN,2023-01-17,VERIFIED
CUS003178,RETAIL,IN,2023-01-28,VERIFIED
CUS003179,RETAIL,AE,2024-04-18,VERIFIED
CUS003180,RETAIL,SG,2021-04-27,VERIFIED
CUS003181,RETAIL,IN,2022-06-05,VERIFIED
CUS003182,SME,SG,2023-11-20,VERIFIED
CUS003183,SME,IN,2021-10-14,VERIFIED
CUS003184,RETAIL,SG,2024-02-09,VERIFIED
CUS003185,RETAIL,IN,2024-08-19,VERIFIED
CUS003186,RETAIL,IN,2022-06-08,VERIFIED
CUS003187,RETAIL,AE,2022-02-19,VERIFIED
CUS003188,RETAIL,SG,2022-10-23,VERIFIED
CUS003189,RETAIL,AE,2022-04-09,VERIFIED
CUS003190,RETAIL,IN,2024-01-16,VERIFIED
CUS003191,RETAIL,SG,2023-12-10,VERIFIED
CUS003192,RETAIL,IN,2023-08-01,VERIFIED
CUS003193,RETAIL,IN,2024-03-17,VERIFIED
CUS003194,RETAIL,IN,2024-02-10,VERIFIED
CUS003195,SME,IN,2024-10-27,VERIFIED
CUS003196,RETAIL,IN,2024-02-05,VERIFIED
CUS003197,SME,IN,2022-11-27,VERIFIED
CUS003198,RETAIL,SG,2023-08-06,VERIFIED
CUS003199,RETAIL,AE,2023-05-12,VERIFIED
CUS003200,SME,AE,2021-06-18,PENDING
CUS003201,RETAIL,IN,2024-12-24,VERIFIED
CUS003202,RETAIL,AE,2021-10-21,VERIFIED
CUS003203,RETAIL,IN,2024-11-16,VERIFIED
CUS003204,RETAIL,IN,2023-01-15,VERIFIED
CUS003205,SME,AE,2024-07-03,VERIFIED
CUS003206,RETAIL,IN,2023-03-05,VERIFIED
CUS003207,SME,IN,2021-07-29,VERIFIED
CUS003208,SME,IN,2024-11-18,VERIFIED
CUS003209,SME,IN,2023-01-23,VERIFIED
CUS003210,RETAIL,SG,2023-03-26,VERIFIED
CUS003211,RETAIL,IN,2023-04-11,PENDING
CUS003212,RETAIL,IN,2022-08-12,VERIFIED
CUS003213,RETAIL,IN,2023-10-03,VERIFIED
CUS003214,SME,IN,2022-01-07,VERIFIED
CUS003215,RETAIL,SG,2024-02-03,VERIFIED
CUS003216,RETAIL,AE,2023-08-22,PENDING
CUS003217,SME,SG,2023-03-18,VERIFIED
CUS003218,RETAIL,AE,2021-06-24,VERIFIED
CUS003219,SME,IN,2022-12-17,VERIFIED
CUS003220,SME,AE,2021-10-13,VERIFIED
CUS003221,RETAIL,IN,2024-06-20,VERIFIED
CUS003222,RETAIL,IN,2024-09-08,VERIFIED
CUS003223,RETAIL,SG,2023-01-30,VERIFIED
CUS003224,RETAIL,IN,2021-07-17,VERIFIED
CUS003225,SME,AE,2024-02-09,VERIFIED
CUS003226,RETAIL,SG,2024-02-25,VERIFIED
CUS003227,RETAIL,AE,2024-06-08,VERIFIED
CUS003228,RETAIL,IN,2021-06-19,VERIFIED
CUS003229,SME,IN,2024-08-26,VERIFIED
CUS003230,RETAIL,SG,2022-08-03,VERIFIED
CUS003231,SME,IN,2023-07-19,VERIFIED
CUS003232,SME,IN,2023-06-05,VERIFIED
CUS003233,RETAIL,SG,2022-04-12,VERIFIED
CUS003234,RETAIL,AE,2023-05-01,VERIFIED
CUS003235,RETAIL,SG,2024-11-30,VERIFIED
CUS003236,SME,IN,2022-11-06,VERIFIED
CUS003237,RETAIL,IN,2024-11-27,VERIFIED
CUS003238,SME,IN,2021-10-08,VERIFIED
CUS003239,SME,IN,2021-05-19,VERIFIED
CUS003240,RETAIL,IN,2021-10-18,VERIFIED
CUS003241,RETAIL,IN,2023-06-02,VERIFIED
CUS003242,SME,IN,2023-06-01,VERIFIED
CUS003243,RETAIL,IN,2022-10-05,VERIFIED
CUS003244,RETAIL,IN,2021-10-01,VERIFIED
CUS003245,RETAIL,IN,2022-02-12,VERIFIED
CUS003246,RETAIL,IN,2023-03-13,VERIFIED
CUS003247,RETAIL,SG,2021-11-23,VERIFIED
CUS003248,SME,IN,2023-05-28,VERIFIED
CUS003249,RETAIL,AE,2022-01-20,VERIFIED
CUS003250,SME,IN,2024-01-27,VERIFIED
CUS003251,RETAIL,IN,2023-04-08,REJECTED
CUS003252,SME,IN,2021-10-30,VERIFIED
CUS003253,RETAIL,IN,2024-01-23,VERIFIED
CUS003254,RETAIL,IN,2022-08-17,VERIFIED
CUS003255,RETAIL,AE,2023-12-06,VERIFIED
CUS003256,SME,AE,2023-05-09,PENDING
CUS003257,RETAIL,IN,2023-10-06,VERIFIED
CUS003258,RETAIL,IN,2022-06-19,VERIFIED
CUS003259,RETAIL,SG,2022-02-09,VERIFIED
CUS003260,RETAIL,IN,2021-09-14,VERIFIED
CUS003261,RETAIL,IN,2023-08-22,VERIFIED
CUS003262,RETAIL,SG,2024-03-31,VERIFIED
CUS003263,RETAIL,IN,2021-06-08,VERIFIED
CUS003264,RETAIL,SG,2023-07-02,VERIFIED
CUS003265,RETAIL,IN,2022-07-03,VERIFIED
CUS003266,RETAIL,IN,2023-07-19,VERIFIED
CUS003267,RETAIL,IN,2021-10-21,VERIFIED
CUS003268,RETAIL,SG,2024-09-17,VERIFIED
CUS003269,SME,IN,2024-11-07,VERIFIED
CUS003270,RETAIL,SG,2023-09-22,VERIFIED
CUS003271,RETAIL,SG,2023-06-01,PENDING
CUS003272,SME,SG,2022-01-31,VERIFIED
CUS003273,RETAIL,IN,2023-03-15,PENDING
CUS003274,RETAIL,IN,2024-01-13,VERIFIED
CUS003275,RETAIL,IN,2024-09-17,VERIFIED
CUS003276,SME,IN,2021-11-23,VERIFIED
CUS003277,SME,AE,2023-01-20,PENDING
CUS003278,RETAIL,IN,2021-05-05,VERIFIED
CUS003279,RETAIL,AE,2023-09-26,VERIFIED
CUS003280,SME,IN,2024-02-23,VERIFIED
CUS003281,SME,IN,2023-12-18,VERIFIED
CUS003282,RETAIL,IN,2023-06-08,VERIFIED
CUS003283,RETAIL,SG,2024-06-18,VERIFIED
CUS003284,RETAIL,IN,2024-07-02,PENDING
CUS003285,RETAIL,IN,2021-12-18,VERIFIED
CUS003286,RETAIL,SG,2022-05-08,VERIFIED
CUS003287,RETAIL,IN,2023-01-30,VERIFIED
CUS003288,RETAIL,IN,2023-02-26,VERIFIED
CUS003289,RETAIL,IN,2023-02-06,PENDING
CUS003290,SME,IN,2022-09-30,VERIFIED
CUS003291,SME,IN,2023-11-28,VERIFIED
CUS003292,SME,IN,2022-01-07,VERIFIED
CUS003293,SME,IN,2024-12-21,VERIFIED
CUS003294,SME,IN,2022-01-11,VERIFIED
CUS003295,RETAIL,IN,2021-12-18,VERIFIED
CUS003296,RETAIL,IN,2023-01-10,VERIFIED
CUS003297,SME,IN,2023-11-15,VERIFIED
CUS003298,RETAIL,IN,2021-08-15,VERIFIED
CUS003299,RETAIL,IN,2021-11-12,VERIFIED
CUS003300,SME,IN,2021-06-07,VERIFIED
CUS003301,RETAIL,IN,2024-12-10,VERIFIED
CUS003302,SME,AE,2022-08-03,VERIFIED
CUS003303,RETAIL,AE,2024-12-22,VERIFIED
CUS003304,RETAIL,IN,2024-11-09,VERIFIED
CUS003305,SME,IN,2024-10-06,VERIFIED
CUS003306,RETAIL,IN,2022-01-11,VERIFIED
CUS003307,RETAIL,SG,2022-03-20,VERIFIED
CUS003308,RETAIL,IN,2021-08-02,VERIFIED
CUS003309,RETAIL,IN,2022-07-28,REJECTED
CUS003310,RETAIL,IN,2022-11-14,VERIFIED
CUS003311,RETAIL,IN,2024-04-22,PENDING
CUS003312,RETAIL,IN,2022-04-27,VERIFIED
CUS003313,RETAIL,AE,2021-07-06,VERIFIED
CUS003314,RETAIL,AE,2023-08-22,VERIFIED
CUS003315,RETAIL,IN,2022-05-02,VERIFIED
CUS003316,RETAIL,IN,2023-01-30,VERIFIED
CUS003317,RETAIL,IN,2023-01-03,VERIFIED
CUS003318,RETAIL,IN,2021-12-11,VERIFIED
CUS003319,SME,IN,2023-11-21,VERIFIED
CUS003320,SME,IN,2021-08-24,VERIFIED
CUS003321,SME,AE,2021-03-24,VERIFIED
CUS003322,RETAIL,AE,2024-07-24,VERIFIED
CUS003323,RETAIL,SG,2023-01-17,VERIFIED
CUS003324,RETAIL,SG,2024-12-08,VERIFIED
CUS003325,RETAIL,IN,2023-09-16,VERIFIED
CUS003326,SME,IN,2023-07-28,PENDING
CUS003327,RETAIL,IN,2022-06-17,VERIFIED
CUS003328,SME,IN,2023-07-04,VERIFIED
CUS003329,RETAIL,IN,2023-08-13,VERIFIED
CUS003330,RETAIL,SG,2022-01-15,VERIFIED
CUS003331,RETAIL,IN,2022-02-05,VERIFIED
CUS003332,SME,IN,2024-12-20,VERIFIED
CUS003333,RETAIL,IN,2023-09-18,VERIFIED
CUS003334,RETAIL,AE,2022-01-28,VERIFIED
CUS003335,RETAIL,IN,2024-08-10,VERIFIED
CUS003336,SME,IN,2022-12-13,VERIFIED
CUS003337,RETAIL,IN,2023-02-13,VERIFIED
CUS003338,SME,SG,2022-05-01,VERIFIED
CUS003339,RETAIL,AE,2022-05-31,VERIFIED
CUS003340,RETAIL,IN,2023-01-20,VERIFIED
CUS003341,RETAIL,AE,2023-06-03,VERIFIED
CUS003342,RETAIL,IN,2021-12-21,PENDING
CUS003343,RETAIL,SG,2023-07-17,VERIFIED
CUS003344,RETAIL,IN,2023-05-01,VERIFIED
CUS003345,RETAIL,IN,2023-05-25,VERIFIED
CUS003346,SME,SG,2023-09-05,VERIFIED
CUS003347,RETAIL,IN,2022-08-04,VERIFIED
CUS003348,RETAIL,IN,2022-07-25,VERIFIED
CUS003349,RETAIL,SG,2021-07-22,VERIFIED
CUS003350,RETAIL,AE,2023-04-20,VERIFIED
CUS003351,SME,IN,2022-02-02,VERIFIED
CUS003352,RETAIL,SG,2023-11-04,PENDING
CUS003353,SME,SG,2021-04-25,VERIFIED
CUS003354,SME,IN,2021-07-03,VERIFIED
CUS003355,RETAIL,AE,2022-09-27,VERIFIED
CUS003356,SME,IN,2022-03-26,VERIFIED
CUS003357,RETAIL,SG,2022-10-13,VERIFIED
CUS003358,RETAIL,IN,2024-04-01,VERIFIED
CUS003359,RETAIL,IN,2021-05-25,VERIFIED
CUS003360,SME,IN,2022-03-02,VERIFIED
CUS003361,RETAIL,IN,2023-05-25,VERIFIED
CUS003362,SME,AE,2024-01-14,VERIFIED
CUS003363,RETAIL,AE,2022-06-10,VERIFIED
CUS003364,RETAIL,IN,2023-05-09,VERIFIED
CUS003365,SME,IN,2021-10-30,VERIFIED
CUS003366,RETAIL,IN,2024-03-03,VERIFIED
CUS003367,RETAIL,IN,2023-01-03,VERIFIED
CUS003368,SME,IN,2024-07-27,VERIFIED
CUS003369,RETAIL,AE,2022-04-09,VERIFIED
CUS003370,SME,SG,2023-06-23,VERIFIED
CUS003371,SME,IN,2024-04-07,VERIFIED
CUS003372,RETAIL,IN,2022-11-16,VERIFIED
CUS003373,RETAIL,IN,2022-10-25,VERIFIED
CUS003374,SME,IN,2023-11-06,VERIFIED
CUS003375,SME,IN,2021-05-27,VERIFIED
CUS003376,RETAIL,IN,2024-09-18,VERIFIED
CUS003377,RETAIL,IN,2023-09-24,PENDING
CUS003378,RETAIL,IN,2024-01-18,VERIFIED
CUS003379,RETAIL,SG,2021-06-16,VERIFIED
CUS003380,RETAIL,IN,2024-01-24,VERIFIED
CUS003381,RETAIL,IN,2024-02-28,VERIFIED
CUS003382,RETAIL,IN,2022-09-27,PENDING
CUS003383,RETAIL,AE,2024-01-03,VERIFIED
CUS003384,SME,IN,2023-12-03,VERIFIED
CUS003385,RETAIL,IN,2024-01-24,PENDING
CUS003386,RETAIL,IN,2022-12-16,VERIFIED
CUS003387,RETAIL,IN,2022-02-18,VERIFIED
CUS003388,RETAIL,IN,2023-03-15,VERIFIED
CUS003389,SME,SG,2021-08-05,VERIFIED
CUS003390,RETAIL,IN,2023-12-26,VERIFIED
CUS003391,RETAIL,IN,2021-10-07,VERIFIED
CUS003392,SME,IN,2022-03-01,VERIFIED
CUS003393,RETAIL,SG,2024-09-20,VERIFIED
CUS003394,RETAIL,AE,2022-06-12,VERIFIED
CUS003395,SME,SG,2021-03-14,VERIFIED
CUS003396,RETAIL,IN,2022-05-25,VERIFIED
CUS003397,RETAIL,SG,2024-01-06,VERIFIED
CUS003398,RETAIL,SG,2023-05-05,VERIFIED
CUS003399,RETAIL,IN,2021-09-02,VERIFIED
CUS003400,RETAIL,IN,2023-10-16,VERIFIED
CUS003401,RETAIL,SG,2023-03-07,VERIFIED
CUS003402,SME,IN,2022-09-27,VERIFIED
CUS003403,RETAIL,SG,2021-10-31,VERIFIED
CUS003404,RETAIL,IN,2021-04-30,VERIFIED
CUS003405,SME,IN,2022-04-21,VERIFIED
CUS003406,SME,IN,2023-05-05,VERIFIED
CUS003407,SME,SG,2023-06-07,VERIFIED
CUS003408,RETAIL,AE,2022-06-15,VERIFIED
CUS003409,RETAIL,IN,2024-09-20,VERIFIED
CUS003410,RETAIL,IN,2023-04-23,VERIFIED
CUS003411,RETAIL,IN,2023-08-23,VERIFIED
CUS003412,RETAIL,IN,2021-06-06,VERIFIED
CUS003413,RETAIL,AE,2021-09-22,VERIFIED
CUS003414,RETAIL,IN,2023-12-28,VERIFIED
CUS003415,RETAIL,IN,2022-06-29,VERIFIED
CUS003416,SME,IN,2023-04-01,VERIFIED
CUS003417,RETAIL,AE,2021-10-27,VERIFIED
CUS003418,RETAIL,IN,2023-02-10,VERIFIED
CUS003419,RETAIL,SG,2022-07-18,VERIFIED
CUS003420,RETAIL,IN,2022-03-18,VERIFIED
CUS003421,RETAIL,IN,2021-11-06,PENDING
CUS003422,RETAIL,SG,2022-03-29,REJECTED
CUS003423,RETAIL,IN,2023-11-13,PENDING
CUS003424,RETAIL,SG,2022-03-03,VERIFIED
CUS003425,RETAIL,IN,2023-10-16,VERIFIED
CUS003426,RETAIL,SG,2022-03-12,VERIFIED
CUS003427,RETAIL,SG,2021-05-13,PENDING
CUS003428,SME,SG,2023-03-16,VERIFIED
CUS003429,SME,IN,2021-08-01,VERIFIED
CUS003430,RETAIL,SG,2024-05-29,VERIFIED
CUS003431,RETAIL,AE,2023-05-17,VERIFIED
CUS003432,SME,IN,2021-09-01,VERIFIED
CUS003433,RETAIL,IN,2022-03-16,VERIFIED
CUS003434,RETAIL,SG,2023-10-05,VERIFIED
CUS003435,RETAIL,IN,2023-01-31,VERIFIED
CUS003436,RETAIL,SG,2024-07-31,VERIFIED
CUS003437,SME,SG,2021-11-16,VERIFIED
CUS003438,RETAIL,IN,2024-07-05,VERIFIED
CUS003439,SME,IN,2022-11-04,VERIFIED
CUS003440,SME,IN,2023-02-09,VERIFIED
CUS003441,SME,IN,2022-08-20,VERIFIED
CUS003442,RETAIL,AE,2023-05-16,VERIFIED
CUS003443,SME,IN,2024-09-04,PENDING
CUS003444,RETAIL,IN,2022-06-18,VERIFIED
CUS003445,SME,AE,2021-07-29,VERIFIED
CUS003446,RETAIL,IN,2022-08-29,VERIFIED
CUS003447,RETAIL,SG,2024-11-01,VERIFIED
CUS003448,RETAIL,IN,2024-08-04,VERIFIED
CUS003449,RETAIL,IN,2023-12-14,VERIFIED
CUS003450,RETAIL,IN,2023-11-13,VERIFIED
CUS003451,RETAIL,SG,2024-07-14,VERIFIED
CUS003452,RETAIL,SG,2021-07-27,VERIFIED
CUS003453,RETAIL,AE,2022-03-06,VERIFIED
CUS003454,RETAIL,AE,2022-01-24,VERIFIED
CUS003455,RETAIL,SG,2021-04-24,VERIFIED
CUS003456,RETAIL,SG,2021-09-01,VERIFIED
CUS003457,RETAIL,IN,2024-05-07,VERIFIED
CUS003458,RETAIL,AE,2024-12-02,REJECTED
CUS003459,RETAIL,SG,2022-03-17,VERIFIED
CUS003460,RETAIL,AE,2021-07-05,PENDING
CUS003461,RETAIL,IN,2022-04-26,VERIFIED
CUS003462,SME,IN,2021-09-14,VERIFIED
CUS003463,RETAIL,SG,2022-09-03,VERIFIED
CUS003464,RETAIL,IN,2023-04-09,VERIFIED
CUS003465,RETAIL,IN,2024-07-03,VERIFIED
CUS003466,SME,AE,2022-06-03,VERIFIED
CUS003467,RETAIL,IN,2023-11-20,REJECTED
CUS003468,RETAIL,IN,2023-12-18,VERIFIED
CUS003469,RETAIL,IN,2021-08-24,VERIFIED
CUS003470,RETAIL,IN,2022-06-24,VERIFIED
CUS003471,RETAIL,SG,2023-04-20,VERIFIED
CUS003472,SME,AE,2021-12-10,VERIFIED
CUS003473,SME,AE,2022-03-12,VERIFIED
CUS003474,RETAIL,SG,2023-02-25,VERIFIED
CUS003475,RETAIL,SG,2021-04-04,VERIFIED
CUS003476,RETAIL,IN,2024-11-23,VERIFIED
CUS003477,SME,AE,2023-02-11,VERIFIED
CUS003478,SME,IN,2023-05-30,VERIFIED
CUS003479,RETAIL,IN,2024-07-14,VERIFIED
CUS003480,RETAIL,AE,2022-03-24,VERIFIED
CUS003481,RETAIL,AE,2024-08-14,VERIFIED
CUS003482,SME,IN,2022-04-22,VERIFIED
CUS003483,RETAIL,SG,2022-02-11,VERIFIED
CUS003484,RETAIL,IN,2023-02-21,VERIFIED
CUS003485,RETAIL,IN,2024-01-25,VERIFIED
CUS003486,RETAIL,IN,2021-03-24,VERIFIED
CUS003487,SME,IN,2022-04-20,VERIFIED
CUS003488,RETAIL,IN,2024-07-22,VERIFIED
CUS003489,RETAIL,IN,2022-03-07,VERIFIED
CUS003490,RETAIL,IN,2024-05-25,VERIFIED
CUS003491,RETAIL,IN,2022-08-13,VERIFIED
CUS003492,RETAIL,AE,2024-01-06,VERIFIED
CUS003493,SME,SG,2022-07-28,PENDING
CUS003494,RETAIL,AE,2021-12-04,VERIFIED
CUS003495,RETAIL,IN,2021-12-31,VERIFIED
CUS003496,RETAIL,SG,2022-01-30,VERIFIED
CUS003497,RETAIL,AE,2022-04-17,VERIFIED
CUS003498,SME,IN,2022-01-16,VERIFIED
CUS003499,RETAIL,IN,2021-07-18,VERIFIED
CUS003500,SME,IN,2021-08-19,VERIFIED
CUS003501,RETAIL,IN,2022-01-16,VERIFIED
CUS003502,SME,IN,2023-04-22,VERIFIED
CUS003503,RETAIL,IN,2023-11-18,VERIFIED
CUS003504,RETAIL,IN,2023-10-13,VERIFIED
CUS003505,RETAIL,SG,2022-08-27,VERIFIED
CUS003506,SME,IN,2022-09-14,VERIFIED
CUS003507,RETAIL,IN,2023-05-14,VERIFIED
CUS003508,SME,SG,2023-06-08,VERIFIED
CUS003509,RETAIL,IN,2022-03-23,VERIFIED
CUS003510,RETAIL,IN,2022-12-30,VERIFIED
CUS003511,RETAIL,IN,2024-12-06,VERIFIED
CUS003512,RETAIL,IN,2024-06-19,VERIFIED
CUS003513,RETAIL,IN,2023-09-26,VERIFIED
CUS003514,RETAIL,IN,2023-06-27,VERIFIED
CUS003515,RETAIL,IN,2022-03-13,PENDING
CUS003516,RETAIL,AE,2023-03-12,VERIFIED
CUS003517,SME,AE,2023-05-15,VERIFIED
CUS003518,RETAIL,IN,2024-09-01,VERIFIED
CUS003519,RETAIL,IN,2024-10-08,VERIFIED
CUS003520,RETAIL,IN,2021-03-11,VERIFIED
CUS003521,RETAIL,AE,2021-09-14,VERIFIED
CUS003522,RETAIL,SG,2024-11-10,VERIFIED
CUS003523,RETAIL,IN,2023-04-07,VERIFIED
CUS003524,SME,IN,2021-06-24,VERIFIED
CUS003525,RETAIL,IN,2022-04-11,VERIFIED
CUS003526,RETAIL,AE,2024-09-11,VERIFIED
CUS003527,RETAIL,AE,2023-05-12,VERIFIED
CUS003528,RETAIL,IN,2021-09-16,VERIFIED
CUS003529,RETAIL,IN,2023-11-09,PENDING
CUS003530,RETAIL,IN,2022-11-26,VERIFIED
CUS003531,RETAIL,SG,2023-10-07,VERIFIED
CUS003532,SME,AE,2024-04-02,VERIFIED
CUS003533,RETAIL,IN,2021-09-16,VERIFIED
CUS003534,RETAIL,IN,2024-02-13,VERIFIED
CUS003535,RETAIL,IN,2022-10-08,VERIFIED
CUS003536,RETAIL,IN,2023-08-28,VERIFIED
CUS003537,SME,SG,2022-08-27,VERIFIED
CUS003538,RETAIL,IN,2021-12-17,VERIFIED
CUS003539,RETAIL,AE,2022-11-20,VERIFIED
CUS003540,RETAIL,IN,2024-06-09,VERIFIED
CUS003541,RETAIL,IN,2023-11-26,VERIFIED
CUS003542,RETAIL,IN,2024-01-28,VERIFIED
CUS003543,SME,IN,2022-05-13,VERIFIED
CUS003544,RETAIL,IN,2022-05-08,VERIFIED
CUS003545,RETAIL,SG,2024-06-15,VERIFIED
CUS003546,RETAIL,IN,2022-08-26,VERIFIED
CUS003547,RETAIL,IN,2023-03-24,VERIFIED
CUS003548,RETAIL,IN,2023-05-23,VERIFIED
CUS003549,RETAIL,IN,2021-09-18,PENDING
CUS003550,RETAIL,AE,2024-10-09,VERIFIED
CUS003551,RETAIL,AE,2022-03-22,VERIFIED
CUS003552,SME,IN,2022-11-12,VERIFIED
CUS003553,RETAIL,SG,2024-01-06,VERIFIED
CUS003554,RETAIL,SG,2024-02-16,VERIFIED
CUS003555,RETAIL,AE,2024-05-17,VERIFIED
CUS003556,RETAIL,IN,2022-08-29,VERIFIED
CUS003557,RETAIL,IN,2022-06-29,VERIFIED
CUS003558,RETAIL,IN,2023-12-14,VERIFIED
CUS003559,RETAIL,AE,2023-07-17,VERIFIED
CUS003560,RETAIL,SG,2021-03-31,VERIFIED
CUS003561,RETAIL,IN,2022-04-20,VERIFIED
CUS003562,SME,IN,2022-09-28,VERIFIED
CUS003563,RETAIL,SG,2024-07-18,VERIFIED
CUS003564,RETAIL,AE,2022-10-25,VERIFIED
CUS003565,RETAIL,IN,2023-07-01,VERIFIED
CUS003566,RETAIL,SG,2021-10-18,VERIFIED
CUS003567,RETAIL,IN,2024-04-07,VERIFIED
CUS003568,RETAIL,IN,2021-03-13,VERIFIED
CUS003569,RETAIL,IN,2021-05-25,VERIFIED
CUS003570,RETAIL,SG,2022-01-07,VERIFIED
CUS003571,RETAIL,AE,2023-02-01,VERIFIED
CUS003572,RETAIL,IN,2022-09-23,VERIFIED
CUS003573,RETAIL,IN,2021-07-13,VERIFIED
CUS003574,RETAIL,IN,2021-09-11,VERIFIED
CUS003575,RETAIL,IN,2021-11-26,VERIFIED
CUS003576,RETAIL,IN,2024-04-23,VERIFIED
CUS003577,RETAIL,IN,2023-06-11,VERIFIED
CUS003578,SME,IN,2022-01-28,VERIFIED
CUS003579,RETAIL,IN,2024-07-11,VERIFIED
CUS003580,SME,IN,2022-05-26,VERIFIED
CUS003581,RETAIL,SG,2023-08-19,VERIFIED
CUS003582,RETAIL,IN,2022-11-05,VERIFIED
CUS003583,RETAIL,IN,2021-06-26,VERIFIED
CUS003584,RETAIL,AE,2021-09-06,PENDING
CUS003585,RETAIL,IN,2023-08-06,VERIFIED
CUS003586,RETAIL,IN,2022-04-14,VERIFIED
CUS003587,SME,IN,2024-12-17,VERIFIED
CUS003588,SME,IN,2022-04-04,PENDING
CUS003589,SME,IN,2024-06-22,VERIFIED
CUS003590,RETAIL,IN,2021-07-08,PENDING
CUS003591,RETAIL,IN,2023-11-11,VERIFIED
CUS003592,SME,IN,2022-04-28,VERIFIED
CUS003593,RETAIL,IN,2022-06-14,VERIFIED
CUS003594,RETAIL,IN,2024-01-10,VERIFIED
CUS003595,RETAIL,IN,2021-10-16,VERIFIED
CUS003596,RETAIL,IN,2024-04-19,VERIFIED
CUS003597,RETAIL,SG,2021-07-21,VERIFIED
CUS003598,RETAIL,IN,2023-01-14,VERIFIED
CUS003599,RETAIL,IN,2023-03-20,VERIFIED
CUS003600,RETAIL,IN,2024-02-08,VERIFIED
CUS003601,RETAIL,IN,2024-12-21,VERIFIED
CUS003602,RETAIL,AE,2022-04-28,VERIFIED
CUS003603,RETAIL,IN,2022-03-13,VERIFIED
CUS003604,SME,IN,2021-10-10,VERIFIED
CUS003605,RETAIL,AE,2021-04-23,VERIFIED
CUS003606,RETAIL,SG,2023-11-20,VERIFIED
CUS003607,RETAIL,SG,2022-10-30,VERIFIED
CUS003608,SME,IN,2021-07-03,VERIFIED
CUS003609,RETAIL,IN,2022-10-31,VERIFIED
CUS003610,RETAIL,SG,2022-02-21,VERIFIED
CUS003611,RETAIL,IN,2022-04-09,VERIFIED
CUS003612,SME,IN,2021-03-20,VERIFIED
CUS003613,RETAIL,SG,2023-09-13,VERIFIED
CUS003614,RETAIL,IN,2024-03-29,VERIFIED
CUS003615,RETAIL,IN,2021-06-29,VERIFIED
CUS003616,RETAIL,IN,2023-03-27,PENDING
CUS003617,RETAIL,IN,2024-04-05,VERIFIED
CUS003618,RETAIL,IN,2022-07-20,VERIFIED
CUS003619,RETAIL,AE,2021-09-27,VERIFIED
CUS003620,RETAIL,IN,2022-01-29,VERIFIED
CUS003621,RETAIL,IN,2023-09-19,VERIFIED
CUS003622,RETAIL,IN,2021-07-05,VERIFIED
CUS003623,RETAIL,IN,2024-11-06,PENDING
CUS003624,SME,IN,2021-08-03,VERIFIED
CUS003625,RETAIL,AE,2024-04-20,VERIFIED
CUS003626,RETAIL,IN,2024-02-06,VERIFIED
CUS003627,RETAIL,IN,2023-10-19,VERIFIED
CUS003628,RETAIL,AE,2023-05-21,VERIFIED
CUS003629,RETAIL,IN,2024-10-27,VERIFIED
CUS003630,RETAIL,AE,2022-04-02,PENDING
CUS003631,RETAIL,IN,2024-07-02,VERIFIED
CUS003632,RETAIL,IN,2024-06-30,VERIFIED
CUS003633,RETAIL,AE,2024-12-26,VERIFIED
CUS003634,SME,IN,2021-04-29,VERIFIED
CUS003635,RETAIL,IN,2024-10-26,VERIFIED
CUS003636,SME,IN,2022-02-21,VERIFIED
CUS003637,RETAIL,SG,2022-07-29,VERIFIED
CUS003638,RETAIL,IN,2021-10-29,VERIFIED
CUS003639,RETAIL,IN,2023-04-12,VERIFIED
CUS003640,RETAIL,SG,2021-07-11,VERIFIED
CUS003641,RETAIL,SG,2023-03-13,VERIFIED
CUS003642,RETAIL,IN,2024-04-27,VERIFIED
CUS003643,RETAIL,IN,2021-07-18,VERIFIED
CUS003644,RETAIL,IN,2023-05-22,VERIFIED
CUS003645,RETAIL,IN,2024-12-24,VERIFIED
CUS003646,RETAIL,IN,2022-07-04,VERIFIED
CUS003647,RETAIL,IN,2023-10-11,VERIFIED
CUS003648,RETAIL,IN,2021-11-07,VERIFIED
CUS003649,RETAIL,IN,2024-06-01,VERIFIED
CUS003650,RETAIL,SG,2022-03-05,VERIFIED
CUS003651,SME,IN,2021-10-27,VERIFIED
CUS003652,RETAIL,AE,2024-07-15,VERIFIED
CUS003653,RETAIL,AE,2022-10-06,VERIFIED
CUS003654,RETAIL,IN,2022-07-13,VERIFIED
CUS003655,RETAIL,AE,2021-06-21,VERIFIED
CUS003656,RETAIL,AE,2023-11-17,VERIFIED
CUS003657,RETAIL,IN,2023-02-20,VERIFIED
CUS003658,SME,SG,2023-06-12,VERIFIED
CUS003659,RETAIL,IN,2023-07-28,VERIFIED
CUS003660,RETAIL,SG,2021-03-12,VERIFIED
CUS003661,RETAIL,IN,2022-06-28,PENDING
CUS003662,RETAIL,IN,2024-05-27,VERIFIED
CUS003663,SME,IN,2021-09-10,VERIFIED
CUS003664,RETAIL,AE,2024-08-08,VERIFIED
CUS003665,SME,IN,2021-08-23,VERIFIED
CUS003666,RETAIL,IN,2023-06-09,VERIFIED
CUS003667,RETAIL,IN,2022-05-31,VERIFIED
CUS003668,RETAIL,IN,2021-09-10,VERIFIED
CUS003669,RETAIL,AE,2021-08-30,VERIFIED
CUS003670,RETAIL,SG,2024-05-19,VERIFIED
CUS003671,RETAIL,IN,2023-06-14,VERIFIED
CUS003672,RETAIL,IN,2024-09-12,PENDING
CUS003673,RETAIL,IN,2022-07-16,VERIFIED
CUS003674,RETAIL,IN,2023-05-26,VERIFIED
CUS003675,RETAIL,SG,2021-03-06,VERIFIED
CUS003676,RETAIL,SG,2022-07-31,VERIFIED
CUS003677,RETAIL,IN,2023-04-28,VERIFIED
CUS003678,RETAIL,IN,2024-05-30,VERIFIED
CUS003679,RETAIL,IN,2023-11-26,VERIFIED
CUS003680,RETAIL,IN,2021-12-02,VERIFIED
CUS003681,RETAIL,IN,2024-06-15,VERIFIED
CUS003682,SME,SG,2021-10-05,VERIFIED
CUS003683,RETAIL,IN,2022-09-11,VERIFIED
CUS003684,RETAIL,AE,2023-01-01,VERIFIED
CUS003685,RETAIL,IN,2023-03-06,VERIFIED
CUS003686,RETAIL,IN,2024-11-20,VERIFIED
CUS003687,RETAIL,IN,2024-02-20,VERIFIED
CUS003688,RETAIL,IN,2023-01-10,VERIFIED
CUS003689,RETAIL,IN,2023-02-22,VERIFIED
CUS003690,SME,IN,2024-03-08,VERIFIED
CUS003691,SME,SG,2021-12-05,VERIFIED
CUS003692,RETAIL,IN,2023-04-18,VERIFIED
CUS003693,RETAIL,SG,2023-07-08,VERIFIED
CUS003694,SME,SG,2022-02-03,VERIFIED
CUS003695,RETAIL,IN,2024-06-07,VERIFIED
CUS003696,RETAIL,IN,2024-10-17,VERIFIED
CUS003697,SME,IN,2023-10-08,VERIFIED
CUS003698,RETAIL,IN,2025-01-01,VERIFIED
CUS003699,RETAIL,SG,2023-08-01,VERIFIED
CUS003700,SME,AE,2024-06-29,VERIFIED
CUS003701,RETAIL,IN,2022-06-23,VERIFIED
CUS003702,SME,IN,2024-10-30,VERIFIED
CUS003703,RETAIL,SG,2024-03-18,VERIFIED
CUS003704,RETAIL,SG,2024-01-03,VERIFIED
CUS003705,SME,IN,2022-09-19,VERIFIED
CUS003706,RETAIL,SG,2023-06-16,VERIFIED
CUS003707,SME,IN,2022-01-22,PENDING
CUS003708,RETAIL,IN,2022-01-06,VERIFIED
CUS003709,RETAIL,IN,2023-07-12,VERIFIED
CUS003710,RETAIL,IN,2024-11-20,VERIFIED
CUS003711,RETAIL,AE,2021-04-28,VERIFIED
CUS003712,SME,IN,2023-08-29,VERIFIED
CUS003713,SME,IN,2022-12-11,VERIFIED
CUS003714,RETAIL,IN,2021-06-10,VERIFIED
CUS003715,SME,IN,2022-07-04,VERIFIED
CUS003716,RETAIL,IN,2022-10-18,VERIFIED
CUS003717,SME,IN,2023-09-14,VERIFIED
CUS003718,RETAIL,SG,2021-11-01,VERIFIED
CUS003719,RETAIL,IN,2024-04-04,VERIFIED
CUS003720,RETAIL,SG,2023-02-25,VERIFIED
CUS003721,RETAIL,IN,2023-08-31,VERIFIED
CUS003722,SME,SG,2024-08-18,VERIFIED
CUS003723,RETAIL,SG,2023-12-10,VERIFIED
CUS003724,SME,IN,2024-04-15,VERIFIED
CUS003725,RETAIL,IN,2024-08-28,VERIFIED
CUS003726,RETAIL,AE,2022-02-05,VERIFIED
CUS003727,RETAIL,IN,2022-04-12,VERIFIED
CUS003728,RETAIL,SG,2021-09-10,VERIFIED
CUS003729,SME,IN,2024-11-20,VERIFIED
CUS003730,RETAIL,IN,2023-03-19,VERIFIED
CUS003731,RETAIL,IN,2022-06-22,VERIFIED
CUS003732,RETAIL,AE,2023-02-12,VERIFIED
CUS003733,SME,IN,2024-11-27,VERIFIED
CUS003734,SME,SG,2023-04-12,VERIFIED
CUS003735,SME,SG,2024-07-11,VERIFIED
CUS003736,RETAIL,IN,2024-12-07,PENDING
CUS003737,SME,IN,2022-03-15,VERIFIED
CUS003738,RETAIL,IN,2024-08-21,VERIFIED
CUS003739,SME,IN,2023-11-10,VERIFIED
CUS003740,RETAIL,SG,2021-03-15,VERIFIED
CUS003741,RETAIL,IN,2021-05-15,VERIFIED
CUS003742,RETAIL,IN,2024-11-04,VERIFIED
CUS003743,SME,SG,2023-06-20,VERIFIED
CUS003744,RETAIL,IN,2023-09-01,VERIFIED
CUS003745,RETAIL,IN,2022-08-15,VERIFIED
CUS003746,RETAIL,IN,2022-05-11,VERIFIED
CUS003747,SME,IN,2024-09-18,VERIFIED
CUS003748,RETAIL,SG,2023-05-18,VERIFIED
CUS003749,RETAIL,IN,2023-12-07,VERIFIED
CUS003750,RETAIL,IN,2021-03-28,VERIFIED
CUS003751,RETAIL,IN,2023-11-20,VERIFIED
CUS003752,RETAIL,IN,2024-11-17,VERIFIED
CUS003753,RETAIL,IN,2022-08-12,VERIFIED
CUS003754,RETAIL,IN,2021-08-26,VERIFIED
CUS003755,RETAIL,AE,2021-11-08,VERIFIED
CUS003756,RETAIL,AE,2024-06-27,VERIFIED
CUS003757,RETAIL,IN,2022-02-27,VERIFIED
CUS003758,RETAIL,SG,2024-03-21,PENDING
CUS003759,RETAIL,IN,2024-06-13,VERIFIED
CUS003760,RETAIL,AE,2022-12-24,VERIFIED
CUS003761,RETAIL,IN,2021-12-01,VERIFIED
CUS003762,RETAIL,IN,2021-08-30,VERIFIED
CUS003763,SME,IN,2022-08-20,VERIFIED
CUS003764,RETAIL,IN,2023-06-02,VERIFIED
CUS003765,RETAIL,SG,2022-10-04,VERIFIED
CUS003766,SME,IN,2023-11-17,VERIFIED
CUS003767,RETAIL,IN,2024-06-26,VERIFIED
CUS003768,RETAIL,IN,2023-06-19,VERIFIED
CUS003769,RETAIL,AE,2024-05-10,VERIFIED
CUS003770,RETAIL,SG,2024-08-22,VERIFIED
CUS003771,RETAIL,IN,2022-02-20,VERIFIED
CUS003772,RETAIL,IN,2021-10-16,PENDING
CUS003773,SME,IN,2022-02-18,VERIFIED
CUS003774,RETAIL,AE,2021-06-30,VERIFIED
CUS003775,RETAIL,SG,2023-02-23,VERIFIED
CUS003776,SME,IN,2022-05-31,PENDING
CUS003777,RETAIL,AE,2024-03-24,PENDING
CUS003778,RETAIL,IN,2023-04-20,VERIFIED
CUS003779,SME,SG,2024-08-14,VERIFIED
CUS003780,RETAIL,IN,2022-08-26,VERIFIED
CUS003781,RETAIL,IN,2023-05-02,VERIFIED
CUS003782,RETAIL,IN,2022-11-21,VERIFIED
CUS003783,RETAIL,IN,2021-09-24,VERIFIED
CUS003784,SME,AE,2024-10-21,VERIFIED
CUS003785,RETAIL,IN,2023-04-19,VERIFIED
CUS003786,SME,SG,2023-06-29,VERIFIED
CUS003787,RETAIL,SG,2022-03-02,PENDING
CUS003788,SME,SG,2022-06-27,VERIFIED
CUS003789,RETAIL,AE,2022-03-30,VERIFIED
CUS003790,SME,IN,2021-10-03,VERIFIED
CUS003791,RETAIL,IN,2023-11-11,VERIFIED
CUS003792,SME,IN,2023-08-18,VERIFIED
CUS003793,SME,IN,2023-09-04,VERIFIED
CUS003794,RETAIL,AE,2021-11-12,VERIFIED
CUS003795,RETAIL,IN,2023-03-23,VERIFIED
CUS003796,RETAIL,IN,2022-02-07,VERIFIED
CUS003797,RETAIL,IN,2024-01-24,VERIFIED
CUS003798,RETAIL,IN,2021-06-10,VERIFIED
CUS003799,RETAIL,SG,2023-02-24,VERIFIED
CUS003800,SME,IN,2021-03-18,VERIFIED
CUS003801,SME,SG,2023-04-17,VERIFIED
CUS003802,RETAIL,SG,2024-11-04,VERIFIED
CUS003803,RETAIL,SG,2023-12-30,VERIFIED
CUS003804,RETAIL,IN,2023-04-30,VERIFIED
CUS003805,RETAIL,SG,2024-06-30,VERIFIED
CUS003806,SME,IN,2022-01-15,VERIFIED
CUS003807,RETAIL,IN,2023-09-01,VERIFIED
CUS003808,RETAIL,SG,2021-11-06,VERIFIED
CUS003809,RETAIL,SG,2021-04-22,VERIFIED
CUS003810,RETAIL,IN,2024-09-08,VERIFIED
CUS003811,SME,AE,2023-12-08,VERIFIED
CUS003812,RETAIL,IN,2022-09-05,VERIFIED
CUS003813,RETAIL,IN,2021-09-08,VERIFIED
CUS003814,RETAIL,AE,2021-07-24,PENDING
CUS003815,RETAIL,IN,2024-04-04,PENDING
CUS003816,RETAIL,SG,2024-02-19,REJECTED
CUS003817,RETAIL,IN,2024-03-29,VERIFIED
CUS003818,RETAIL,SG,2023-09-03,VERIFIED
CUS003819,RETAIL,SG,2022-08-29,VERIFIED
CUS003820,SME,SG,2023-06-29,VERIFIED
CUS003821,SME,IN,2022-03-22,VERIFIED
CUS003822,RETAIL,SG,2023-06-29,VERIFIED
CUS003823,RETAIL,IN,2022-09-29,VERIFIED
CUS003824,SME,AE,2022-11-07,VERIFIED
CUS003825,RETAIL,IN,2024-01-13,VERIFIED
CUS003826,SME,IN,2024-10-08,VERIFIED
CUS003827,RETAIL,AE,2024-02-27,VERIFIED
CUS003828,RETAIL,IN,2022-01-07,VERIFIED
CUS003829,RETAIL,IN,2022-02-21,VERIFIED
CUS003830,SME,SG,2024-07-13,VERIFIED
CUS003831,RETAIL,IN,2023-07-14,VERIFIED
CUS003832,RETAIL,IN,2021-11-20,VERIFIED
CUS003833,SME,IN,2021-11-28,VERIFIED
CUS003834,SME,IN,2024-12-09,VERIFIED
CUS003835,RETAIL,IN,2021-12-28,PENDING
CUS003836,RETAIL,IN,2021-12-27,VERIFIED
CUS003837,RETAIL,IN,2024-07-23,VERIFIED
CUS003838,RETAIL,IN,2023-08-23,VERIFIED
CUS003839,RETAIL,IN,2024-10-18,VERIFIED
CUS003840,RETAIL,SG,2022-06-28,PENDING
CUS003841,SME,SG,2021-09-13,VERIFIED
CUS003842,SME,IN,2024-04-26,VERIFIED
CUS003843,SME,IN,2023-08-28,VERIFIED
CUS003844,RETAIL,AE,2022-12-12,VERIFIED
CUS003845,RETAIL,IN,2024-09-23,VERIFIED
CUS003846,RETAIL,IN,2023-11-10,VERIFIED
CUS003847,RETAIL,IN,2024-03-03,VERIFIED
CUS003848,RETAIL,IN,2024-12-27,VERIFIED
CUS003849,RETAIL,SG,2022-06-11,PENDING
CUS003850,RETAIL,AE,2022-03-23,VERIFIED
CUS003851,RETAIL,AE,2024-09-11,VERIFIED
CUS003852,RETAIL,IN,2024-07-02,VERIFIED
CUS003853,RETAIL,IN,2024-09-25,VERIFIED
CUS003854,RETAIL,IN,2021-05-27,VERIFIED
CUS003855,RETAIL,IN,2022-10-27,VERIFIED
CUS003856,RETAIL,IN,2022-12-02,VERIFIED
CUS003857,RETAIL,SG,2024-09-03,VERIFIED
CUS003858,RETAIL,IN,2024-12-30,VERIFIED
CUS003859,RETAIL,AE,2021-06-12,VERIFIED
CUS003860,RETAIL,IN,2021-05-20,VERIFIED
CUS003861,RETAIL,IN,2022-12-01,VERIFIED
CUS003862,RETAIL,AE,2024-06-30,VERIFIED
CUS003863,RETAIL,SG,2024-11-21,VERIFIED
CUS003864,RETAIL,IN,2021-10-22,VERIFIED
CUS003865,SME,IN,2022-12-23,VERIFIED
CUS003866,SME,IN,2023-09-29,VERIFIED
CUS003867,RETAIL,IN,2024-12-15,VERIFIED
CUS003868,SME,IN,2022-10-29,VERIFIED
CUS003869,RETAIL,IN,2021-08-21,VERIFIED
CUS003870,RETAIL,IN,2021-10-19,VERIFIED
CUS003871,RETAIL,IN,2022-03-15,VERIFIED
CUS003872,SME,SG,2024-10-23,VERIFIED
CUS003873,RETAIL,SG,2022-02-07,VERIFIED
CUS003874,RETAIL,IN,2022-05-25,VERIFIED
CUS003875,RETAIL,IN,2021-10-15,VERIFIED
CUS003876,RETAIL,IN,2024-06-07,VERIFIED
CUS003877,RETAIL,SG,2021-09-12,VERIFIED
CUS003878,RETAIL,SG,2022-04-05,VERIFIED
CUS003879,SME,SG,2022-01-27,VERIFIED
CUS003880,RETAIL,IN,2024-05-22,VERIFIED
CUS003881,RETAIL,IN,2021-09-22,VERIFIED
CUS003882,SME,IN,2024-12-02,VERIFIED
CUS003883,RETAIL,IN,2024-02-25,VERIFIED
CUS003884,RETAIL,SG,2024-05-29,VERIFIED
CUS003885,RETAIL,IN,2024-02-12,PENDING
CUS003886,RETAIL,IN,2022-08-09,VERIFIED
CUS003887,RETAIL,IN,2021-06-16,VERIFIED
CUS003888,RETAIL,IN,2021-03-23,VERIFIED
CUS003889,RETAIL,IN,2024-08-02,VERIFIED
CUS003890,RETAIL,IN,2021-04-14,VERIFIED
CUS003891,SME,AE,2024-08-02,VERIFIED
CUS003892,SME,AE,2022-02-23,VERIFIED
CUS003893,RETAIL,AE,2024-04-19,PENDING
CUS003894,RETAIL,SG,2021-11-04,VERIFIED
CUS003895,SME,SG,2023-09-01,VERIFIED
CUS003896,RETAIL,IN,2021-08-27,VERIFIED
CUS003897,RETAIL,IN,2022-12-05,VERIFIED
CUS003898,RETAIL,IN,2022-12-24,VERIFIED
CUS003899,RETAIL,IN,2023-04-26,VERIFIED
CUS003900,RETAIL,IN,2024-02-16,VERIFIED
CUS003901,RETAIL,IN,2023-01-11,VERIFIED
CUS003902,RETAIL,AE,2022-06-21,VERIFIED
CUS003903,RETAIL,IN,2024-06-19,VERIFIED
CUS003904,RETAIL,IN,2024-06-17,VERIFIED
CUS003905,RETAIL,IN,2023-05-14,VERIFIED
CUS003906,RETAIL,IN,2021-10-24,VERIFIED
CUS003907,RETAIL,AE,2023-08-26,VERIFIED
CUS003908,RETAIL,IN,2023-06-05,VERIFIED
CUS003909,RETAIL,AE,2021-04-30,VERIFIED
CUS003910,RETAIL,SG,2023-12-25,VERIFIED
CUS003911,SME,IN,2023-08-07,VERIFIED
CUS003912,RETAIL,IN,2021-10-09,VERIFIED
CUS003913,SME,IN,2023-01-07,VERIFIED
CUS003914,RETAIL,IN,2024-07-30,VERIFIED
CUS003915,RETAIL,IN,2024-03-07,VERIFIED
CUS003916,RETAIL,AE,2021-04-08,VERIFIED
CUS003917,SME,IN,2021-11-24,VERIFIED
CUS003918,RETAIL,AE,2021-05-12,PENDING
CUS003919,RETAIL,IN,2023-03-01,VERIFIED
CUS003920,RETAIL,AE,2022-09-02,PENDING
CUS003921,RETAIL,IN,2024-06-23,VERIFIED
CUS003922,RETAIL,IN,2022-04-11,VERIFIED
CUS003923,SME,IN,2022-10-27,PENDING
CUS003924,RETAIL,IN,2024-11-10,VERIFIED
CUS003925,SME,SG,2021-10-04,VERIFIED
CUS003926,RETAIL,IN,2023-05-01,VERIFIED
CUS003927,SME,IN,2021-03-13,VERIFIED
CUS003928,SME,IN,2021-08-12,VERIFIED
CUS003929,RETAIL,IN,2023-05-24,VERIFIED
CUS003930,SME,IN,2024-12-16,VERIFIED
CUS003931,SME,IN,2024-06-10,VERIFIED
CUS003932,RETAIL,IN,2023-11-22,VERIFIED
CUS003933,RETAIL,IN,2023-11-12,VERIFIED
CUS003934,RETAIL,IN,2023-08-25,VERIFIED
CUS003935,RETAIL,AE,2021-05-05,VERIFIED
CUS003936,RETAIL,IN,2022-06-01,VERIFIED
CUS003937,RETAIL,SG,2024-04-09,REJECTED
CUS003938,RETAIL,IN,2022-04-21,VERIFIED
CUS003939,RETAIL,IN,2024-10-14,VERIFIED
CUS003940,RETAIL,IN,2024-10-02,VERIFIED
CUS003941,RETAIL,IN,2022-07-14,VERIFIED
CUS003942,SME,IN,2024-03-03,VERIFIED
CUS003943,RETAIL,IN,2023-04-30,VERIFIED
CUS003944,RETAIL,IN,2021-11-03,VERIFIED
CUS003945,RETAIL,AE,2023-07-07,VERIFIED
CUS003946,SME,IN,2024-04-08,VERIFIED
CUS003947,RETAIL,IN,2021-03-04,VERIFIED
CUS003948,RETAIL,IN,2023-11-27,VERIFIED
CUS003949,RETAIL,IN,2022-06-24,VERIFIED
CUS003950,RETAIL,SG,2024-05-19,VERIFIED
CUS003951,RETAIL,IN,2024-05-20,VERIFIED
CUS003952,RETAIL,IN,2022-02-10,VERIFIED
CUS003953,RETAIL,IN,2021-07-25,VERIFIED
CUS003954,RETAIL,IN,2024-11-25,VERIFIED
CUS003955,SME,AE,2021-04-07,VERIFIED
CUS003956,RETAIL,IN,2023-11-06,REJECTED
CUS003957,SME,SG,2021-03-23,VERIFIED
CUS003958,RETAIL,IN,2022-12-18,VERIFIED
CUS003959,RETAIL,AE,2022-01-25,VERIFIED
CUS003960,RETAIL,IN,2024-12-24,VERIFIED
CUS003961,RETAIL,IN,2024-05-26,VERIFIED
CUS003962,RETAIL,SG,2021-05-07,VERIFIED
CUS003963,RETAIL,IN,2024-05-16,VERIFIED
CUS003964,RETAIL,IN,2021-09-02,VERIFIED
CUS003965,RETAIL,AE,2024-07-20,VERIFIED
CUS003966,RETAIL,IN,2022-07-10,VERIFIED
CUS003967,SME,SG,2023-07-31,VERIFIED
CUS003968,RETAIL,SG,2023-04-28,VERIFIED
CUS003969,RETAIL,SG,2022-04-12,VERIFIED
CUS003970,RETAIL,AE,2024-05-29,VERIFIED
CUS003971,RETAIL,IN,2023-09-08,VERIFIED
CUS003972,SME,IN,2022-11-18,VERIFIED
CUS003973,RETAIL,IN,2023-08-16,VERIFIED
CUS003974,SME,IN,2024-02-02,VERIFIED
CUS003975,RETAIL,SG,2024-11-01,VERIFIED
CUS003976,RETAIL,IN,2022-07-23,VERIFIED
CUS003977,RETAIL,IN,2024-10-07,VERIFIED
CUS003978,RETAIL,IN,2024-06-12,VERIFIED
CUS003979,RETAIL,IN,2024-02-04,VERIFIED
CUS003980,RETAIL,AE,2022-04-04,VERIFIED
CUS003981,SME,IN,2024-07-14,VERIFIED
CUS003982,RETAIL,IN,2023-10-07,PENDING
CUS003983,RETAIL,SG,2024-09-20,VERIFIED
CUS003984,RETAIL,AE,2023-01-30,VERIFIED
CUS003985,RETAIL,IN,2024-04-23,VERIFIED
CUS003986,RETAIL,AE,2024-05-20,VERIFIED
CUS003987,RETAIL,IN,2023-10-11,VERIFIED
CUS003988,RETAIL,SG,2024-01-09,VERIFIED
CUS003989,RETAIL,IN,2024-10-25,VERIFIED
CUS003990,RETAIL,IN,2023-04-12,VERIFIED
CUS003991,SME,SG,2023-01-28,VERIFIED
CUS003992,RETAIL,IN,2023-04-01,PENDING
CUS003993,SME,IN,2023-04-24,VERIFIED
CUS003994,RETAIL,IN,2021-03-04,VERIFIED
CUS003995,RETAIL,IN,2023-12-14,VERIFIED
CUS003996,SME,IN,2023-09-20,VERIFIED
CUS003997,RETAIL,IN,2023-01-17,VERIFIED
CUS003998,RETAIL,IN,2024-09-05,VERIFIED
CUS003999,RETAIL,AE,2021-03-19,VERIFIED
CUS004000,RETAIL,AE,2022-12-30,VERIFIED
CUS004001,RETAIL,IN,2022-05-02,VERIFIED
CUS004002,RETAIL,IN,2023-10-09,VERIFIED
CUS004003,SME,IN,2022-05-09,VERIFIED
CUS004004,RETAIL,IN,2021-08-22,PENDING
CUS004005,RETAIL,AE,2022-10-14,VERIFIED
CUS004006,RETAIL,IN,2024-03-13,VERIFIED
CUS004007,RETAIL,IN,2022-05-20,VERIFIED
CUS004008,RETAIL,IN,2021-09-22,VERIFIED
CUS004009,RETAIL,IN,2022-05-06,VERIFIED
CUS004010,RETAIL,AE,2022-06-17,VERIFIED
CUS004011,RETAIL,SG,2023-03-24,VERIFIED
CUS004012,RETAIL,IN,2024-04-13,VERIFIED
CUS004013,RETAIL,IN,2022-04-01,VERIFIED
CUS004014,SME,AE,2023-06-14,VERIFIED
CUS004015,RETAIL,IN,2024-02-14,VERIFIED
CUS004016,RETAIL,AE,2023-02-12,VERIFIED
CUS004017,RETAIL,AE,2024-12-01,PENDING
CUS004018,RETAIL,IN,2023-01-02,VERIFIED
CUS004019,RETAIL,AE,2022-11-27,VERIFIED
CUS004020,SME,IN,2023-06-26,VERIFIED
CUS004021,RETAIL,SG,2022-04-23,VERIFIED
CUS004022,RETAIL,IN,2022-10-06,PENDING
CUS004023,SME,IN,2023-08-08,VERIFIED
CUS004024,SME,IN,2022-04-04,REJECTED
CUS004025,RETAIL,IN,2024-07-22,VERIFIED
CUS004026,SME,IN,2023-01-24,VERIFIED
CUS004027,RETAIL,IN,2024-06-19,VERIFIED
CUS004028,RETAIL,IN,2022-09-11,VERIFIED
CUS004029,RETAIL,IN,2024-12-08,VERIFIED
CUS004030,SME,IN,2021-09-16,VERIFIED
CUS004031,RETAIL,AE,2024-11-19,VERIFIED
CUS004032,RETAIL,AE,2023-02-05,VERIFIED
CUS004033,RETAIL,IN,2022-06-14,VERIFIED
CUS004034,RETAIL,IN,2023-05-30,VERIFIED
CUS004035,RETAIL,SG,2024-03-06,VERIFIED
CUS004036,RETAIL,SG,2024-01-21,VERIFIED
CUS004037,RETAIL,IN,2021-10-10,VERIFIED
CUS004038,RETAIL,SG,2024-07-02,VERIFIED
CUS004039,RETAIL,IN,2022-04-12,PENDING
CUS004040,RETAIL,IN,2023-11-19,VERIFIED
CUS004041,RETAIL,SG,2024-12-16,VERIFIED
CUS004042,SME,SG,2023-06-13,VERIFIED
CUS004043,RETAIL,AE,2024-08-22,VERIFIED
CUS004044,RETAIL,IN,2022-01-28,VERIFIED
CUS004045,RETAIL,IN,2022-01-21,VERIFIED
CUS004046,SME,IN,2024-03-03,VERIFIED
CUS004047,RETAIL,IN,2022-01-15,VERIFIED
CUS004048,SME,IN,2022-04-24,VERIFIED
CUS004049,RETAIL,IN,2022-05-31,VERIFIED
CUS004050,RETAIL,IN,2024-09-13,VERIFIED
CUS004051,RETAIL,SG,2024-07-07,VERIFIED
CUS004052,RETAIL,IN,2024-05-25,VERIFIED
CUS004053,SME,IN,2021-11-13,VERIFIED
CUS004054,SME,SG,2023-10-03,VERIFIED
CUS004055,RETAIL,IN,2022-12-22,VERIFIED
CUS004056,SME,AE,2023-03-16,VERIFIED
CUS004057,RETAIL,IN,2021-03-04,REJECTED
CUS004058,RETAIL,IN,2024-04-23,VERIFIED
CUS004059,RETAIL,AE,2022-01-08,VERIFIED
CUS004060,RETAIL,IN,2024-07-29,VERIFIED
CUS004061,RETAIL,IN,2021-04-03,VERIFIED
CUS004062,RETAIL,SG,2022-11-01,VERIFIED
CUS004063,RETAIL,IN,2023-12-29,VERIFIED
CUS004064,RETAIL,SG,2023-06-05,VERIFIED
CUS004065,RETAIL,AE,2022-03-19,VERIFIED
CUS004066,RETAIL,AE,2023-05-30,VERIFIED
CUS004067,RETAIL,IN,2024-09-29,VERIFIED
CUS004068,RETAIL,IN,2023-10-28,VERIFIED
CUS004069,RETAIL,SG,2021-06-30,VERIFIED
CUS004070,RETAIL,IN,2023-08-01,VERIFIED
CUS004071,RETAIL,IN,2023-02-14,VERIFIED
CUS004072,RETAIL,IN,2024-04-19,VERIFIED
CUS004073,SME,IN,2024-11-25,VERIFIED
CUS004074,SME,IN,2023-12-20,VERIFIED
CUS004075,RETAIL,IN,2021-09-04,PENDING
CUS004076,SME,IN,2022-12-04,VERIFIED
CUS004077,SME,IN,2023-07-24,VERIFIED
CUS004078,RETAIL,AE,2023-01-01,VERIFIED
CUS004079,RETAIL,IN,2021-11-21,VERIFIED
CUS004080,RETAIL,IN,2021-07-13,VERIFIED
CUS004081,SME,IN,2023-10-15,VERIFIED
CUS004082,RETAIL,IN,2021-10-24,VERIFIED
CUS004083,RETAIL,AE,2021-12-06,VERIFIED
CUS004084,SME,AE,2024-12-23,VERIFIED
CUS004085,RETAIL,IN,2021-07-30,VERIFIED
CUS004086,RETAIL,IN,2024-02-15,VERIFIED
CUS004087,SME,IN,2022-01-25,VERIFIED
CUS004088,RETAIL,IN,2021-08-08,VERIFIED
CUS004089,SME,IN,2022-10-21,VERIFIED
CUS004090,SME,IN,2023-10-19,VERIFIED
CUS004091,RETAIL,IN,2021-09-22,VERIFIED
CUS004092,RETAIL,IN,2023-03-05,VERIFIED
CUS004093,RETAIL,IN,2022-01-22,VERIFIED
CUS004094,SME,IN,2022-06-02,VERIFIED
CUS004095,SME,IN,2023-10-10,VERIFIED
CUS004096,SME,IN,2022-12-03,VERIFIED
CUS004097,RETAIL,IN,2024-03-26,REJECTED
CUS004098,SME,IN,2024-12-26,VERIFIED
CUS004099,RETAIL,IN,2022-05-12,VERIFIED
CUS004100,RETAIL,IN,2024-03-18,VERIFIED
CUS004101,RETAIL,SG,2023-01-05,VERIFIED
CUS004102,SME,AE,2024-08-14,VERIFIED
CUS004103,RETAIL,IN,2022-06-30,VERIFIED
CUS004104,RETAIL,IN,2024-05-12,VERIFIED
CUS004105,RETAIL,SG,2024-01-19,VERIFIED
CUS004106,RETAIL,SG,2024-06-09,VERIFIED
CUS004107,RETAIL,IN,2021-06-28,VERIFIED
CUS004108,SME,IN,2022-08-14,VERIFIED
CUS004109,SME,IN,2022-06-15,VERIFIED
CUS004110,RETAIL,IN,2023-06-12,VERIFIED
CUS004111,SME,IN,2021-09-18,VERIFIED
CUS004112,RETAIL,IN,2024-09-30,VERIFIED
CUS004113,RETAIL,IN,2023-06-02,VERIFIED
CUS004114,RETAIL,IN,2024-09-08,VERIFIED
CUS004115,RETAIL,IN,2022-05-01,PENDING
CUS004116,RETAIL,SG,2021-05-12,VERIFIED
CUS004117,RETAIL,IN,2022-01-25,VERIFIED
CUS004118,RETAIL,IN,2024-05-30,VERIFIED
CUS004119,RETAIL,IN,2021-12-25,VERIFIED
CUS004120,RETAIL,SG,2024-01-12,VERIFIED
CUS004121,RETAIL,IN,2023-09-01,VERIFIED
CUS004122,SME,IN,2022-10-20,VERIFIED
CUS004123,RETAIL,IN,2023-04-08,VERIFIED
CUS004124,RETAIL,SG,2024-04-15,VERIFIED
CUS004125,RETAIL,SG,2022-12-22,VERIFIED
CUS004126,RETAIL,AE,2024-03-31,VERIFIED
CUS004127,RETAIL,IN,2022-04-02,VERIFIED
CUS004128,RETAIL,IN,2024-09-22,VERIFIED
CUS004129,RETAIL,IN,2021-11-24,VERIFIED
CUS004130,SME,IN,2021-03-30,VERIFIED
CUS004131,SME,SG,2022-02-21,VERIFIED
CUS004132,RETAIL,IN,2022-09-06,VERIFIED
CUS004133,RETAIL,IN,2023-04-25,VERIFIED
CUS004134,SME,AE,2022-12-22,VERIFIED
CUS004135,RETAIL,IN,2023-01-15,VERIFIED
CUS004136,SME,IN,2021-08-06,VERIFIED
CUS004137,RETAIL,IN,2024-07-07,VERIFIED
CUS004138,RETAIL,AE,2022-09-22,PENDING
CUS004139,RETAIL,AE,2022-11-24,VERIFIED
CUS004140,RETAIL,IN,2023-12-30,VERIFIED
CUS004141,RETAIL,AE,2023-06-03,VERIFIED
CUS004142,RETAIL,AE,2023-03-12,VERIFIED
CUS004143,RETAIL,SG,2024-11-14,VERIFIED
CUS004144,RETAIL,AE,2023-03-05,PENDING
CUS004145,RETAIL,IN,2024-05-07,VERIFIED
CUS004146,RETAIL,SG,2023-06-24,VERIFIED
CUS004147,RETAIL,IN,2023-12-09,VERIFIED
CUS004148,RETAIL,SG,2022-02-11,VERIFIED
CUS004149,RETAIL,IN,2021-04-28,VERIFIED
CUS004150,SME,SG,2024-08-01,VERIFIED
CUS004151,RETAIL,AE,2024-01-08,VERIFIED
CUS004152,RETAIL,IN,2024-05-24,VERIFIED
CUS004153,RETAIL,AE,2023-02-25,VERIFIED
CUS004154,RETAIL,IN,2023-07-30,VERIFIED
CUS004155,RETAIL,IN,2023-04-05,VERIFIED
CUS004156,RETAIL,IN,2024-09-24,VERIFIED
CUS004157,SME,SG,2021-08-31,VERIFIED
CUS004158,SME,IN,2021-03-21,VERIFIED
CUS004159,SME,IN,2021-07-05,VERIFIED
CUS004160,RETAIL,IN,2023-02-07,VERIFIED
CUS004161,SME,IN,2022-06-13,VERIFIED
CUS004162,RETAIL,IN,2024-10-23,VERIFIED
CUS004163,RETAIL,AE,2022-08-30,VERIFIED
CUS004164,RETAIL,SG,2022-09-03,VERIFIED
CUS004165,RETAIL,SG,2022-03-10,VERIFIED
CUS004166,RETAIL,IN,2022-01-04,VERIFIED
CUS004167,RETAIL,AE,2025-01-01,VERIFIED
CUS004168,SME,IN,2023-06-11,VERIFIED
CUS004169,SME,IN,2023-02-22,VERIFIED
CUS004170,RETAIL,IN,2023-03-01,VERIFIED
CUS004171,SME,IN,2022-11-25,VERIFIED
CUS004172,RETAIL,IN,2022-04-27,VERIFIED
CUS004173,RETAIL,SG,2022-10-02,VERIFIED
CUS004174,SME,IN,2024-02-09,VERIFIED
CUS004175,RETAIL,IN,2022-06-17,VERIFIED
CUS004176,RETAIL,SG,2022-09-18,VERIFIED
CUS004177,RETAIL,AE,2024-03-28,VERIFIED
CUS004178,RETAIL,IN,2022-08-02,VERIFIED
CUS004179,SME,IN,2023-01-03,VERIFIED
CUS004180,RETAIL,IN,2021-12-02,PENDING
CUS004181,RETAIL,IN,2023-07-03,VERIFIED
CUS004182,RETAIL,IN,2021-08-03,VERIFIED
CUS004183,RETAIL,IN,2022-12-12,VERIFIED
CUS004184,RETAIL,SG,2021-05-25,VERIFIED
CUS004185,SME,IN,2024-08-12,VERIFIED
CUS004186,RETAIL,IN,2024-07-09,VERIFIED
CUS004187,SME,IN,2024-03-02,VERIFIED
CUS004188,RETAIL,AE,2021-11-16,VERIFIED
CUS004189,RETAIL,IN,2023-01-23,VERIFIED
CUS004190,RETAIL,IN,2022-06-01,VERIFIED
CUS004191,RETAIL,IN,2024-12-05,VERIFIED
CUS004192,SME,SG,2023-08-01,VERIFIED
CUS004193,RETAIL,AE,2023-08-26,VERIFIED
CUS004194,RETAIL,IN,2021-06-20,VERIFIED
CUS004195,SME,IN,2024-08-08,VERIFIED
CUS004196,SME,IN,2021-09-15,VERIFIED
CUS004197,RETAIL,IN,2023-08-05,VERIFIED
CUS004198,RETAIL,AE,2022-01-13,VERIFIED
CUS004199,SME,IN,2023-11-21,VERIFIED
CUS004200,SME,IN,2024-10-13,VERIFIED
CUS004201,RETAIL,SG,2022-05-26,VERIFIED
CUS004202,RETAIL,SG,2024-04-29,VERIFIED
CUS004203,RETAIL,IN,2024-06-08,VERIFIED
CUS004204,RETAIL,IN,2021-06-26,VERIFIED
CUS004205,RETAIL,IN,2024-02-19,VERIFIED
CUS004206,RETAIL,SG,2021-03-28,VERIFIED
CUS004207,RETAIL,SG,2023-09-02,VERIFIED
CUS004208,RETAIL,SG,2023-12-10,VERIFIED
CUS004209,RETAIL,SG,2023-04-06,VERIFIED
CUS004210,RETAIL,IN,2023-12-10,VERIFIED
CUS004211,RETAIL,IN,2021-06-13,PENDING
CUS004212,SME,IN,2022-08-31,VERIFIED
CUS004213,SME,AE,2022-02-26,VERIFIED
CUS004214,RETAIL,IN,2024-09-17,VERIFIED
CUS004215,SME,IN,2024-02-02,VERIFIED
CUS004216,SME,IN,2022-09-21,VERIFIED
CUS004217,RETAIL,SG,2023-02-20,VERIFIED
CUS004218,SME,SG,2021-04-16,VERIFIED
CUS004219,RETAIL,SG,2022-03-26,VERIFIED
CUS004220,RETAIL,IN,2023-11-13,VERIFIED
CUS004221,SME,AE,2023-04-07,VERIFIED
CUS004222,RETAIL,SG,2022-02-27,VERIFIED
CUS004223,RETAIL,SG,2023-06-08,VERIFIED
CUS004224,RETAIL,SG,2022-12-29,VERIFIED
CUS004225,RETAIL,AE,2021-12-09,VERIFIED
CUS004226,RETAIL,AE,2023-11-26,VERIFIED
CUS004227,RETAIL,IN,2024-08-15,VERIFIED
CUS004228,SME,IN,2023-06-04,VERIFIED
CUS004229,RETAIL,IN,2024-02-29,VERIFIED
CUS004230,SME,SG,2022-11-22,VERIFIED
CUS004231,RETAIL,SG,2021-09-25,VERIFIED
CUS004232,RETAIL,IN,2022-01-31,VERIFIED
CUS004233,SME,IN,2022-03-17,VERIFIED
CUS004234,RETAIL,AE,2022-12-06,VERIFIED
CUS004235,RETAIL,AE,2021-08-07,VERIFIED
CUS004236,SME,AE,2021-06-16,VERIFIED
CUS004237,RETAIL,IN,2022-02-05,REJECTED
CUS004238,RETAIL,SG,2024-07-22,VERIFIED
CUS004239,SME,SG,2023-11-12,VERIFIED
CUS004240,RETAIL,IN,2021-05-02,VERIFIED
CUS004241,RETAIL,IN,2024-09-22,VERIFIED
CUS004242,RETAIL,AE,2022-11-23,VERIFIED
CUS004243,RETAIL,IN,2022-07-22,VERIFIED
CUS004244,RETAIL,IN,2023-07-03,VERIFIED
CUS004245,RETAIL,SG,2022-04-22,VERIFIED
CUS004246,RETAIL,SG,2024-09-17,REJECTED
CUS004247,SME,IN,2024-03-01,VERIFIED
CUS004248,SME,SG,2023-11-14,VERIFIED
CUS004249,RETAIL,IN,2024-05-07,VERIFIED
CUS004250,RETAIL,SG,2023-04-29,VERIFIED
CUS004251,RETAIL,IN,2023-03-18,VERIFIED
CUS004252,RETAIL,SG,2021-05-31,VERIFIED
CUS004253,RETAIL,SG,2023-02-22,VERIFIED
CUS004254,SME,IN,2022-02-08,VERIFIED
CUS004255,RETAIL,IN,2024-08-31,VERIFIED
CUS004256,SME,SG,2024-10-11,VERIFIED
CUS004257,SME,IN,2023-06-29,VERIFIED
CUS004258,RETAIL,IN,2023-09-30,VERIFIED
CUS004259,RETAIL,IN,2021-06-19,VERIFIED
CUS004260,RETAIL,AE,2023-02-13,VERIFIED
CUS004261,RETAIL,IN,2023-02-19,VERIFIED
CUS004262,SME,IN,2021-09-29,PENDING
CUS004263,RETAIL,AE,2021-09-08,VERIFIED
CUS004264,RETAIL,IN,2022-01-11,VERIFIED
CUS004265,SME,IN,2023-04-29,VERIFIED
CUS004266,SME,IN,2024-03-05,VERIFIED
CUS004267,RETAIL,IN,2024-11-13,VERIFIED
CUS004268,SME,IN,2024-10-23,VERIFIED
CUS004269,RETAIL,SG,2021-11-17,VERIFIED
CUS004270,RETAIL,IN,2024-06-30,VERIFIED
CUS004271,RETAIL,SG,2023-06-01,VERIFIED
CUS004272,RETAIL,IN,2023-01-28,VERIFIED
CUS004273,RETAIL,IN,2022-11-15,VERIFIED
CUS004274,RETAIL,IN,2024-08-29,VERIFIED
CUS004275,RETAIL,IN,2022-12-31,VERIFIED
CUS004276,SME,SG,2024-01-18,VERIFIED
CUS004277,RETAIL,IN,2023-09-13,VERIFIED
CUS004278,RETAIL,IN,2021-11-09,REJECTED
CUS004279,RETAIL,IN,2023-03-29,VERIFIED
CUS004280,RETAIL,SG,2023-06-19,VERIFIED
CUS004281,RETAIL,IN,2024-12-10,VERIFIED
CUS004282,RETAIL,SG,2021-03-09,PENDING
CUS004283,RETAIL,IN,2022-09-23,VERIFIED
CUS004284,SME,IN,2022-02-08,VERIFIED
CUS004285,RETAIL,SG,2023-05-05,VERIFIED
CUS004286,RETAIL,IN,2023-12-28,VERIFIED
CUS004287,SME,IN,2023-12-16,VERIFIED
CUS004288,SME,AE,2024-12-22,VERIFIED
CUS004289,RETAIL,IN,2021-08-06,VERIFIED
CUS004290,SME,IN,2022-12-25,VERIFIED
CUS004291,RETAIL,IN,2023-08-27,VERIFIED
CUS004292,RETAIL,IN,2022-04-19,VERIFIED
CUS004293,RETAIL,SG,2024-07-04,PENDING
CUS004294,RETAIL,IN,2023-03-16,VERIFIED
CUS004295,SME,AE,2023-05-01,VERIFIED
CUS004296,RETAIL,SG,2021-07-12,VERIFIED
CUS004297,SME,AE,2021-12-11,REJECTED
CUS004298,SME,SG,2022-01-22,VERIFIED
CUS004299,RETAIL,AE,2024-01-04,VERIFIED
CUS004300,RETAIL,IN,2023-01-04,VERIFIED
CUS004301,RETAIL,IN,2021-03-31,VERIFIED
CUS004302,SME,IN,2024-12-06,VERIFIED
CUS004303,RETAIL,SG,2022-07-04,VERIFIED
CUS004304,SME,IN,2023-09-16,VERIFIED
CUS004305,RETAIL,SG,2022-02-28,VERIFIED
CUS004306,RETAIL,IN,2023-02-09,VERIFIED
CUS004307,SME,SG,2022-04-27,VERIFIED
CUS004308,RETAIL,IN,2024-01-17,VERIFIED
CUS004309,RETAIL,AE,2021-08-15,VERIFIED
CUS004310,RETAIL,IN,2021-10-17,VERIFIED
CUS004311,SME,IN,2022-07-24,VERIFIED
CUS004312,SME,SG,2023-05-18,VERIFIED
CUS004313,RETAIL,SG,2024-06-03,VERIFIED
CUS004314,RETAIL,SG,2024-03-22,PENDING
CUS004315,RETAIL,AE,2023-06-23,VERIFIED
CUS004316,RETAIL,IN,2022-01-07,VERIFIED
CUS004317,RETAIL,SG,2021-05-17,VERIFIED
CUS004318,RETAIL,IN,2022-09-03,VERIFIED
CUS004319,SME,IN,2021-05-29,VERIFIED
CUS004320,RETAIL,IN,2024-04-01,VERIFIED
CUS004321,SME,IN,2022-02-27,VERIFIED
CUS004322,RETAIL,IN,2022-12-18,VERIFIED
CUS004323,RETAIL,SG,2024-06-19,VERIFIED
CUS004324,RETAIL,IN,2022-05-05,VERIFIED
CUS004325,RETAIL,AE,2021-07-17,VERIFIED
CUS004326,RETAIL,IN,2023-04-15,PENDING
CUS004327,SME,IN,2024-01-10,VERIFIED
CUS004328,RETAIL,SG,2023-11-05,VERIFIED
CUS004329,RETAIL,IN,2022-09-13,VERIFIED
CUS004330,SME,IN,2022-05-12,VERIFIED
CUS004331,RETAIL,SG,2024-03-04,VERIFIED
CUS004332,RETAIL,IN,2022-05-15,VERIFIED
CUS004333,RETAIL,IN,2022-02-21,VERIFIED
CUS004334,RETAIL,SG,2024-12-09,VERIFIED
CUS004335,RETAIL,IN,2023-07-14,PENDING
CUS004336,RETAIL,SG,2024-02-09,VERIFIED
CUS004337,RETAIL,SG,2021-12-18,VERIFIED
CUS004338,RETAIL,IN,2022-07-12,VERIFIED
CUS004339,SME,IN,2022-12-17,VERIFIED
CUS004340,RETAIL,IN,2024-02-23,VERIFIED
CUS004341,RETAIL,SG,2023-02-27,VERIFIED
CUS004342,SME,IN,2021-04-25,VERIFIED
CUS004343,RETAIL,AE,2021-03-11,VERIFIED
CUS004344,SME,IN,2024-05-19,VERIFIED
CUS004345,SME,SG,2023-02-23,VERIFIED
CUS004346,RETAIL,IN,2022-02-19,VERIFIED
CUS004347,SME,IN,2023-11-12,VERIFIED
CUS004348,RETAIL,IN,2021-03-06,VERIFIED
CUS004349,RETAIL,IN,2023-03-20,VERIFIED
CUS004350,RETAIL,AE,2023-09-04,VERIFIED
CUS004351,RETAIL,IN,2021-05-24,VERIFIED
CUS004352,RETAIL,IN,2022-09-10,VERIFIED
CUS004353,RETAIL,IN,2024-10-06,VERIFIED
CUS004354,RETAIL,IN,2024-08-07,VERIFIED
CUS004355,SME,AE,2021-03-31,VERIFIED
CUS004356,SME,AE,2022-08-15,VERIFIED
CUS004357,SME,AE,2021-09-02,VERIFIED
CUS004358,RETAIL,IN,2021-03-21,PENDING
CUS004359,RETAIL,IN,2022-02-24,VERIFIED
CUS004360,RETAIL,SG,2021-04-10,VERIFIED
CUS004361,RETAIL,IN,2021-05-06,VERIFIED
CUS004362,RETAIL,SG,2023-06-05,VERIFIED
CUS004363,RETAIL,IN,2022-07-22,VERIFIED
CUS004364,SME,IN,2021-11-10,VERIFIED
CUS004365,RETAIL,AE,2021-05-16,PENDING
CUS004366,SME,IN,2021-11-01,REJECTED
CUS004367,SME,AE,2021-11-28,VERIFIED
CUS004368,RETAIL,IN,2023-10-01,VERIFIED
CUS004369,RETAIL,IN,2023-05-12,VERIFIED
CUS004370,RETAIL,IN,2021-11-07,VERIFIED
CUS004371,SME,IN,2024-07-08,VERIFIED
CUS004372,RETAIL,IN,2024-05-19,PENDING
CUS004373,RETAIL,IN,2021-12-25,PENDING
CUS004374,SME,SG,2021-04-02,VERIFIED
CUS004375,RETAIL,AE,2023-05-27,VERIFIED
CUS004376,RETAIL,IN,2021-09-10,VERIFIED
CUS004377,RETAIL,IN,2023-08-23,VERIFIED
CUS004378,RETAIL,IN,2023-01-18,VERIFIED
CUS004379,SME,SG,2021-04-09,VERIFIED
CUS004380,RETAIL,IN,2023-07-12,VERIFIED
CUS004381,RETAIL,IN,2021-08-13,VERIFIED
CUS004382,RETAIL,IN,2021-05-18,VERIFIED
CUS004383,RETAIL,IN,2022-03-05,VERIFIED
CUS004384,RETAIL,IN,2024-09-24,VERIFIED
CUS004385,SME,IN,2021-04-27,VERIFIED
CUS004386,RETAIL,AE,2023-02-04,VERIFIED
CUS004387,RETAIL,IN,2023-11-23,VERIFIED
CUS004388,SME,IN,2023-02-20,VERIFIED
CUS004389,SME,IN,2023-04-26,VERIFIED
CUS004390,RETAIL,IN,2023-07-18,VERIFIED
CUS004391,SME,IN,2022-05-29,VERIFIED
CUS004392,RETAIL,IN,2024-07-28,VERIFIED
CUS004393,RETAIL,IN,2022-07-30,VERIFIED
CUS004394,RETAIL,SG,2024-01-16,VERIFIED
CUS004395,RETAIL,IN,2021-12-20,VERIFIED
CUS004396,SME,AE,2021-03-27,PENDING
CUS004397,SME,IN,2023-03-12,VERIFIED
CUS004398,RETAIL,IN,2021-11-27,VERIFIED
CUS004399,RETAIL,AE,2023-10-11,VERIFIED
CUS004400,SME,SG,2021-10-16,VERIFIED
CUS004401,RETAIL,IN,2022-12-17,VERIFIED
CUS004402,RETAIL,AE,2023-01-19,VERIFIED
CUS004403,RETAIL,IN,2024-08-12,PENDING
CUS004404,RETAIL,IN,2022-06-20,VERIFIED
CUS004405,RETAIL,AE,2021-12-21,REJECTED
CUS004406,RETAIL,SG,2023-01-25,VERIFIED
CUS004407,RETAIL,IN,2024-05-23,VERIFIED
CUS004408,RETAIL,IN,2022-05-29,VERIFIED
CUS004409,RETAIL,IN,2022-08-10,VERIFIED
CUS004410,RETAIL,IN,2021-09-11,VERIFIED
CUS004411,RETAIL,AE,2021-05-05,VERIFIED
CUS004412,RETAIL,IN,2024-01-28,VERIFIED
CUS004413,SME,IN,2023-11-19,VERIFIED
CUS004414,SME,IN,2021-05-11,VERIFIED
CUS004415,RETAIL,IN,2024-07-20,VERIFIED
CUS004416,RETAIL,IN,2021-07-02,VERIFIED
CUS004417,RETAIL,AE,2024-05-31,VERIFIED
CUS004418,RETAIL,SG,2023-05-25,VERIFIED
CUS004419,RETAIL,SG,2024-06-22,VERIFIED
CUS004420,SME,IN,2021-04-05,VERIFIED
CUS004421,RETAIL,IN,2023-02-01,VERIFIED
CUS004422,RETAIL,IN,2021-08-15,VERIFIED
CUS004423,RETAIL,IN,2024-11-19,VERIFIED
CUS004424,RETAIL,IN,2024-11-06,VERIFIED
CUS004425,RETAIL,SG,2022-12-18,VERIFIED
CUS004426,RETAIL,AE,2024-11-04,VERIFIED
CUS004427,RETAIL,IN,2022-12-02,VERIFIED
CUS004428,RETAIL,IN,2022-04-17,VERIFIED
CUS004429,RETAIL,SG,2023-02-18,VERIFIED
CUS004430,RETAIL,IN,2021-12-31,VERIFIED
CUS004431,SME,AE,2024-08-12,VERIFIED
CUS004432,SME,IN,2024-01-19,VERIFIED
CUS004433,RETAIL,IN,2024-05-22,VERIFIED
CUS004434,SME,IN,2023-02-03,VERIFIED
CUS004435,SME,AE,2023-06-27,VERIFIED
CUS004436,RETAIL,IN,2022-12-09,VERIFIED
CUS004437,RETAIL,SG,2024-06-01,VERIFIED
CUS004438,RETAIL,IN,2023-04-19,VERIFIED
CUS004439,RETAIL,IN,2022-01-26,VERIFIED
CUS004440,SME,AE,2024-09-27,VERIFIED
CUS004441,RETAIL,IN,2021-12-26,VERIFIED
CUS004442,RETAIL,IN,2024-03-01,VERIFIED
CUS004443,RETAIL,IN,2021-09-04,VERIFIED
CUS004444,SME,AE,2021-11-18,VERIFIED
CUS004445,RETAIL,IN,2023-04-16,VERIFIED
CUS004446,RETAIL,IN,2024-09-21,VERIFIED
CUS004447,RETAIL,AE,2023-07-12,VERIFIED
CUS004448,RETAIL,SG,2022-08-15,VERIFIED
CUS004449,RETAIL,AE,2023-09-14,VERIFIED
CUS004450,RETAIL,SG,2022-07-29,VERIFIED
CUS004451,RETAIL,SG,2021-11-06,VERIFIED
CUS004452,RETAIL,IN,2021-05-03,VERIFIED
CUS004453,RETAIL,IN,2023-06-24,VERIFIED
CUS004454,RETAIL,SG,2021-03-21,VERIFIED
CUS004455,RETAIL,SG,2024-01-19,VERIFIED
CUS004456,RETAIL,AE,2021-05-19,VERIFIED
CUS004457,RETAIL,IN,2024-06-16,VERIFIED
CUS004458,RETAIL,IN,2022-12-06,VERIFIED
CUS004459,RETAIL,IN,2022-06-05,VERIFIED
CUS004460,RETAIL,IN,2024-11-04,PENDING
CUS004461,RETAIL,IN,2023-04-21,VERIFIED
CUS004462,RETAIL,SG,2023-12-10,VERIFIED
CUS004463,RETAIL,IN,2021-11-17,VERIFIED
CUS004464,SME,IN,2023-03-08,VERIFIED
CUS004465,RETAIL,IN,2024-08-09,VERIFIED
CUS004466,RETAIL,SG,2024-11-08,VERIFIED
CUS004467,SME,AE,2024-11-29,VERIFIED
CUS004468,RETAIL,IN,2024-11-11,VERIFIED
CUS004469,SME,IN,2023-02-23,VERIFIED
CUS004470,RETAIL,IN,2023-10-06,VERIFIED
CUS004471,RETAIL,IN,2024-03-16,VERIFIED
CUS004472,SME,IN,2023-07-09,VERIFIED
CUS004473,RETAIL,AE,2023-04-30,VERIFIED
CUS004474,SME,AE,2022-10-11,VERIFIED
CUS004475,RETAIL,IN,2023-02-04,PENDING
CUS004476,RETAIL,IN,2021-06-05,VERIFIED
CUS004477,RETAIL,IN,2023-07-28,VERIFIED
CUS004478,RETAIL,IN,2023-07-04,VERIFIED
CUS004479,RETAIL,IN,2023-06-05,VERIFIED
CUS004480,SME,SG,2024-10-26,VERIFIED
CUS004481,RETAIL,IN,2022-02-18,VERIFIED
CUS004482,SME,SG,2022-12-07,VERIFIED
CUS004483,RETAIL,IN,2023-06-23,VERIFIED
CUS004484,RETAIL,SG,2023-08-19,VERIFIED
CUS004485,RETAIL,SG,2023-01-06,VERIFIED
CUS004486,RETAIL,IN,2021-07-20,VERIFIED
CUS004487,RETAIL,IN,2023-06-24,VERIFIED
CUS004488,SME,AE,2023-05-08,VERIFIED
CUS004489,SME,IN,2024-06-28,VERIFIED
CUS004490,RETAIL,IN,2023-10-09,VERIFIED
CUS004491,RETAIL,IN,2022-02-18,VERIFIED
CUS004492,RETAIL,IN,2022-03-25,VERIFIED
CUS004493,RETAIL,SG,2021-12-01,VERIFIED
CUS004494,RETAIL,IN,2023-02-11,VERIFIED
CUS004495,RETAIL,IN,2021-07-21,VERIFIED
CUS004496,RETAIL,IN,2022-11-16,VERIFIED
CUS004497,RETAIL,SG,2024-07-03,VERIFIED
CUS004498,SME,SG,2024-06-03,VERIFIED
CUS004499,RETAIL,IN,2023-02-07,VERIFIED
CUS004500,SME,IN,2023-07-26,VERIFIED
CUS004501,RETAIL,IN,2024-08-04,PENDING
CUS004502,RETAIL,IN,2024-10-29,VERIFIED
CUS004503,RETAIL,IN,2022-08-20,VERIFIED
CUS004504,SME,IN,2022-02-10,VERIFIED
CUS004505,RETAIL,IN,2024-02-28,VERIFIED
CUS004506,RETAIL,SG,2024-01-24,VERIFIED
CUS004507,RETAIL,IN,2022-12-15,VERIFIED
CUS004508,RETAIL,SG,2024-07-17,VERIFIED
CUS004509,RETAIL,IN,2021-10-17,VERIFIED
CUS004510,RETAIL,IN,2022-09-29,VERIFIED
CUS004511,SME,IN,2023-08-14,VERIFIED
CUS004512,SME,SG,2022-10-13,VERIFIED
CUS004513,RETAIL,SG,2024-05-18,VERIFIED
CUS004514,RETAIL,IN,2023-10-17,VERIFIED
CUS004515,SME,SG,2022-12-19,VERIFIED
CUS004516,RETAIL,IN,2021-04-25,VERIFIED
CUS004517,SME,IN,2021-10-08,VERIFIED
CUS004518,RETAIL,IN,2022-07-27,VERIFIED
CUS004519,RETAIL,IN,2023-09-20,VERIFIED
CUS004520,RETAIL,IN,2021-06-15,VERIFIED
CUS004521,RETAIL,AE,2024-07-05,VERIFIED
CUS004522,RETAIL,IN,2023-11-08,VERIFIED
CUS004523,SME,IN,2023-05-11,VERIFIED
CUS004524,RETAIL,IN,2022-11-21,VERIFIED
CUS004525,RETAIL,IN,2022-06-03,VERIFIED
CUS004526,RETAIL,IN,2023-06-03,VERIFIED
CUS004527,RETAIL,AE,2021-05-23,VERIFIED
CUS004528,RETAIL,SG,2023-06-03,VERIFIED
CUS004529,RETAIL,IN,2022-08-04,VERIFIED
CUS004530,RETAIL,SG,2024-10-27,VERIFIED
CUS004531,RETAIL,IN,2024-05-26,VERIFIED
CUS004532,RETAIL,IN,2024-02-29,VERIFIED
CUS004533,RETAIL,IN,2024-12-31,VERIFIED
CUS004534,RETAIL,IN,2021-09-02,VERIFIED
CUS004535,SME,IN,2022-08-11,VERIFIED
CUS004536,SME,SG,2021-09-30,VERIFIED
CUS004537,SME,IN,2023-09-24,VERIFIED
CUS004538,SME,AE,2024-08-07,VERIFIED
CUS004539,RETAIL,SG,2023-09-30,VERIFIED
CUS004540,RETAIL,AE,2024-12-07,VERIFIED
CUS004541,RETAIL,IN,2023-11-04,VERIFIED
CUS004542,RETAIL,AE,2024-08-12,VERIFIED
CUS004543,SME,IN,2024-03-08,VERIFIED
CUS004544,RETAIL,IN,2022-07-22,VERIFIED
CUS004545,RETAIL,IN,2021-04-25,VERIFIED
CUS004546,RETAIL,AE,2024-02-01,VERIFIED
CUS004547,SME,IN,2021-03-28,VERIFIED
CUS004548,RETAIL,IN,2022-01-30,VERIFIED
CUS004549,RETAIL,SG,2024-07-17,VERIFIED
CUS004550,RETAIL,IN,2024-12-24,VERIFIED
CUS004551,RETAIL,AE,2024-07-27,VERIFIED
CUS004552,RETAIL,IN,2022-04-05,VERIFIED
CUS004553,RETAIL,IN,2022-06-07,VERIFIED
CUS004554,RETAIL,IN,2021-08-10,VERIFIED
CUS004555,RETAIL,IN,2022-12-28,VERIFIED
CUS004556,RETAIL,IN,2024-10-31,VERIFIED
CUS004557,SME,IN,2021-03-04,VERIFIED
CUS004558,RETAIL,IN,2021-09-05,VERIFIED
CUS004559,RETAIL,SG,2022-04-04,VERIFIED
CUS004560,RETAIL,AE,2021-06-26,VERIFIED
CUS004561,SME,IN,2023-12-07,VERIFIED
CUS004562,RETAIL,IN,2022-12-13,VERIFIED
CUS004563,RETAIL,IN,2022-12-18,VERIFIED
CUS004564,SME,AE,2023-11-30,VERIFIED
CUS004565,RETAIL,SG,2021-03-09,VERIFIED
CUS004566,RETAIL,IN,2022-11-06,VERIFIED
CUS004567,RETAIL,IN,2021-06-25,VERIFIED
CUS004568,RETAIL,AE,2023-10-25,VERIFIED
CUS004569,SME,AE,2023-02-08,VERIFIED
CUS004570,RETAIL,IN,2021-06-05,VERIFIED
CUS004571,SME,SG,2024-04-26,VERIFIED
CUS004572,SME,IN,2022-12-02,VERIFIED
CUS004573,RETAIL,IN,2021-12-14,VERIFIED
CUS004574,RETAIL,SG,2021-12-10,VERIFIED
CUS004575,RETAIL,IN,2022-02-14,VERIFIED
CUS004576,SME,IN,2022-09-01,VERIFIED
CUS004577,RETAIL,AE,2024-12-23,VERIFIED
CUS004578,RETAIL,AE,2023-11-25,VERIFIED
CUS004579,SME,IN,2021-12-15,VERIFIED
CUS004580,RETAIL,IN,2023-02-01,VERIFIED
CUS004581,SME,SG,2023-08-18,VERIFIED
CUS004582,RETAIL,IN,2021-08-19,PENDING
CUS004583,RETAIL,AE,2023-09-09,VERIFIED
CUS004584,RETAIL,SG,2023-07-15,VERIFIED
CUS004585,RETAIL,IN,2023-06-15,VERIFIED
CUS004586,RETAIL,IN,2023-09-12,VERIFIED
CUS004587,RETAIL,SG,2023-01-25,VERIFIED
CUS004588,RETAIL,AE,2021-05-03,VERIFIED
CUS004589,SME,IN,2021-03-07,VERIFIED
CUS004590,RETAIL,IN,2023-09-22,VERIFIED
CUS004591,RETAIL,SG,2023-08-03,VERIFIED
CUS004592,RETAIL,IN,2021-09-16,VERIFIED
CUS004593,RETAIL,IN,2022-10-19,VERIFIED
CUS004594,RETAIL,AE,2024-04-27,VERIFIED
CUS004595,RETAIL,SG,2022-11-24,VERIFIED
CUS004596,RETAIL,AE,2021-12-20,VERIFIED
CUS004597,RETAIL,SG,2023-06-16,VERIFIED
CUS004598,RETAIL,IN,2022-08-24,VERIFIED
CUS004599,SME,AE,2022-01-13,VERIFIED
CUS004600,RETAIL,IN,2024-07-17,VERIFIED
CUS004601,SME,IN,2021-04-08,VERIFIED
CUS004602,RETAIL,AE,2024-10-04,PENDING
CUS004603,SME,SG,2024-07-26,VERIFIED
CUS004604,SME,AE,2023-11-11,VERIFIED
CUS004605,RETAIL,IN,2024-12-05,PENDING
CUS004606,RETAIL,AE,2022-06-26,VERIFIED
CUS004607,RETAIL,IN,2022-12-28,PENDING
CUS004608,RETAIL,SG,2023-08-16,PENDING
CUS004609,RETAIL,AE,2021-03-21,VERIFIED
CUS004610,RETAIL,IN,2023-12-19,VERIFIED
CUS004611,RETAIL,SG,2021-08-20,VERIFIED
CUS004612,SME,SG,2022-10-10,VERIFIED
CUS004613,RETAIL,SG,2022-05-08,VERIFIED
CUS004614,RETAIL,AE,2021-05-09,VERIFIED
CUS004615,RETAIL,SG,2024-01-12,VERIFIED
CUS004616,SME,IN,2024-07-15,VERIFIED
CUS004617,RETAIL,IN,2021-12-19,VERIFIED
CUS004618,RETAIL,AE,2022-07-14,VERIFIED
CUS004619,RETAIL,AE,2024-03-31,VERIFIED
CUS004620,RETAIL,AE,2021-07-04,VERIFIED
CUS004621,RETAIL,IN,2022-04-03,VERIFIED
CUS004622,SME,IN,2022-12-06,VERIFIED
CUS004623,RETAIL,SG,2024-06-30,VERIFIED
CUS004624,RETAIL,SG,2021-04-23,VERIFIED
CUS004625,RETAIL,IN,2022-12-28,VERIFIED
CUS004626,RETAIL,IN,2022-09-17,VERIFIED
CUS004627,SME,IN,2024-11-24,VERIFIED
CUS004628,RETAIL,IN,2022-06-05,VERIFIED
CUS004629,RETAIL,IN,2021-10-20,VERIFIED
CUS004630,RETAIL,IN,2021-12-21,VERIFIED
CUS004631,RETAIL,IN,2023-07-24,PENDING
CUS004632,SME,AE,2024-03-28,VERIFIED
CUS004633,RETAIL,SG,2023-04-22,VERIFIED
CUS004634,SME,AE,2022-11-09,VERIFIED
CUS004635,RETAIL,IN,2023-12-22,VERIFIED
CUS004636,SME,IN,2022-08-26,PENDING
CUS004637,SME,IN,2021-06-17,VERIFIED
CUS004638,RETAIL,IN,2024-07-17,VERIFIED
CUS004639,RETAIL,IN,2024-01-23,VERIFIED
CUS004640,SME,SG,2023-04-05,VERIFIED
CUS004641,RETAIL,SG,2024-05-04,VERIFIED
CUS004642,RETAIL,AE,2022-01-19,VERIFIED
CUS004643,SME,IN,2024-10-08,VERIFIED
CUS004644,SME,IN,2024-11-06,VERIFIED
CUS004645,RETAIL,IN,2023-08-26,VERIFIED
CUS004646,SME,IN,2023-06-03,VERIFIED
CUS004647,RETAIL,SG,2022-04-20,VERIFIED
CUS004648,RETAIL,IN,2024-06-11,VERIFIED
CUS004649,RETAIL,SG,2021-12-31,VERIFIED
CUS004650,SME,IN,2024-04-30,VERIFIED
CUS004651,RETAIL,AE,2021-05-14,VERIFIED
CUS004652,RETAIL,AE,2023-01-15,VERIFIED
CUS004653,SME,IN,2022-01-24,VERIFIED
CUS004654,RETAIL,AE,2024-11-21,VERIFIED
CUS004655,RETAIL,IN,2022-04-04,PENDING
CUS004656,RETAIL,SG,2023-05-18,VERIFIED
CUS004657,RETAIL,AE,2023-01-29,VERIFIED
CUS004658,RETAIL,SG,2024-11-27,VERIFIED
CUS004659,SME,SG,2022-08-16,VERIFIED
CUS004660,RETAIL,IN,2021-06-16,VERIFIED
CUS004661,RETAIL,SG,2021-03-10,VERIFIED
CUS004662,RETAIL,SG,2021-08-14,VERIFIED
CUS004663,SME,IN,2022-04-03,VERIFIED
CUS004664,RETAIL,IN,2024-03-11,VERIFIED
CUS004665,RETAIL,SG,2023-08-04,VERIFIED
CUS004666,RETAIL,SG,2024-10-01,VERIFIED
CUS004667,RETAIL,IN,2024-02-22,VERIFIED
CUS004668,RETAIL,AE,2024-01-17,VERIFIED
CUS004669,RETAIL,SG,2022-06-13,VERIFIED
CUS004670,RETAIL,IN,2024-11-23,VERIFIED
CUS004671,RETAIL,IN,2021-06-10,VERIFIED
CUS004672,SME,IN,2022-03-10,VERIFIED
CUS004673,SME,SG,2022-06-05,VERIFIED
CUS004674,RETAIL,IN,2022-10-21,VERIFIED
CUS004675,RETAIL,IN,2024-01-12,VERIFIED
CUS004676,SME,SG,2022-12-02,VERIFIED
CUS004677,RETAIL,SG,2022-07-24,VERIFIED
CUS004678,SME,AE,2021-09-27,VERIFIED
CUS004679,RETAIL,IN,2022-05-21,VERIFIED
CUS004680,RETAIL,SG,2021-11-25,VERIFIED
CUS004681,RETAIL,IN,2023-04-03,VERIFIED
CUS004682,SME,IN,2023-06-09,VERIFIED
CUS004683,RETAIL,SG,2022-01-04,VERIFIED
CUS004684,RETAIL,SG,2022-08-31,VERIFIED
CUS004685,RETAIL,IN,2023-06-30,VERIFIED
CUS004686,SME,SG,2023-04-24,VERIFIED
CUS004687,SME,IN,2022-11-14,VERIFIED
CUS004688,SME,IN,2022-08-12,VERIFIED
CUS004689,RETAIL,IN,2023-08-16,VERIFIED
CUS004690,SME,IN,2024-06-03,VERIFIED
CUS004691,RETAIL,SG,2021-07-24,VERIFIED
CUS004692,RETAIL,AE,2023-11-08,VERIFIED
CUS004693,RETAIL,SG,2024-05-20,VERIFIED
CUS004694,RETAIL,IN,2024-01-15,VERIFIED
CUS004695,RETAIL,IN,2021-09-03,VERIFIED
CUS004696,RETAIL,IN,2024-05-12,VERIFIED
CUS004697,SME,SG,2022-05-01,VERIFIED
CUS004698,SME,IN,2023-06-02,VERIFIED
CUS004699,RETAIL,IN,2022-09-04,VERIFIED
CUS004700,SME,SG,2022-03-21,VERIFIED
CUS004701,RETAIL,SG,2024-02-25,REJECTED
CUS004702,RETAIL,IN,2023-06-27,VERIFIED
CUS004703,RETAIL,IN,2021-12-21,VERIFIED
CUS004704,RETAIL,SG,2021-03-28,VERIFIED
CUS004705,RETAIL,IN,2021-09-25,VERIFIED
CUS004706,RETAIL,IN,2023-11-06,VERIFIED
CUS004707,SME,AE,2024-02-04,VERIFIED
CUS004708,RETAIL,IN,2021-05-15,VERIFIED
CUS004709,SME,IN,2022-05-16,VERIFIED
CUS004710,SME,IN,2024-04-06,VERIFIED
CUS004711,RETAIL,IN,2022-07-11,VERIFIED
CUS004712,RETAIL,IN,2023-10-10,VERIFIED
CUS004713,RETAIL,IN,2024-05-27,REJECTED
CUS004714,RETAIL,IN,2024-05-17,VERIFIED
CUS004715,RETAIL,IN,2023-07-22,PENDING
CUS004716,RETAIL,AE,2024-02-03,VERIFIED
CUS004717,RETAIL,AE,2021-12-29,VERIFIED
CUS004718,RETAIL,IN,2024-05-27,VERIFIED
CUS004719,RETAIL,IN,2024-04-14,VERIFIED
CUS004720,RETAIL,SG,2022-08-11,VERIFIED
CUS004721,RETAIL,AE,2023-05-05,VERIFIED
CUS004722,SME,AE,2024-03-27,PENDING
CUS004723,RETAIL,IN,2024-09-27,REJECTED
CUS004724,RETAIL,IN,2024-09-04,VERIFIED
CUS004725,RETAIL,IN,2023-11-21,VERIFIED
CUS004726,RETAIL,SG,2023-12-26,VERIFIED
CUS004727,RETAIL,IN,2022-10-12,VERIFIED
CUS004728,RETAIL,IN,2022-05-28,VERIFIED
CUS004729,RETAIL,IN,2024-05-15,VERIFIED
CUS004730,RETAIL,IN,2023-05-12,VERIFIED
CUS004731,RETAIL,IN,2023-03-21,VERIFIED
CUS004732,SME,IN,2024-05-28,PENDING
CUS004733,RETAIL,SG,2023-02-17,VERIFIED
CUS004734,RETAIL,SG,2024-10-05,VERIFIED
CUS004735,RETAIL,SG,2023-10-23,VERIFIED
CUS004736,RETAIL,IN,2022-03-17,VERIFIED
CUS004737,RETAIL,SG,2024-01-25,VERIFIED
CUS004738,RETAIL,SG,2022-04-22,VERIFIED
CUS004739,RETAIL,IN,2024-08-05,VERIFIED
CUS004740,SME,IN,2023-03-27,VERIFIED
CUS004741,RETAIL,SG,2021-07-19,VERIFIED
CUS004742,RETAIL,IN,2022-12-25,VERIFIED
CUS004743,RETAIL,IN,2021-11-15,VERIFIED
CUS004744,RETAIL,IN,2024-01-31,VERIFIED
CUS004745,RETAIL,IN,2024-04-17,VERIFIED
CUS004746,RETAIL,IN,2023-02-22,VERIFIED
CUS004747,SME,IN,2024-01-20,VERIFIED
CUS004748,SME,IN,2022-03-18,VERIFIED
CUS004749,RETAIL,SG,2023-08-28,VERIFIED
CUS004750,RETAIL,IN,2022-01-17,VERIFIED
CUS004751,RETAIL,IN,2024-11-13,VERIFIED
CUS004752,RETAIL,IN,2023-09-13,VERIFIED
CUS004753,SME,SG,2024-01-27,PENDING
CUS004754,RETAIL,AE,2022-05-27,VERIFIED
CUS004755,RETAIL,IN,2024-03-19,VERIFIED
CUS004756,RETAIL,IN,2023-02-20,REJECTED
CUS004757,RETAIL,IN,2023-08-16,VERIFIED
CUS004758,RETAIL,IN,2022-03-03,VERIFIED
CUS004759,RETAIL,AE,2023-08-03,VERIFIED
CUS004760,RETAIL,IN,2022-05-10,VERIFIED
CUS004761,RETAIL,AE,2024-08-30,VERIFIED
CUS004762,RETAIL,IN,2022-02-16,VERIFIED
CUS004763,RETAIL,IN,2022-07-22,VERIFIED
CUS004764,SME,AE,2024-05-16,VERIFIED
CUS004765,RETAIL,IN,2024-08-02,VERIFIED
CUS004766,RETAIL,SG,2023-10-09,VERIFIED
CUS004767,RETAIL,IN,2021-03-20,PENDING
CUS004768,RETAIL,AE,2023-12-28,VERIFIED
CUS004769,RETAIL,IN,2023-03-09,PENDING
CUS004770,RETAIL,IN,2023-04-17,PENDING
CUS004771,RETAIL,AE,2023-11-16,VERIFIED
CUS004772,RETAIL,IN,2023-03-23,VERIFIED
CUS004773,RETAIL,IN,2024-05-01,VERIFIED
CUS004774,RETAIL,SG,2022-06-12,VERIFIED
CUS004775,RETAIL,IN,2024-05-23,VERIFIED
CUS004776,RETAIL,AE,2022-10-27,VERIFIED
CUS004777,SME,SG,2023-10-14,VERIFIED
CUS004778,SME,SG,2022-10-13,VERIFIED
CUS004779,RETAIL,IN,2022-11-26,VERIFIED
CUS004780,RETAIL,IN,2022-07-30,VERIFIED
CUS004781,RETAIL,AE,2022-09-07,VERIFIED
CUS004782,RETAIL,IN,2023-12-16,VERIFIED
CUS004783,RETAIL,IN,2022-10-01,VERIFIED
CUS004784,SME,IN,2024-02-20,VERIFIED
CUS004785,RETAIL,IN,2023-07-08,VERIFIED
CUS004786,RETAIL,IN,2024-03-06,VERIFIED
CUS004787,SME,SG,2022-12-15,VERIFIED
CUS004788,RETAIL,SG,2022-01-06,VERIFIED
CUS004789,RETAIL,AE,2022-09-07,VERIFIED
CUS004790,RETAIL,IN,2024-08-18,VERIFIED
CUS004791,RETAIL,IN,2024-09-16,VERIFIED
CUS004792,RETAIL,IN,2023-10-17,VERIFIED
CUS004793,RETAIL,SG,2022-09-30,VERIFIED
CUS004794,RETAIL,IN,2023-12-06,VERIFIED
CUS004795,RETAIL,IN,2021-03-10,VERIFIED
CUS004796,SME,IN,2022-09-26,VERIFIED
CUS004797,RETAIL,SG,2021-07-30,VERIFIED
CUS004798,RETAIL,SG,2021-06-18,VERIFIED
CUS004799,RETAIL,AE,2024-08-20,VERIFIED
CUS004800,RETAIL,IN,2021-08-20,VERIFIED
CUS004801,SME,AE,2024-10-22,VERIFIED
CUS004802,SME,IN,2024-08-07,VERIFIED
CUS004803,SME,IN,2022-12-07,VERIFIED
CUS004804,SME,IN,2022-12-07,VERIFIED
CUS004805,RETAIL,IN,2022-07-09,VERIFIED
CUS004806,RETAIL,IN,2024-11-10,VERIFIED
CUS004807,RETAIL,IN,2024-08-04,VERIFIED
CUS004808,SME,IN,2021-12-19,VERIFIED
CUS004809,RETAIL,SG,2022-09-27,VERIFIED
CUS004810,RETAIL,AE,2023-07-27,VERIFIED
CUS004811,SME,SG,2024-04-22,VERIFIED
CUS004812,RETAIL,IN,2024-03-07,VERIFIED
CUS004813,SME,IN,2023-10-30,VERIFIED
CUS004814,RETAIL,SG,2023-02-24,VERIFIED
CUS004815,SME,IN,2021-11-19,VERIFIED
CUS004816,RETAIL,IN,2023-05-03,VERIFIED
CUS004817,RETAIL,IN,2023-04-30,VERIFIED
CUS004818,RETAIL,SG,2021-05-22,VERIFIED
CUS004819,RETAIL,IN,2024-08-24,VERIFIED
CUS004820,RETAIL,SG,2024-11-16,VERIFIED
CUS004821,SME,IN,2021-03-13,VERIFIED
CUS004822,SME,IN,2021-05-13,REJECTED
CUS004823,SME,IN,2023-06-17,VERIFIED
CUS004824,RETAIL,IN,2024-02-08,VERIFIED
CUS004825,RETAIL,IN,2024-07-13,VERIFIED
CUS004826,SME,SG,2024-06-12,VERIFIED
CUS004827,RETAIL,IN,2021-08-02,VERIFIED
CUS004828,RETAIL,IN,2022-02-28,VERIFIED
CUS004829,RETAIL,SG,2021-10-07,VERIFIED
CUS004830,SME,IN,2023-01-01,VERIFIED
CUS004831,RETAIL,IN,2022-06-26,VERIFIED
CUS004832,RETAIL,IN,2021-07-28,VERIFIED
CUS004833,RETAIL,IN,2023-08-20,VERIFIED
CUS004834,RETAIL,IN,2022-12-04,VERIFIED
CUS004835,RETAIL,SG,2023-11-25,PENDING
CUS004836,RETAIL,IN,2023-01-25,VERIFIED
CUS004837,RETAIL,SG,2024-03-10,VERIFIED
CUS004838,RETAIL,IN,2024-03-19,VERIFIED
CUS004839,RETAIL,SG,2023-08-20,VERIFIED
CUS004840,RETAIL,SG,2021-05-13,VERIFIED
CUS004841,SME,IN,2023-12-18,VERIFIED
CUS004842,RETAIL,IN,2022-06-16,VERIFIED
CUS004843,RETAIL,IN,2022-10-24,VERIFIED
CUS004844,RETAIL,AE,2022-09-12,VERIFIED
CUS004845,SME,AE,2024-07-03,VERIFIED
CUS004846,SME,IN,2021-12-22,VERIFIED
CUS004847,RETAIL,SG,2021-12-30,VERIFIED
CUS004848,RETAIL,IN,2024-08-13,VERIFIED
CUS004849,RETAIL,IN,2023-06-30,VERIFIED
CUS004850,SME,SG,2021-09-07,VERIFIED
CUS004851,SME,IN,2024-02-04,VERIFIED
CUS004852,RETAIL,IN,2023-02-01,VERIFIED
CUS004853,SME,SG,2021-10-31,VERIFIED
CUS004854,RETAIL,IN,2021-12-05,VERIFIED
CUS004855,RETAIL,SG,2023-07-09,VERIFIED
CUS004856,RETAIL,IN,2022-04-10,PENDING
CUS004857,RETAIL,IN,2021-06-08,VERIFIED
CUS004858,RETAIL,IN,2023-04-11,VERIFIED
CUS004859,RETAIL,AE,2021-04-09,PENDING
CUS004860,RETAIL,IN,2022-01-20,VERIFIED
CUS004861,RETAIL,IN,2022-07-10,VERIFIED
CUS004862,SME,SG,2022-03-30,VERIFIED
CUS004863,RETAIL,AE,2024-04-14,VERIFIED
CUS004864,SME,AE,2024-12-27,PENDING
CUS004865,RETAIL,IN,2021-10-31,VERIFIED
CUS004866,RETAIL,IN,2022-04-15,VERIFIED
CUS004867,SME,IN,2021-05-29,VERIFIED
CUS004868,SME,SG,2023-01-20,VERIFIED
CUS004869,SME,AE,2023-07-12,VERIFIED
CUS004870,RETAIL,SG,2021-10-14,VERIFIED
CUS004871,RETAIL,IN,2021-05-24,VERIFIED
CUS004872,RETAIL,IN,2021-11-25,PENDING
CUS004873,RETAIL,IN,2021-11-01,VERIFIED
CUS004874,SME,IN,2024-05-08,VERIFIED
CUS004875,RETAIL,IN,2021-09-04,VERIFIED
CUS004876,RETAIL,IN,2024-12-02,VERIFIED
CUS004877,RETAIL,SG,2022-02-09,VERIFIED
CUS004878,SME,AE,2024-04-02,REJECTED
CUS004879,RETAIL,SG,2024-11-05,VERIFIED
CUS004880,RETAIL,AE,2022-03-01,VERIFIED
CUS004881,RETAIL,SG,2023-09-14,VERIFIED
CUS004882,SME,SG,2021-08-31,VERIFIED
CUS004883,SME,IN,2023-12-03,VERIFIED
CUS004884,RETAIL,SG,2022-04-27,VERIFIED
CUS004885,SME,IN,2022-07-15,VERIFIED
CUS004886,RETAIL,IN,2021-11-10,VERIFIED
CUS004887,RETAIL,IN,2021-09-14,VERIFIED
CUS004888,SME,SG,2022-10-02,VERIFIED
CUS004889,RETAIL,SG,2023-09-05,VERIFIED
CUS004890,RETAIL,AE,2023-01-23,VERIFIED
CUS004891,RETAIL,AE,2022-09-12,PENDING
CUS004892,SME,AE,2021-04-14,VERIFIED
CUS004893,RETAIL,IN,2024-05-05,VERIFIED
CUS004894,RETAIL,AE,2024-09-11,PENDING
CUS004895,RETAIL,AE,2023-03-23,VERIFIED
CUS004896,RETAIL,AE,2023-05-23,VERIFIED
CUS004897,RETAIL,IN,2021-07-20,VERIFIED
CUS004898,RETAIL,IN,2023-12-09,VERIFIED
CUS004899,SME,AE,2024-06-08,VERIFIED
CUS004900,RETAIL,IN,2024-07-15,VERIFIED
CUS004901,SME,IN,2021-07-30,VERIFIED
CUS004902,SME,IN,2022-09-07,PENDING
CUS004903,RETAIL,IN,2021-04-06,VERIFIED
CUS004904,RETAIL,IN,2023-12-30,VERIFIED
CUS004905,RETAIL,AE,2024-09-10,VERIFIED
CUS004906,RETAIL,AE,2023-03-25,VERIFIED
CUS004907,RETAIL,AE,2024-05-04,REJECTED
CUS004908,RETAIL,IN,2024-06-24,VERIFIED
CUS004909,RETAIL,IN,2021-08-15,VERIFIED
CUS004910,RETAIL,IN,2023-07-06,VERIFIED
CUS004911,RETAIL,IN,2024-09-25,VERIFIED
CUS004912,RETAIL,IN,2024-03-27,VERIFIED
CUS004913,SME,SG,2023-08-07,PENDING
CUS004914,RETAIL,AE,2021-07-26,VERIFIED
CUS004915,RETAIL,IN,2022-07-23,VERIFIED
CUS004916,RETAIL,IN,2023-01-01,VERIFIED
CUS004917,RETAIL,IN,2022-10-09,VERIFIED
CUS004918,RETAIL,IN,2021-12-09,VERIFIED
CUS004919,RETAIL,IN,2024-04-05,VERIFIED
CUS004920,RETAIL,IN,2023-02-21,VERIFIED
CUS004921,RETAIL,IN,2023-07-11,VERIFIED
CUS004922,RETAIL,IN,2024-11-03,VERIFIED
CUS004923,SME,AE,2022-11-22,VERIFIED
CUS004924,RETAIL,IN,2022-05-05,VERIFIED
CUS004925,RETAIL,IN,2022-06-14,VERIFIED
CUS004926,RETAIL,IN,2024-10-27,VERIFIED
CUS004927,SME,IN,2023-06-29,VERIFIED
CUS004928,RETAIL,IN,2023-06-28,VERIFIED
CUS004929,RETAIL,SG,2024-05-29,VERIFIED
CUS004930,RETAIL,AE,2022-11-28,VERIFIED
CUS004931,SME,SG,2022-12-20,VERIFIED
CUS004932,RETAIL,IN,2022-01-06,VERIFIED
CUS004933,RETAIL,IN,2022-01-28,VERIFIED
CUS004934,RETAIL,IN,2021-07-23,VERIFIED
CUS004935,RETAIL,IN,2023-05-18,VERIFIED
CUS004936,RETAIL,AE,2024-03-21,VERIFIED
CUS004937,RETAIL,IN,2022-12-06,VERIFIED
CUS004938,RETAIL,IN,2022-06-17,VERIFIED
CUS004939,RETAIL,IN,2023-09-23,VERIFIED
CUS004940,RETAIL,IN,2023-03-15,VERIFIED
CUS004941,SME,AE,2021-06-26,VERIFIED
CUS004942,RETAIL,IN,2022-01-23,VERIFIED
CUS004943,SME,IN,2022-09-01,VERIFIED
CUS004944,SME,IN,2021-05-27,VERIFIED
CUS004945,RETAIL,SG,2024-12-13,VERIFIED
CUS004946,RETAIL,IN,2022-12-17,VERIFIED
CUS004947,RETAIL,SG,2023-12-26,VERIFIED
CUS004948,RETAIL,IN,2023-11-27,VERIFIED
CUS004949,RETAIL,IN,2021-12-31,VERIFIED
CUS004950,RETAIL,AE,2021-12-11,VERIFIED
CUS004951,RETAIL,IN,2023-02-21,VERIFIED
CUS004952,RETAIL,IN,2022-12-26,VERIFIED
CUS004953,RETAIL,IN,2022-09-15,VERIFIED
CUS004954,SME,IN,2021-08-15,VERIFIED
CUS004955,RETAIL,IN,2024-12-02,VERIFIED
CUS004956,RETAIL,SG,2022-11-01,VERIFIED
CUS004957,RETAIL,IN,2024-09-28,VERIFIED
CUS004958,RETAIL,IN,2021-05-31,PENDING
CUS004959,SME,IN,2024-02-03,VERIFIED
CUS004960,RETAIL,SG,2024-12-08,PENDING
CUS004961,SME,IN,2021-11-26,VERIFIED
CUS004962,SME,IN,2022-03-04,VERIFIED
CUS004963,RETAIL,IN,2021-07-19,VERIFIED
CUS004964,RETAIL,IN,2023-09-04,VERIFIED
CUS004965,RETAIL,AE,2023-12-11,VERIFIED
CUS004966,RETAIL,IN,2022-06-10,VERIFIED
CUS004967,SME,IN,2021-05-18,VERIFIED
CUS004968,RETAIL,IN,2021-05-23,VERIFIED
CUS004969,SME,SG,2023-06-22,VERIFIED
CUS004970,RETAIL,IN,2022-07-01,VERIFIED
CUS004971,RETAIL,IN,2021-11-01,VERIFIED
CUS004972,RETAIL,IN,2022-02-24,VERIFIED
CUS004973,RETAIL,AE,2022-09-14,VERIFIED
CUS004974,RETAIL,AE,2024-05-25,VERIFIED
CUS004975,RETAIL,IN,2022-08-01,VERIFIED
CUS004976,RETAIL,AE,2024-05-08,VERIFIED
CUS004977,SME,AE,2023-04-11,VERIFIED
CUS004978,RETAIL,IN,2022-10-22,PENDING
CUS004979,RETAIL,IN,2024-11-26,VERIFIED
CUS004980,RETAIL,IN,2023-05-10,REJECTED
CUS004981,RETAIL,IN,2023-10-21,VERIFIED
CUS004982,RETAIL,IN,2024-07-30,VERIFIED
CUS004983,RETAIL,IN,2022-07-10,VERIFIED
CUS004984,RETAIL,AE,2022-03-19,PENDING
CUS004985,RETAIL,IN,2021-07-30,VERIFIED
CUS004986,RETAIL,SG,2022-04-29,VERIFIED
CUS004987,RETAIL,IN,2024-04-20,VERIFIED
CUS004988,RETAIL,IN,2024-08-26,VERIFIED
CUS004989,RETAIL,AE,2021-11-07,VERIFIED
CUS004990,RETAIL,IN,2024-10-25,VERIFIED
CUS004991,RETAIL,IN,2023-07-19,VERIFIED
CUS004992,RETAIL,IN,2023-07-21,VERIFIED
CUS004993,RETAIL,SG,2024-04-22,VERIFIED
CUS004994,RETAIL,IN,2022-07-30,VERIFIED
CUS004995,SME,IN,2022-01-19,VERIFIED
CUS004996,SME,IN,2021-07-31,VERIFIED
CUS004997,RETAIL,IN,2023-03-16,VERIFIED
CUS004998,RETAIL,IN,2023-05-04,PENDING
CUS004999,RETAIL,IN,2024-03-23,VERIFIED
CUS005000,RETAIL,IN,2024-09-06,VERIFIED
CUS005001,SME,IN,2021-10-13,VERIFIED
CUS005002,RETAIL,SG,2021-10-13,VERIFIED
CUS005003,RETAIL,SG,2021-03-30,VERIFIED
CUS005004,RETAIL,IN,2024-07-11,VERIFIED
CUS005005,RETAIL,IN,2023-05-22,VERIFIED
CUS005006,RETAIL,IN,2022-07-24,VERIFIED
CUS005007,RETAIL,AE,2021-08-17,VERIFIED
CUS005008,SME,IN,2023-06-03,VERIFIED
CUS005009,RETAIL,IN,2024-06-22,VERIFIED
CUS005010,SME,IN,2021-07-08,VERIFIED
CUS005011,RETAIL,IN,2024-09-07,VERIFIED
CUS005012,SME,IN,2022-04-21,VERIFIED
CUS005013,SME,IN,2023-08-08,VERIFIED
CUS005014,RETAIL,SG,2025-01-01,VERIFIED
CUS005015,SME,IN,2022-12-27,VERIFIED
CUS005016,RETAIL,SG,2023-07-30,VERIFIED
CUS005017,RETAIL,SG,2023-05-02,VERIFIED
CUS005018,RETAIL,IN,2024-04-24,REJECTED
CUS005019,RETAIL,AE,2022-06-04,VERIFIED
CUS005020,RETAIL,SG,2023-12-02,VERIFIED
CUS005021,RETAIL,SG,2024-06-02,VERIFIED
CUS005022,SME,SG,2023-06-23,VERIFIED
CUS005023,SME,IN,2024-04-14,REJECTED
CUS005024,RETAIL,IN,2022-12-06,VERIFIED
CUS005025,RETAIL,IN,2022-12-18,VERIFIED
CUS005026,RETAIL,IN,2021-12-11,VERIFIED
CUS005027,RETAIL,IN,2021-04-01,VERIFIED
CUS005028,SME,IN,2024-09-03,VERIFIED
CUS005029,SME,IN,2024-11-10,VERIFIED
CUS005030,RETAIL,AE,2023-04-25,VERIFIED
CUS005031,RETAIL,SG,2024-09-29,VERIFIED
CUS005032,RETAIL,IN,2021-09-28,VERIFIED
CUS005033,RETAIL,IN,2021-11-27,VERIFIED
CUS005034,RETAIL,IN,2023-05-07,VERIFIED
CUS005035,RETAIL,AE,2021-04-27,VERIFIED
CUS005036,RETAIL,SG,2023-01-05,VERIFIED
CUS005037,RETAIL,IN,2022-11-30,VERIFIED
CUS005038,SME,IN,2022-01-07,VERIFIED
CUS005039,RETAIL,IN,2022-11-22,VERIFIED
CUS005040,RETAIL,SG,2022-04-09,VERIFIED
CUS005041,RETAIL,AE,2024-02-01,VERIFIED
CUS005042,SME,IN,2023-01-19,VERIFIED
CUS005043,RETAIL,IN,2021-11-24,REJECTED
CUS005044,SME,IN,2021-04-19,VERIFIED
CUS005045,RETAIL,IN,2024-04-07,VERIFIED
CUS005046,SME,AE,2024-11-12,VERIFIED
CUS005047,RETAIL,SG,2022-09-24,PENDING
CUS005048,SME,IN,2024-10-17,VERIFIED
CUS005049,RETAIL,IN,2022-05-22,VERIFIED
CUS005050,SME,IN,2023-05-14,VERIFIED
CUS005051,RETAIL,IN,2021-12-08,VERIFIED
CUS005052,RETAIL,IN,2024-05-26,VERIFIED
CUS005053,RETAIL,SG,2024-10-29,VERIFIED
CUS005054,RETAIL,SG,2024-03-04,VERIFIED
CUS005055,RETAIL,IN,2024-10-05,VERIFIED
CUS005056,RETAIL,SG,2024-06-05,VERIFIED
CUS005057,RETAIL,SG,2022-02-06,REJECTED
CUS005058,SME,IN,2022-05-08,VERIFIED
CUS005059,RETAIL,SG,2022-08-15,VERIFIED
CUS005060,RETAIL,IN,2023-05-23,VERIFIED
CUS005061,SME,AE,2024-02-24,PENDING
CUS005062,RETAIL,IN,2021-10-22,VERIFIED
CUS005063,RETAIL,IN,2021-08-24,VERIFIED
CUS005064,RETAIL,IN,2024-01-17,VERIFIED
CUS005065,RETAIL,IN,2021-07-26,REJECTED
CUS005066,RETAIL,IN,2022-08-13,VERIFIED
CUS005067,RETAIL,SG,2023-09-05,VERIFIED
CUS005068,SME,IN,2024-03-09,VERIFIED
CUS005069,RETAIL,IN,2022-09-28,VERIFIED
CUS005070,RETAIL,AE,2024-12-12,VERIFIED
CUS005071,RETAIL,IN,2023-10-17,VERIFIED
CUS005072,RETAIL,IN,2022-05-13,VERIFIED
CUS005073,SME,IN,2023-02-06,VERIFIED
CUS005074,RETAIL,IN,2024-06-12,VERIFIED
CUS005075,SME,IN,2024-05-24,VERIFIED
CUS005076,RETAIL,SG,2022-05-06,VERIFIED
CUS005077,RETAIL,IN,2021-10-17,VERIFIED
CUS005078,RETAIL,IN,2022-05-11,VERIFIED
CUS005079,RETAIL,IN,2024-05-27,VERIFIED
CUS005080,RETAIL,AE,2022-06-11,REJECTED
CUS005081,RETAIL,IN,2023-12-11,VERIFIED
CUS005082,RETAIL,SG,2022-09-26,VERIFIED
CUS005083,RETAIL,IN,2022-09-28,VERIFIED
CUS005084,RETAIL,IN,2021-08-12,VERIFIED
CUS005085,RETAIL,IN,2021-11-03,VERIFIED
CUS005086,RETAIL,IN,2024-09-18,VERIFIED
CUS005087,RETAIL,IN,2025-01-01,VERIFIED
CUS005088,SME,SG,2021-06-07,VERIFIED
CUS005089,RETAIL,IN,2023-10-31,VERIFIED
CUS005090,RETAIL,IN,2024-10-01,VERIFIED
CUS005091,RETAIL,IN,2024-04-09,VERIFIED
CUS005092,RETAIL,IN,2023-02-08,VERIFIED
CUS005093,RETAIL,IN,2021-08-06,VERIFIED
CUS005094,SME,IN,2021-06-19,VERIFIED
CUS005095,SME,IN,2022-06-27,VERIFIED
CUS005096,RETAIL,IN,2023-12-22,VERIFIED
CUS005097,RETAIL,IN,2022-04-10,VERIFIED
CUS005098,RETAIL,IN,2021-10-16,VERIFIED
CUS005099,RETAIL,IN,2023-06-07,VERIFIED
CUS005100,RETAIL,IN,2022-09-24,VERIFIED
CUS005101,RETAIL,AE,2023-02-17,VERIFIED
CUS005102,RETAIL,IN,2021-09-14,PENDING
CUS005103,RETAIL,SG,2022-08-28,VERIFIED
CUS005104,RETAIL,IN,2024-10-26,VERIFIED
CUS005105,RETAIL,IN,2021-08-30,VERIFIED
CUS005106,RETAIL,IN,2022-11-15,VERIFIED
CUS005107,RETAIL,IN,2023-05-09,VERIFIED
CUS005108,RETAIL,SG,2024-04-12,VERIFIED
CUS005109,RETAIL,AE,2022-04-30,VERIFIED
CUS005110,SME,IN,2024-12-07,VERIFIED
CUS005111,RETAIL,SG,2024-05-04,REJECTED
CUS005112,RETAIL,IN,2022-05-13,VERIFIED
CUS005113,RETAIL,IN,2023-12-17,VERIFIED
CUS005114,RETAIL,SG,2022-02-17,VERIFIED
CUS005115,RETAIL,IN,2023-12-31,VERIFIED
CUS005116,RETAIL,IN,2022-03-08,VERIFIED
CUS005117,SME,AE,2022-05-27,VERIFIED
CUS005118,RETAIL,AE,2022-03-21,VERIFIED
CUS005119,RETAIL,IN,2022-03-12,VERIFIED
CUS005120,SME,IN,2021-12-09,VERIFIED
CUS005121,RETAIL,AE,2023-08-06,VERIFIED
CUS005122,RETAIL,IN,2023-03-16,VERIFIED
CUS005123,SME,IN,2024-09-25,VERIFIED
CUS005124,RETAIL,IN,2023-09-03,VERIFIED
CUS005125,RETAIL,AE,2023-03-30,VERIFIED
CUS005126,RETAIL,AE,2022-01-18,VERIFIED
CUS005127,RETAIL,SG,2021-07-17,VERIFIED
CUS005128,SME,IN,2022-06-13,VERIFIED
CUS005129,RETAIL,IN,2024-07-06,VERIFIED
CUS005130,RETAIL,IN,2024-03-27,VERIFIED
CUS005131,RETAIL,AE,2022-12-17,VERIFIED
CUS005132,RETAIL,IN,2023-05-03,VERIFIED
CUS005133,RETAIL,IN,2021-06-08,VERIFIED
CUS005134,RETAIL,SG,2024-04-21,VERIFIED
CUS005135,RETAIL,IN,2022-10-25,PENDING
CUS005136,RETAIL,AE,2022-01-07,VERIFIED
CUS005137,SME,IN,2023-04-30,VERIFIED
CUS005138,RETAIL,SG,2024-01-22,VERIFIED
CUS005139,SME,IN,2024-07-03,VERIFIED
CUS005140,RETAIL,IN,2022-08-14,VERIFIED
CUS005141,RETAIL,IN,2022-08-02,VERIFIED
CUS005142,SME,IN,2022-03-09,REJECTED
CUS005143,SME,IN,2021-10-17,VERIFIED
CUS005144,RETAIL,IN,2021-03-15,VERIFIED
CUS005145,RETAIL,IN,2024-04-14,VERIFIED
CUS005146,SME,SG,2023-05-06,VERIFIED
CUS005147,RETAIL,IN,2023-10-06,VERIFIED
CUS005148,RETAIL,SG,2021-08-29,VERIFIED
CUS005149,RETAIL,SG,2024-07-20,VERIFIED
CUS005150,SME,IN,2022-06-16,VERIFIED
CUS005151,RETAIL,SG,2023-10-18,VERIFIED
CUS005152,RETAIL,IN,2024-12-21,VERIFIED
CUS005153,SME,IN,2022-09-18,VERIFIED
CUS005154,RETAIL,IN,2023-07-04,VERIFIED
CUS005155,SME,AE,2022-05-11,VERIFIED
CUS005156,RETAIL,IN,2023-06-30,VERIFIED
CUS005157,RETAIL,IN,2024-04-10,VERIFIED
CUS005158,RETAIL,AE,2024-07-18,VERIFIED
CUS005159,RETAIL,IN,2024-04-23,VERIFIED
CUS005160,RETAIL,AE,2023-05-01,VERIFIED
CUS005161,SME,SG,2023-12-22,VERIFIED
CUS005162,RETAIL,AE,2024-07-22,VERIFIED
CUS005163,RETAIL,AE,2023-10-16,VERIFIED
CUS005164,RETAIL,AE,2021-10-20,VERIFIED
CUS005165,RETAIL,IN,2021-10-14,VERIFIED
CUS005166,RETAIL,SG,2023-08-14,VERIFIED
CUS005167,RETAIL,SG,2023-01-02,REJECTED
CUS005168,RETAIL,SG,2024-04-20,VERIFIED
CUS005169,RETAIL,IN,2023-06-05,VERIFIED
CUS005170,RETAIL,AE,2022-09-12,VERIFIED
CUS005171,RETAIL,IN,2024-12-06,VERIFIED
CUS005172,RETAIL,IN,2021-09-19,VERIFIED
CUS005173,RETAIL,IN,2021-07-15,REJECTED
CUS005174,SME,IN,2021-06-03,VERIFIED
CUS005175,RETAIL,SG,2024-03-12,VERIFIED
CUS005176,RETAIL,IN,2021-07-29,VERIFIED
CUS005177,SME,SG,2024-07-26,VERIFIED
CUS005178,RETAIL,AE,2021-08-16,VERIFIED
CUS005179,SME,IN,2024-06-26,VERIFIED
CUS005180,RETAIL,SG,2023-09-02,VERIFIED
CUS005181,SME,IN,2021-05-14,VERIFIED
CUS005182,SME,AE,2023-01-25,VERIFIED
CUS005183,SME,AE,2024-03-04,VERIFIED
CUS005184,RETAIL,IN,2023-08-01,VERIFIED
CUS005185,SME,SG,2023-09-27,VERIFIED
CUS005186,RETAIL,IN,2021-06-20,VERIFIED
CUS005187,RETAIL,IN,2023-06-04,VERIFIED
CUS005188,RETAIL,SG,2024-08-25,VERIFIED
CUS005189,RETAIL,IN,2024-05-15,VERIFIED
CUS005190,SME,IN,2022-11-17,VERIFIED
CUS005191,SME,IN,2024-12-13,VERIFIED
CUS005192,RETAIL,IN,2024-01-22,VERIFIED
CUS005193,RETAIL,AE,2022-09-09,VERIFIED
CUS005194,RETAIL,IN,2021-09-29,VERIFIED
CUS005195,RETAIL,IN,2024-08-19,VERIFIED
CUS005196,SME,IN,2023-09-15,VERIFIED
CUS005197,RETAIL,AE,2023-07-05,VERIFIED
CUS005198,SME,IN,2021-09-10,VERIFIED
CUS005199,RETAIL,IN,2021-12-28,VERIFIED
CUS005200,RETAIL,IN,2021-06-12,VERIFIED
CUS005201,RETAIL,IN,2022-08-16,VERIFIED
CUS005202,RETAIL,AE,2024-05-06,VERIFIED
CUS005203,SME,IN,2021-05-28,VERIFIED
CUS005204,SME,IN,2022-02-11,VERIFIED
CUS005205,SME,SG,2022-06-21,PENDING
CUS005206,SME,IN,2023-08-31,VERIFIED
CUS005207,RETAIL,IN,2021-12-15,VERIFIED
CUS005208,RETAIL,IN,2023-06-17,VERIFIED
CUS005209,SME,IN,2023-10-06,VERIFIED
CUS005210,RETAIL,SG,2023-12-14,VERIFIED
CUS005211,SME,AE,2022-06-23,PENDING
CUS005212,RETAIL,AE,2022-08-22,VERIFIED
CUS005213,SME,AE,2024-02-18,VERIFIED
CUS005214,RETAIL,IN,2023-09-09,VERIFIED
CUS005215,SME,IN,2024-02-18,VERIFIED
CUS005216,RETAIL,SG,2022-03-02,VERIFIED
CUS005217,RETAIL,AE,2023-09-09,VERIFIED
CUS005218,SME,SG,2022-01-08,VERIFIED
CUS005219,RETAIL,IN,2024-02-12,VERIFIED
CUS005220,RETAIL,SG,2023-06-28,VERIFIED
CUS005221,RETAIL,SG,2024-11-26,VERIFIED
CUS005222,RETAIL,AE,2024-12-26,VERIFIED
CUS005223,RETAIL,SG,2024-11-22,VERIFIED
CUS005224,RETAIL,IN,2024-10-01,VERIFIED
CUS005225,RETAIL,IN,2021-06-12,VERIFIED
CUS005226,RETAIL,IN,2023-12-15,PENDING
CUS005227,SME,IN,2022-12-19,VERIFIED
CUS005228,RETAIL,AE,2021-05-07,VERIFIED
CUS005229,RETAIL,IN,2023-02-19,VERIFIED
CUS005230,RETAIL,IN,2023-06-30,VERIFIED
CUS005231,RETAIL,IN,2022-03-18,VERIFIED
CUS005232,SME,SG,2022-02-25,PENDING
CUS005233,RETAIL,IN,2024-08-13,VERIFIED
CUS005234,RETAIL,IN,2021-06-01,VERIFIED
CUS005235,RETAIL,AE,2024-07-13,VERIFIED
CUS005236,SME,IN,2023-09-11,VERIFIED
CUS005237,RETAIL,IN,2021-05-08,VERIFIED
CUS005238,RETAIL,IN,2022-11-08,VERIFIED
CUS005239,RETAIL,IN,2022-10-29,VERIFIED
CUS005240,SME,SG,2021-09-26,REJECTED
CUS005241,RETAIL,AE,2023-04-14,VERIFIED
CUS005242,RETAIL,IN,2022-08-25,VERIFIED
CUS005243,SME,AE,2022-11-30,VERIFIED
CUS005244,RETAIL,SG,2024-07-28,VERIFIED
CUS005245,RETAIL,IN,2023-11-02,VERIFIED
CUS005246,RETAIL,IN,2022-01-20,PENDING
CUS005247,SME,IN,2023-09-29,VERIFIED
CUS005248,RETAIL,AE,2021-07-16,VERIFIED
CUS005249,RETAIL,IN,2021-04-29,VERIFIED
CUS005250,SME,IN,2022-01-21,VERIFIED
CUS005251,RETAIL,SG,2024-12-31,VERIFIED
CUS005252,RETAIL,AE,2022-02-13,VERIFIED
CUS005253,RETAIL,SG,2021-03-30,VERIFIED
CUS005254,RETAIL,SG,2022-02-09,VERIFIED
CUS005255,RETAIL,IN,2022-07-24,VERIFIED
CUS005256,RETAIL,AE,2022-08-28,VERIFIED
CUS005257,SME,IN,2023-02-08,VERIFIED
CUS005258,RETAIL,IN,2024-01-21,VERIFIED
CUS005259,SME,AE,2023-03-05,VERIFIED
CUS005260,RETAIL,IN,2021-07-06,VERIFIED
CUS005261,RETAIL,IN,2024-09-04,VERIFIED
CUS005262,RETAIL,SG,2024-07-05,PENDING
CUS005263,RETAIL,IN,2021-08-26,VERIFIED
CUS005264,RETAIL,IN,2021-10-31,VERIFIED
CUS005265,RETAIL,IN,2023-01-18,VERIFIED
CUS005266,RETAIL,SG,2023-08-17,VERIFIED
CUS005267,RETAIL,SG,2024-07-30,VERIFIED
CUS005268,RETAIL,IN,2022-06-03,VERIFIED
CUS005269,SME,IN,2022-12-09,VERIFIED
CUS005270,RETAIL,SG,2021-12-01,PENDING
CUS005271,RETAIL,IN,2023-08-13,VERIFIED
CUS005272,RETAIL,IN,2021-12-10,VERIFIED
CUS005273,RETAIL,IN,2021-05-06,VERIFIED
CUS005274,RETAIL,IN,2024-05-21,VERIFIED
CUS005275,RETAIL,IN,2022-01-27,VERIFIED
CUS005276,RETAIL,SG,2022-08-30,VERIFIED
CUS005277,RETAIL,AE,2023-06-11,VERIFIED
CUS005278,SME,IN,2024-03-07,VERIFIED
CUS005279,RETAIL,SG,2024-05-30,VERIFIED
CUS005280,RETAIL,IN,2024-07-29,VERIFIED
CUS005281,SME,IN,2023-12-26,VERIFIED
CUS005282,RETAIL,SG,2023-01-14,VERIFIED
CUS005283,RETAIL,IN,2022-12-10,VERIFIED
CUS005284,RETAIL,AE,2021-03-21,VERIFIED
CUS005285,SME,IN,2022-03-01,VERIFIED
CUS005286,RETAIL,IN,2021-03-29,VERIFIED
CUS005287,RETAIL,IN,2022-02-11,VERIFIED
CUS005288,SME,IN,2022-10-22,VERIFIED
CUS005289,RETAIL,AE,2021-11-15,VERIFIED
CUS005290,SME,SG,2022-01-16,VERIFIED
CUS005291,SME,IN,2021-11-28,VERIFIED
CUS005292,RETAIL,IN,2024-01-18,VERIFIED
CUS005293,RETAIL,SG,2022-03-25,VERIFIED
CUS005294,RETAIL,SG,2024-02-22,VERIFIED
CUS005295,RETAIL,IN,2023-10-15,PENDING
CUS005296,RETAIL,IN,2022-04-18,VERIFIED
CUS005297,RETAIL,IN,2023-01-25,VERIFIED
CUS005298,SME,IN,2021-12-28,VERIFIED
CUS005299,SME,IN,2022-03-30,VERIFIED
CUS005300,RETAIL,IN,2022-02-28,VERIFIED
CUS005301,RETAIL,IN,2024-06-09,VERIFIED
CUS005302,SME,IN,2024-08-08,VERIFIED
CUS005303,RETAIL,IN,2024-01-20,VERIFIED
CUS005304,RETAIL,AE,2023-08-22,VERIFIED
CUS005305,RETAIL,IN,2021-11-11,VERIFIED
CUS005306,SME,IN,2024-11-01,VERIFIED
CUS005307,RETAIL,IN,2022-12-07,VERIFIED
CUS005308,RETAIL,IN,2021-12-28,VERIFIED
CUS005309,RETAIL,AE,2023-08-12,REJECTED
CUS005310,RETAIL,IN,2023-10-23,VERIFIED
CUS005311,RETAIL,IN,2024-03-21,VERIFIED
CUS005312,RETAIL,AE,2023-05-11,PENDING
CUS005313,RETAIL,AE,2022-08-23,VERIFIED
CUS005314,SME,SG,2022-10-14,VERIFIED
CUS005315,RETAIL,IN,2021-09-29,VERIFIED
CUS005316,SME,IN,2025-01-01,VERIFIED
CUS005317,RETAIL,SG,2023-11-19,VERIFIED
CUS005318,RETAIL,IN,2023-08-25,VERIFIED
CUS005319,SME,SG,2023-07-04,VERIFIED
CUS005320,RETAIL,SG,2022-03-20,VERIFIED
CUS005321,RETAIL,IN,2024-08-13,VERIFIED
CUS005322,RETAIL,IN,2023-11-28,VERIFIED
CUS005323,RETAIL,IN,2024-10-17,VERIFIED
CUS005324,RETAIL,IN,2022-10-26,VERIFIED
CUS005325,SME,SG,2021-04-23,VERIFIED
CUS005326,SME,SG,2021-04-04,VERIFIED
CUS005327,RETAIL,IN,2024-10-26,VERIFIED
CUS005328,SME,SG,2024-07-20,VERIFIED
CUS005329,RETAIL,IN,2022-10-25,VERIFIED
CUS005330,RETAIL,SG,2023-12-23,VERIFIED
CUS005331,RETAIL,IN,2024-02-13,VERIFIED
CUS005332,SME,SG,2022-05-20,VERIFIED
CUS005333,RETAIL,SG,2023-10-29,VERIFIED
CUS005334,SME,IN,2022-09-17,VERIFIED
CUS005335,RETAIL,IN,2024-11-08,VERIFIED
CUS005336,RETAIL,AE,2021-04-03,VERIFIED
CUS005337,RETAIL,IN,2024-09-05,VERIFIED
CUS005338,SME,SG,2024-11-14,VERIFIED
CUS005339,SME,AE,2023-05-28,VERIFIED
CUS005340,RETAIL,AE,2021-08-21,VERIFIED
CUS005341,RETAIL,IN,2022-07-23,PENDING
CUS005342,RETAIL,IN,2023-02-18,VERIFIED
CUS005343,SME,AE,2023-12-11,VERIFIED
CUS005344,RETAIL,IN,2024-02-19,VERIFIED
CUS005345,RETAIL,IN,2022-07-02,VERIFIED
CUS005346,RETAIL,IN,2023-01-28,VERIFIED
CUS005347,RETAIL,SG,2022-08-27,VERIFIED
CUS005348,RETAIL,IN,2023-06-04,PENDING
CUS005349,SME,IN,2023-11-08,VERIFIED
CUS005350,RETAIL,IN,2024-04-25,VERIFIED
CUS005351,RETAIL,SG,2023-11-19,VERIFIED
CUS005352,RETAIL,IN,2024-02-29,VERIFIED
CUS005353,RETAIL,AE,2023-02-19,PENDING
CUS005354,RETAIL,SG,2023-11-25,VERIFIED
CUS005355,RETAIL,AE,2021-12-15,VERIFIED
CUS005356,RETAIL,AE,2022-11-20,VERIFIED
CUS005357,RETAIL,IN,2023-10-31,VERIFIED
CUS005358,RETAIL,SG,2024-09-07,VERIFIED
CUS005359,RETAIL,IN,2024-07-15,VERIFIED
CUS005360,SME,AE,2024-08-30,VERIFIED
CUS005361,RETAIL,IN,2023-10-09,VERIFIED
CUS005362,RETAIL,SG,2023-09-25,VERIFIED
CUS005363,SME,AE,2024-10-25,VERIFIED
CUS005364,SME,IN,2022-04-17,VERIFIED
CUS005365,RETAIL,AE,2022-12-23,VERIFIED
CUS005366,RETAIL,IN,2021-04-03,PENDING
CUS005367,RETAIL,IN,2021-08-08,VERIFIED
CUS005368,RETAIL,IN,2024-12-16,VERIFIED
CUS005369,RETAIL,IN,2022-04-28,VERIFIED
CUS005370,RETAIL,IN,2021-04-11,VERIFIED
CUS005371,RETAIL,AE,2021-12-07,VERIFIED
CUS005372,RETAIL,IN,2022-05-17,VERIFIED
CUS005373,RETAIL,IN,2024-06-21,VERIFIED
CUS005374,SME,AE,2021-07-20,VERIFIED
CUS005375,RETAIL,SG,2021-11-08,PENDING
CUS005376,RETAIL,IN,2022-12-13,VERIFIED
CUS005377,RETAIL,AE,2021-06-21,VERIFIED
CUS005378,RETAIL,IN,2023-03-25,VERIFIED
CUS005379,RETAIL,IN,2022-12-17,VERIFIED
CUS005380,SME,IN,2021-12-29,VERIFIED
CUS005381,SME,SG,2022-03-30,VERIFIED
CUS005382,RETAIL,IN,2022-11-22,VERIFIED
CUS005383,SME,IN,2022-01-01,VERIFIED
CUS005384,RETAIL,SG,2021-07-25,VERIFIED
CUS005385,RETAIL,IN,2022-07-08,VERIFIED
CUS005386,RETAIL,IN,2021-07-31,VERIFIED
CUS005387,RETAIL,SG,2023-06-06,VERIFIED
CUS005388,RETAIL,SG,2022-12-21,VERIFIED
CUS005389,RETAIL,IN,2022-07-08,VERIFIED
CUS005390,SME,IN,2022-10-21,VERIFIED
CUS005391,SME,AE,2024-04-26,VERIFIED
CUS005392,SME,IN,2023-04-04,VERIFIED
CUS005393,RETAIL,IN,2024-06-27,VERIFIED
CUS005394,SME,IN,2022-05-12,VERIFIED
CUS005395,SME,IN,2021-12-10,VERIFIED
CUS005396,RETAIL,AE,2022-05-22,VERIFIED
CUS005397,RETAIL,IN,2021-09-09,VERIFIED
CUS005398,SME,IN,2022-07-06,VERIFIED
CUS005399,RETAIL,IN,2023-07-21,VERIFIED
CUS005400,RETAIL,IN,2024-10-06,VERIFIED
CUS005401,SME,IN,2024-11-16,VERIFIED
CUS005402,RETAIL,AE,2021-04-23,VERIFIED
CUS005403,RETAIL,SG,2022-01-07,PENDING
CUS005404,RETAIL,IN,2023-09-20,VERIFIED
CUS005405,RETAIL,IN,2021-05-05,VERIFIED
CUS005406,RETAIL,IN,2024-01-23,VERIFIED
CUS005407,RETAIL,IN,2022-01-16,VERIFIED
CUS005408,RETAIL,IN,2024-03-12,VERIFIED
CUS005409,RETAIL,IN,2022-04-14,VERIFIED
CUS005410,RETAIL,SG,2024-09-27,VERIFIED
CUS005411,RETAIL,AE,2022-05-21,VERIFIED
CUS005412,RETAIL,IN,2023-04-03,VERIFIED
CUS005413,RETAIL,AE,2022-10-09,PENDING
CUS005414,RETAIL,IN,2024-11-04,VERIFIED
CUS005415,RETAIL,IN,2023-08-03,PENDING
CUS005416,RETAIL,AE,2024-05-21,VERIFIED
CUS005417,SME,IN,2022-08-22,VERIFIED
CUS005418,RETAIL,IN,2024-12-25,VERIFIED
CUS005419,RETAIL,SG,2021-07-15,REJECTED
CUS005420,RETAIL,IN,2024-05-02,VERIFIED
CUS005421,RETAIL,AE,2023-01-02,VERIFIED
CUS005422,RETAIL,IN,2021-03-10,VERIFIED
CUS005423,SME,AE,2023-06-08,VERIFIED
CUS005424,RETAIL,IN,2022-12-05,VERIFIED
CUS005425,RETAIL,IN,2021-04-29,VERIFIED
CUS005426,RETAIL,IN,2024-09-29,VERIFIED
CUS005427,RETAIL,AE,2022-11-06,VERIFIED
CUS005428,RETAIL,IN,2022-11-04,VERIFIED
CUS005429,RETAIL,AE,2022-03-25,VERIFIED
CUS005430,RETAIL,IN,2022-09-13,VERIFIED
CUS005431,RETAIL,IN,2023-03-01,VERIFIED
CUS005432,SME,IN,2022-11-27,VERIFIED
CUS005433,RETAIL,IN,2023-11-30,VERIFIED
CUS005434,RETAIL,AE,2023-09-19,VERIFIED
CUS005435,RETAIL,IN,2021-05-13,VERIFIED
CUS005436,RETAIL,SG,2022-06-26,VERIFIED
CUS005437,RETAIL,IN,2022-05-22,VERIFIED
CUS005438,RETAIL,IN,2024-06-16,VERIFIED
CUS005439,RETAIL,IN,2023-07-10,VERIFIED
CUS005440,SME,AE,2024-02-29,VERIFIED
CUS005441,RETAIL,SG,2021-05-15,VERIFIED
CUS005442,RETAIL,IN,2021-03-11,VERIFIED
CUS005443,RETAIL,SG,2023-09-20,VERIFIED
CUS005444,RETAIL,IN,2023-05-31,VERIFIED
CUS005445,RETAIL,IN,2022-05-18,VERIFIED
CUS005446,RETAIL,SG,2024-06-09,VERIFIED
CUS005447,RETAIL,IN,2022-11-08,VERIFIED
CUS005448,RETAIL,SG,2024-03-04,VERIFIED
CUS005449,RETAIL,AE,2022-12-25,VERIFIED
CUS005450,RETAIL,AE,2022-03-25,VERIFIED
CUS005451,RETAIL,SG,2022-03-03,VERIFIED
CUS005452,SME,IN,2024-07-23,VERIFIED
CUS005453,SME,SG,2023-11-23,VERIFIED
CUS005454,RETAIL,IN,2023-08-25,PENDING
CUS005455,RETAIL,IN,2022-03-23,VERIFIED
CUS005456,RETAIL,IN,2023-09-30,PENDING
CUS005457,RETAIL,IN,2023-03-25,VERIFIED
CUS005458,RETAIL,AE,2024-02-17,VERIFIED
CUS005459,SME,AE,2023-09-07,VERIFIED
CUS005460,RETAIL,IN,2023-03-06,VERIFIED
CUS005461,RETAIL,IN,2024-03-13,VERIFIED
CUS005462,RETAIL,SG,2024-07-31,VERIFIED
CUS005463,RETAIL,IN,2024-06-16,VERIFIED
CUS005464,RETAIL,SG,2023-04-03,VERIFIED
CUS005465,RETAIL,AE,2024-05-17,VERIFIED
CUS005466,RETAIL,IN,2024-11-17,VERIFIED
CUS005467,RETAIL,IN,2021-10-22,VERIFIED
CUS005468,RETAIL,IN,2021-04-14,VERIFIED
CUS005469,RETAIL,IN,2023-01-17,VERIFIED
CUS005470,SME,IN,2022-09-08,VERIFIED
CUS005471,RETAIL,IN,2024-05-13,VERIFIED
CUS005472,RETAIL,IN,2024-09-18,VERIFIED
CUS005473,SME,IN,2024-09-12,VERIFIED
CUS005474,RETAIL,IN,2024-04-09,VERIFIED
CUS005475,RETAIL,SG,2024-07-29,VERIFIED
CUS005476,SME,IN,2022-03-07,VERIFIED
CUS005477,RETAIL,AE,2022-01-19,VERIFIED
CUS005478,SME,IN,2022-03-14,VERIFIED
CUS005479,RETAIL,IN,2023-11-26,VERIFIED
CUS005480,RETAIL,IN,2023-08-10,VERIFIED
CUS005481,RETAIL,SG,2023-08-18,VERIFIED
CUS005482,RETAIL,IN,2024-06-08,VERIFIED
CUS005483,RETAIL,IN,2023-03-12,VERIFIED
CUS005484,RETAIL,IN,2022-12-13,VERIFIED
CUS005485,RETAIL,AE,2024-03-21,VERIFIED
CUS005486,RETAIL,IN,2023-12-12,VERIFIED
CUS005487,RETAIL,IN,2023-03-15,VERIFIED
CUS005488,RETAIL,AE,2024-08-19,VERIFIED
CUS005489,RETAIL,IN,2022-09-30,VERIFIED
CUS005490,RETAIL,IN,2023-09-05,VERIFIED
CUS005491,RETAIL,SG,2022-04-14,VERIFIED
CUS005492,RETAIL,IN,2022-02-15,VERIFIED
CUS005493,RETAIL,IN,2023-08-01,VERIFIED
CUS005494,SME,IN,2023-08-25,VERIFIED
CUS005495,SME,IN,2022-12-24,VERIFIED
CUS005496,RETAIL,AE,2024-11-05,VERIFIED
CUS005497,RETAIL,SG,2024-04-07,VERIFIED
CUS005498,SME,IN,2024-07-17,VERIFIED
CUS005499,RETAIL,IN,2023-12-01,VERIFIED
CUS005500,RETAIL,SG,2022-09-20,VERIFIED
CUS005501,RETAIL,SG,2024-01-25,VERIFIED
CUS005502,RETAIL,IN,2023-01-01,VERIFIED
CUS005503,SME,AE,2022-05-09,VERIFIED
CUS005504,RETAIL,IN,2022-06-02,VERIFIED
CUS005505,RETAIL,SG,2022-12-20,PENDING
CUS005506,RETAIL,IN,2022-10-24,VERIFIED
CUS005507,RETAIL,IN,2023-04-24,VERIFIED
CUS005508,RETAIL,SG,2023-02-05,VERIFIED
CUS005509,SME,SG,2021-12-15,VERIFIED
CUS005510,RETAIL,IN,2023-03-08,VERIFIED
CUS005511,RETAIL,IN,2023-08-28,VERIFIED
CUS005512,RETAIL,SG,2021-04-26,VERIFIED
CUS005513,RETAIL,IN,2021-06-28,VERIFIED
CUS005514,RETAIL,IN,2021-09-12,VERIFIED
CUS005515,RETAIL,SG,2021-11-09,VERIFIED
CUS005516,RETAIL,IN,2023-07-15,VERIFIED
CUS005517,SME,IN,2021-04-29,VERIFIED
CUS005518,RETAIL,IN,2022-07-02,VERIFIED
CUS005519,RETAIL,AE,2021-08-03,VERIFIED
CUS005520,SME,IN,2024-12-04,VERIFIED
CUS005521,SME,SG,2024-08-05,PENDING
CUS005522,RETAIL,AE,2024-12-03,VERIFIED
CUS005523,RETAIL,SG,2021-03-07,VERIFIED
CUS005524,SME,IN,2023-10-13,VERIFIED
CUS005525,RETAIL,IN,2024-11-08,VERIFIED
CUS005526,RETAIL,IN,2022-02-10,VERIFIED
CUS005527,RETAIL,IN,2021-12-20,PENDING
CUS005528,RETAIL,AE,2021-06-16,PENDING
CUS005529,RETAIL,SG,2022-10-14,PENDING
CUS005530,SME,IN,2022-05-21,VERIFIED
CUS005531,RETAIL,IN,2022-08-20,VERIFIED
CUS005532,SME,AE,2022-04-19,VERIFIED
CUS005533,RETAIL,IN,2023-01-08,VERIFIED
CUS005534,RETAIL,AE,2024-11-18,VERIFIED
CUS005535,RETAIL,IN,2024-05-12,VERIFIED
CUS005536,RETAIL,SG,2021-06-09,VERIFIED
CUS005537,RETAIL,SG,2024-10-26,VERIFIED
CUS005538,RETAIL,IN,2024-09-02,VERIFIED
CUS005539,RETAIL,IN,2021-12-08,VERIFIED
CUS005540,RETAIL,AE,2021-05-17,VERIFIED
CUS005541,RETAIL,IN,2023-04-17,VERIFIED
CUS005542,RETAIL,IN,2024-06-17,VERIFIED
CUS005543,RETAIL,IN,2022-10-01,VERIFIED
CUS005544,RETAIL,IN,2024-11-16,VERIFIED
CUS005545,RETAIL,SG,2023-08-16,VERIFIED
CUS005546,SME,IN,2022-11-04,VERIFIED
CUS005547,SME,IN,2021-08-18,VERIFIED
CUS005548,RETAIL,AE,2024-07-26,VERIFIED
CUS005549,RETAIL,IN,2022-09-05,VERIFIED
CUS005550,RETAIL,IN,2024-11-22,VERIFIED
CUS005551,RETAIL,SG,2023-03-22,VERIFIED
CUS005552,SME,AE,2022-06-12,VERIFIED
CUS005553,RETAIL,IN,2024-11-12,VERIFIED
CUS005554,SME,SG,2022-03-05,VERIFIED
CUS005555,RETAIL,IN,2021-03-24,VERIFIED
CUS005556,SME,IN,2023-11-18,VERIFIED
CUS005557,RETAIL,AE,2022-02-07,VERIFIED
CUS005558,RETAIL,AE,2022-12-17,VERIFIED
CUS005559,SME,IN,2021-06-26,VERIFIED
CUS005560,RETAIL,IN,2022-10-04,VERIFIED
CUS005561,RETAIL,IN,2021-12-04,REJECTED
CUS005562,RETAIL,IN,2024-05-21,VERIFIED
CUS005563,SME,AE,2024-01-10,VERIFIED
CUS005564,SME,SG,2023-04-26,VERIFIED
CUS005565,RETAIL,IN,2021-07-16,VERIFIED
CUS005566,RETAIL,IN,2022-07-25,VERIFIED
CUS005567,RETAIL,IN,2024-03-11,VERIFIED
CUS005568,RETAIL,IN,2021-08-11,VERIFIED
CUS005569,RETAIL,SG,2022-08-19,VERIFIED
CUS005570,RETAIL,IN,2023-05-26,VERIFIED
CUS005571,RETAIL,IN,2023-07-14,VERIFIED
CUS005572,RETAIL,SG,2022-04-28,VERIFIED
CUS005573,RETAIL,AE,2021-08-17,VERIFIED
CUS005574,RETAIL,IN,2023-01-30,VERIFIED
CUS005575,RETAIL,IN,2021-10-08,VERIFIED
CUS005576,RETAIL,IN,2022-04-18,VERIFIED
CUS005577,RETAIL,IN,2024-09-20,VERIFIED
CUS005578,SME,IN,2021-12-24,VERIFIED
CUS005579,RETAIL,IN,2022-11-09,VERIFIED
CUS005580,SME,IN,2022-12-21,VERIFIED
CUS005581,SME,IN,2022-08-28,VERIFIED
CUS005582,SME,AE,2024-10-08,VERIFIED
CUS005583,RETAIL,IN,2021-07-11,VERIFIED
CUS005584,RETAIL,SG,2021-08-25,VERIFIED
CUS005585,RETAIL,SG,2021-03-06,VERIFIED
CUS005586,RETAIL,AE,2022-09-13,VERIFIED
CUS005587,RETAIL,SG,2024-02-01,VERIFIED
CUS005588,RETAIL,AE,2022-09-14,VERIFIED
CUS005589,RETAIL,SG,2023-12-04,VERIFIED
CUS005590,RETAIL,IN,2023-01-19,VERIFIED
CUS005591,SME,IN,2021-12-07,VERIFIED
CUS005592,RETAIL,IN,2024-05-03,VERIFIED
CUS005593,RETAIL,IN,2023-04-06,VERIFIED
CUS005594,SME,IN,2023-02-21,VERIFIED
CUS005595,RETAIL,IN,2021-06-10,VERIFIED
CUS005596,RETAIL,IN,2022-12-12,VERIFIED
CUS005597,SME,IN,2023-09-12,VERIFIED
CUS005598,SME,IN,2023-07-14,VERIFIED
CUS005599,RETAIL,SG,2023-11-04,VERIFIED
CUS005600,RETAIL,IN,2024-06-07,VERIFIED
CUS005601,RETAIL,SG,2022-04-13,PENDING
CUS005602,SME,IN,2022-01-30,VERIFIED
CUS005603,SME,AE,2024-03-29,VERIFIED
CUS005604,RETAIL,SG,2023-04-03,PENDING
CUS005605,SME,IN,2022-02-12,VERIFIED
CUS005606,RETAIL,AE,2022-04-27,VERIFIED
CUS005607,RETAIL,IN,2024-09-12,VERIFIED
CUS005608,RETAIL,IN,2024-10-28,VERIFIED
CUS005609,RETAIL,SG,2024-09-24,VERIFIED
CUS005610,SME,IN,2023-01-26,VERIFIED
CUS005611,RETAIL,IN,2021-07-02,VERIFIED
CUS005612,RETAIL,IN,2024-09-20,VERIFIED
CUS005613,RETAIL,IN,2022-04-26,VERIFIED
CUS005614,SME,IN,2022-03-12,VERIFIED
CUS005615,RETAIL,IN,2021-04-23,VERIFIED
CUS005616,SME,IN,2022-10-11,VERIFIED
CUS005617,RETAIL,IN,2021-05-06,VERIFIED
CUS005618,SME,IN,2023-04-11,VERIFIED
CUS005619,RETAIL,IN,2023-12-27,VERIFIED
CUS005620,RETAIL,SG,2021-04-11,VERIFIED
CUS005621,SME,IN,2023-01-03,VERIFIED
CUS005622,RETAIL,IN,2023-10-03,VERIFIED
CUS005623,SME,SG,2022-07-16,VERIFIED
CUS005624,RETAIL,AE,2023-05-20,VERIFIED
CUS005625,RETAIL,IN,2022-02-20,VERIFIED
CUS005626,SME,IN,2022-03-06,VERIFIED
CUS005627,SME,SG,2024-12-06,VERIFIED
CUS005628,RETAIL,AE,2022-12-28,VERIFIED
CUS005629,RETAIL,IN,2021-09-23,VERIFIED
CUS005630,SME,IN,2022-06-25,VERIFIED
CUS005631,RETAIL,IN,2022-03-30,VERIFIED
CUS005632,SME,IN,2021-04-06,VERIFIED
CUS005633,RETAIL,AE,2023-09-08,VERIFIED
CUS005634,RETAIL,SG,2022-05-04,VERIFIED
CUS005635,RETAIL,IN,2024-11-21,VERIFIED
CUS005636,RETAIL,SG,2024-06-05,VERIFIED
CUS005637,RETAIL,AE,2022-04-30,VERIFIED
CUS005638,RETAIL,IN,2024-03-14,VERIFIED
CUS005639,SME,SG,2021-12-26,VERIFIED
CUS005640,RETAIL,IN,2021-09-02,VERIFIED
CUS005641,SME,IN,2021-07-30,VERIFIED
CUS005642,RETAIL,IN,2024-10-26,PENDING
CUS005643,RETAIL,IN,2023-10-04,VERIFIED
CUS005644,RETAIL,AE,2023-01-20,VERIFIED
CUS005645,RETAIL,IN,2024-12-10,VERIFIED
CUS005646,RETAIL,IN,2021-07-13,VERIFIED
CUS005647,RETAIL,IN,2021-04-21,VERIFIED
CUS005648,RETAIL,IN,2022-01-11,VERIFIED
CUS005649,RETAIL,IN,2023-12-09,VERIFIED
CUS005650,RETAIL,SG,2024-07-24,VERIFIED
CUS005651,RETAIL,IN,2021-11-01,VERIFIED
CUS005652,RETAIL,IN,2022-03-02,VERIFIED
CUS005653,RETAIL,IN,2021-05-18,VERIFIED
CUS005654,RETAIL,IN,2023-07-17,VERIFIED
CUS005655,SME,SG,2024-05-11,VERIFIED
CUS005656,SME,IN,2021-07-20,VERIFIED
CUS005657,RETAIL,IN,2024-08-04,VERIFIED
CUS005658,RETAIL,SG,2022-10-23,REJECTED
CUS005659,SME,SG,2023-03-13,VERIFIED
CUS005660,SME,AE,2022-11-25,VERIFIED
CUS005661,RETAIL,IN,2023-06-18,VERIFIED
CUS005662,RETAIL,IN,2024-12-20,VERIFIED
CUS005663,RETAIL,SG,2022-08-15,VERIFIED
CUS005664,SME,IN,2024-01-18,VERIFIED
CUS005665,RETAIL,SG,2024-07-21,VERIFIED
CUS005666,RETAIL,IN,2023-06-04,VERIFIED
CUS005667,SME,SG,2023-11-21,VERIFIED
CUS005668,RETAIL,IN,2022-03-25,VERIFIED
CUS005669,RETAIL,IN,2023-08-14,VERIFIED
CUS005670,RETAIL,IN,2023-01-04,VERIFIED
CUS005671,RETAIL,IN,2023-02-22,VERIFIED
CUS005672,RETAIL,SG,2021-09-26,VERIFIED
CUS005673,SME,IN,2024-08-10,VERIFIED
CUS005674,RETAIL,IN,2024-11-14,VERIFIED
CUS005675,RETAIL,AE,2021-09-06,VERIFIED
CUS005676,RETAIL,SG,2023-10-07,PENDING
CUS005677,RETAIL,IN,2022-04-03,VERIFIED
CUS005678,RETAIL,AE,2022-09-18,VERIFIED
CUS005679,RETAIL,IN,2022-01-29,VERIFIED
CUS005680,RETAIL,SG,2022-06-24,VERIFIED
CUS005681,SME,IN,2024-01-25,VERIFIED
CUS005682,RETAIL,IN,2023-01-29,PENDING
CUS005683,RETAIL,IN,2023-10-31,VERIFIED
CUS005684,RETAIL,IN,2023-06-23,VERIFIED
CUS005685,RETAIL,IN,2022-12-01,VERIFIED
CUS005686,SME,IN,2024-09-23,VERIFIED
CUS005687,RETAIL,SG,2024-11-19,REJECTED
CUS005688,SME,IN,2022-05-03,VERIFIED
CUS005689,RETAIL,IN,2024-08-31,VERIFIED
CUS005690,SME,AE,2021-07-16,VERIFIED
CUS005691,RETAIL,SG,2022-07-17,VERIFIED
CUS005692,RETAIL,AE,2021-11-26,VERIFIED
CUS005693,RETAIL,IN,2023-03-14,VERIFIED
CUS005694,RETAIL,IN,2022-04-26,VERIFIED
CUS005695,RETAIL,IN,2024-04-16,VERIFIED
CUS005696,RETAIL,IN,2022-07-29,VERIFIED
CUS005697,RETAIL,IN,2023-10-24,VERIFIED
CUS005698,RETAIL,AE,2022-01-17,PENDING
CUS005699,RETAIL,IN,2023-08-06,VERIFIED
CUS005700,RETAIL,SG,2022-01-10,REJECTED
CUS005701,RETAIL,IN,2021-07-30,VERIFIED
CUS005702,SME,IN,2024-12-23,VERIFIED
CUS005703,RETAIL,IN,2024-10-06,PENDING
CUS005704,RETAIL,AE,2023-08-20,VERIFIED
CUS005705,RETAIL,IN,2022-11-28,VERIFIED
CUS005706,RETAIL,IN,2021-09-04,VERIFIED
CUS005707,RETAIL,IN,2023-04-27,VERIFIED
CUS005708,SME,SG,2021-09-28,VERIFIED
CUS005709,RETAIL,AE,2022-03-17,VERIFIED
CUS005710,SME,AE,2022-04-14,VERIFIED
CUS005711,RETAIL,SG,2021-07-08,VERIFIED
CUS005712,SME,AE,2023-10-27,VERIFIED
CUS005713,RETAIL,SG,2022-06-09,VERIFIED
CUS005714,RETAIL,IN,2021-12-11,VERIFIED
CUS005715,RETAIL,IN,2021-04-17,VERIFIED
CUS005716,RETAIL,IN,2024-02-12,VERIFIED
CUS005717,RETAIL,IN,2021-12-27,VERIFIED
CUS005718,RETAIL,IN,2024-02-23,VERIFIED
CUS005719,RETAIL,IN,2021-04-26,REJECTED
CUS005720,RETAIL,AE,2022-12-13,VERIFIED
CUS005721,SME,AE,2021-08-25,VERIFIED
CUS005722,RETAIL,IN,2022-10-25,VERIFIED
CUS005723,RETAIL,SG,2024-09-18,VERIFIED
CUS005724,RETAIL,IN,2023-08-29,VERIFIED
CUS005725,RETAIL,IN,2022-09-02,VERIFIED
CUS005726,SME,IN,2022-09-09,VERIFIED
CUS005727,SME,IN,2022-11-23,VERIFIED
CUS005728,RETAIL,IN,2022-04-15,PENDING
CUS005729,RETAIL,IN,2022-10-16,VERIFIED
CUS005730,SME,IN,2024-04-24,VERIFIED
CUS005731,RETAIL,IN,2024-09-14,VERIFIED
CUS005732,SME,AE,2023-11-24,VERIFIED
CUS005733,RETAIL,IN,2024-06-23,VERIFIED
CUS005734,RETAIL,IN,2022-04-28,VERIFIED
CUS005735,RETAIL,IN,2021-04-04,VERIFIED
CUS005736,RETAIL,IN,2021-06-13,PENDING
CUS005737,SME,IN,2022-11-01,VERIFIED
CUS005738,RETAIL,IN,2021-08-12,VERIFIED
CUS005739,RETAIL,SG,2022-06-26,VERIFIED
CUS005740,RETAIL,IN,2024-07-04,VERIFIED
CUS005741,SME,SG,2022-10-04,VERIFIED
CUS005742,SME,IN,2022-10-27,VERIFIED
CUS005743,RETAIL,IN,2022-11-23,VERIFIED
CUS005744,SME,IN,2021-12-08,VERIFIED
CUS005745,RETAIL,IN,2021-03-23,VERIFIED
CUS005746,SME,IN,2024-02-04,VERIFIED
CUS005747,RETAIL,IN,2024-12-08,VERIFIED
CUS005748,RETAIL,IN,2022-07-16,VERIFIED
CUS005749,RETAIL,SG,2024-07-31,PENDING
CUS005750,RETAIL,IN,2023-05-14,VERIFIED
CUS005751,RETAIL,IN,2021-06-06,VERIFIED
CUS005752,RETAIL,SG,2022-06-19,PENDING
CUS005753,RETAIL,IN,2021-05-30,VERIFIED
CUS005754,SME,SG,2024-11-18,VERIFIED
CUS005755,RETAIL,AE,2022-04-18,VERIFIED
CUS005756,RETAIL,AE,2023-10-21,VERIFIED
CUS005757,SME,IN,2024-09-19,VERIFIED
CUS005758,RETAIL,IN,2023-10-29,PENDING
CUS005759,RETAIL,IN,2021-06-05,REJECTED
CUS005760,SME,SG,2023-05-26,VERIFIED
CUS005761,RETAIL,SG,2021-06-27,VERIFIED
CUS005762,SME,IN,2024-07-25,VERIFIED
CUS005763,RETAIL,IN,2022-06-28,PENDING
CUS005764,RETAIL,IN,2023-05-01,VERIFIED
CUS005765,SME,IN,2023-11-09,VERIFIED
CUS005766,RETAIL,IN,2022-12-05,VERIFIED
CUS005767,RETAIL,AE,2022-08-26,PENDING
CUS005768,SME,IN,2024-11-25,VERIFIED
CUS005769,SME,IN,2022-07-01,VERIFIED
CUS005770,SME,AE,2023-11-07,VERIFIED
CUS005771,RETAIL,IN,2021-12-03,VERIFIED
CUS005772,RETAIL,IN,2024-04-28,VERIFIED
CUS005773,RETAIL,SG,2023-11-28,VERIFIED
CUS005774,SME,IN,2021-04-11,VERIFIED
CUS005775,RETAIL,IN,2024-01-22,VERIFIED
CUS005776,RETAIL,SG,2024-07-03,VERIFIED
CUS005777,RETAIL,SG,2022-11-23,VERIFIED
CUS005778,RETAIL,SG,2022-08-07,VERIFIED
CUS005779,RETAIL,AE,2022-10-31,VERIFIED
CUS005780,RETAIL,IN,2023-06-19,VERIFIED
CUS005781,RETAIL,SG,2024-08-04,VERIFIED
CUS005782,RETAIL,IN,2023-11-26,VERIFIED
CUS005783,RETAIL,SG,2024-10-15,VERIFIED
CUS005784,SME,SG,2021-09-24,VERIFIED
CUS005785,RETAIL,SG,2024-01-04,VERIFIED
CUS005786,RETAIL,AE,2022-06-17,VERIFIED
CUS005787,RETAIL,IN,2024-01-03,VERIFIED
CUS005788,RETAIL,SG,2022-08-17,VERIFIED
CUS005789,RETAIL,IN,2024-08-27,VERIFIED
CUS005790,SME,IN,2024-08-23,VERIFIED
CUS005791,RETAIL,SG,2023-10-17,VERIFIED
CUS005792,RETAIL,SG,2024-01-05,VERIFIED
CUS005793,SME,IN,2023-10-09,VERIFIED
CUS005794,SME,IN,2023-12-11,PENDING
CUS005795,RETAIL,IN,2022-05-06,VERIFIED
CUS005796,RETAIL,IN,2023-05-04,VERIFIED
CUS005797,RETAIL,IN,2024-05-31,VERIFIED
CUS005798,RETAIL,AE,2021-06-21,VERIFIED
CUS005799,RETAIL,IN,2022-07-27,VERIFIED
CUS005800,RETAIL,AE,2023-06-16,VERIFIED
CUS005801,RETAIL,IN,2023-01-19,VERIFIED
CUS005802,RETAIL,SG,2023-09-30,PENDING
CUS005803,RETAIL,IN,2023-07-01,VERIFIED
CUS005804,RETAIL,SG,2024-09-24,VERIFIED
CUS005805,RETAIL,SG,2021-10-26,VERIFIED
CUS005806,SME,SG,2023-07-13,PENDING
CUS005807,RETAIL,AE,2022-05-03,VERIFIED
CUS005808,RETAIL,IN,2024-10-20,VERIFIED
CUS005809,RETAIL,IN,2024-08-26,VERIFIED
CUS005810,RETAIL,IN,2023-08-09,VERIFIED
CUS005811,RETAIL,SG,2024-11-09,VERIFIED
CUS005812,RETAIL,IN,2021-04-18,VERIFIED
CUS005813,RETAIL,IN,2024-11-08,VERIFIED
CUS005814,RETAIL,IN,2022-11-15,VERIFIED
CUS005815,RETAIL,IN,2023-08-29,VERIFIED
CUS005816,SME,SG,2024-03-15,VERIFIED
CUS005817,SME,SG,2024-06-19,VERIFIED
CUS005818,RETAIL,SG,2023-11-10,VERIFIED
CUS005819,RETAIL,SG,2024-10-22,VERIFIED
CUS005820,SME,AE,2022-10-25,VERIFIED
CUS005821,RETAIL,IN,2024-02-08,VERIFIED
CUS005822,RETAIL,AE,2024-12-06,VERIFIED
CUS005823,SME,IN,2024-07-24,VERIFIED
CUS005824,RETAIL,SG,2021-07-22,VERIFIED
CUS005825,RETAIL,SG,2024-02-01,VERIFIED
CUS005826,RETAIL,IN,2022-10-15,VERIFIED
CUS005827,RETAIL,IN,2023-06-08,VERIFIED
CUS005828,RETAIL,IN,2023-02-12,VERIFIED
CUS005829,RETAIL,IN,2021-09-24,VERIFIED
CUS005830,RETAIL,AE,2022-04-05,VERIFIED
CUS005831,RETAIL,IN,2022-11-22,VERIFIED
CUS005832,SME,IN,2024-03-27,VERIFIED
CUS005833,RETAIL,IN,2021-09-30,VERIFIED
CUS005834,RETAIL,IN,2024-12-02,VERIFIED
CUS005835,RETAIL,IN,2022-11-13,VERIFIED
CUS005836,RETAIL,IN,2022-08-24,VERIFIED
CUS005837,RETAIL,IN,2021-05-18,VERIFIED
CUS005838,RETAIL,IN,2024-05-22,VERIFIED
CUS005839,RETAIL,IN,2023-11-24,VERIFIED
CUS005840,RETAIL,IN,2024-12-15,VERIFIED
CUS005841,RETAIL,SG,2024-01-22,VERIFIED
CUS005842,RETAIL,IN,2021-06-11,VERIFIED
CUS005843,RETAIL,IN,2024-12-20,VERIFIED
CUS005844,RETAIL,AE,2021-12-25,VERIFIED
CUS005845,SME,IN,2021-06-03,VERIFIED
CUS005846,RETAIL,IN,2024-07-26,VERIFIED
CUS005847,RETAIL,SG,2023-08-16,VERIFIED
CUS005848,RETAIL,IN,2021-07-27,VERIFIED
CUS005849,RETAIL,SG,2022-03-30,VERIFIED
CUS005850,RETAIL,SG,2024-09-29,VERIFIED
CUS005851,RETAIL,AE,2021-09-07,VERIFIED
CUS005852,RETAIL,AE,2021-12-04,VERIFIED
CUS005853,SME,IN,2023-10-23,VERIFIED
CUS005854,SME,SG,2023-06-01,VERIFIED
CUS005855,RETAIL,IN,2023-11-02,VERIFIED
CUS005856,RETAIL,SG,2023-01-07,VERIFIED
CUS005857,RETAIL,IN,2022-01-06,VERIFIED
CUS005858,RETAIL,IN,2022-06-11,VERIFIED
CUS005859,RETAIL,IN,2021-04-17,VERIFIED
CUS005860,RETAIL,IN,2024-08-16,VERIFIED
CUS005861,RETAIL,IN,2021-06-18,VERIFIED
CUS005862,RETAIL,IN,2021-07-11,VERIFIED
CUS005863,RETAIL,AE,2023-07-16,VERIFIED
CUS005864,RETAIL,IN,2024-06-14,VERIFIED
CUS005865,SME,SG,2024-02-21,PENDING
CUS005866,RETAIL,AE,2021-05-24,VERIFIED
CUS005867,RETAIL,SG,2024-12-19,VERIFIED
CUS005868,RETAIL,IN,2024-08-26,REJECTED
CUS005869,RETAIL,AE,2024-09-22,VERIFIED
CUS005870,RETAIL,SG,2024-05-06,VERIFIED
CUS005871,RETAIL,SG,2021-12-23,VERIFIED
CUS005872,RETAIL,AE,2024-10-13,VERIFIED
CUS005873,RETAIL,IN,2021-04-22,VERIFIED
CUS005874,RETAIL,IN,2023-06-25,VERIFIED
CUS005875,RETAIL,AE,2022-12-19,VERIFIED
CUS005876,RETAIL,IN,2022-09-27,VERIFIED
CUS005877,RETAIL,SG,2021-11-23,VERIFIED
CUS005878,SME,IN,2022-08-10,VERIFIED
CUS005879,RETAIL,IN,2024-10-08,VERIFIED
CUS005880,SME,IN,2021-10-30,VERIFIED
CUS005881,RETAIL,IN,2024-08-31,VERIFIED
CUS005882,RETAIL,AE,2022-12-24,VERIFIED
CUS005883,RETAIL,IN,2021-09-06,VERIFIED
CUS005884,RETAIL,SG,2023-01-18,VERIFIED
CUS005885,RETAIL,IN,2023-05-26,PENDING
CUS005886,RETAIL,AE,2023-10-03,VERIFIED
CUS005887,RETAIL,IN,2021-12-29,VERIFIED
CUS005888,RETAIL,IN,2022-07-05,VERIFIED
CUS005889,SME,IN,2021-11-23,VERIFIED
CUS005890,RETAIL,IN,2021-07-10,VERIFIED
CUS005891,RETAIL,AE,2022-09-25,VERIFIED
CUS005892,RETAIL,AE,2023-08-23,VERIFIED
CUS005893,SME,IN,2022-09-24,VERIFIED
CUS005894,SME,IN,2023-08-22,VERIFIED
CUS005895,RETAIL,IN,2024-03-20,VERIFIED
CUS005896,RETAIL,IN,2023-09-09,VERIFIED
CUS005897,RETAIL,IN,2023-03-03,VERIFIED
CUS005898,RETAIL,IN,2024-02-18,PENDING
CUS005899,SME,IN,2023-10-18,VERIFIED
CUS005900,RETAIL,AE,2022-10-31,VERIFIED
CUS005901,RETAIL,IN,2024-06-27,VERIFIED
CUS005902,RETAIL,IN,2024-08-07,VERIFIED
CUS005903,SME,IN,2022-01-13,VERIFIED
CUS005904,RETAIL,IN,2021-10-21,PENDING
CUS005905,RETAIL,IN,2023-10-21,VERIFIED
CUS005906,RETAIL,SG,2024-06-23,VERIFIED
CUS005907,RETAIL,IN,2023-03-28,VERIFIED
CUS005908,SME,SG,2024-05-03,VERIFIED
CUS005909,RETAIL,AE,2021-08-23,VERIFIED
CUS005910,SME,AE,2024-09-27,VERIFIED
CUS005911,RETAIL,SG,2023-01-28,VERIFIED
CUS005912,RETAIL,IN,2023-07-18,VERIFIED
CUS005913,RETAIL,IN,2023-03-20,VERIFIED
CUS005914,RETAIL,IN,2022-02-06,VERIFIED
CUS005915,SME,AE,2024-01-01,VERIFIED
CUS005916,RETAIL,AE,2021-07-07,VERIFIED
CUS005917,RETAIL,IN,2021-04-03,VERIFIED
CUS005918,RETAIL,IN,2023-05-05,VERIFIED
CUS005919,RETAIL,IN,2023-07-12,VERIFIED
CUS005920,SME,IN,2024-02-07,VERIFIED
CUS005921,SME,AE,2021-11-19,VERIFIED
CUS005922,RETAIL,IN,2022-03-23,VERIFIED
CUS005923,RETAIL,IN,2023-04-13,VERIFIED
CUS005924,RETAIL,IN,2022-05-14,VERIFIED
CUS005925,SME,IN,2023-08-05,VERIFIED
CUS005926,RETAIL,IN,2022-05-23,VERIFIED
CUS005927,SME,AE,2021-11-10,VERIFIED
CUS005928,SME,IN,2023-04-22,VERIFIED
CUS005929,RETAIL,IN,2022-06-14,VERIFIED
CUS005930,RETAIL,IN,2022-11-02,VERIFIED
CUS005931,RETAIL,IN,2024-09-22,VERIFIED
CUS005932,RETAIL,IN,2024-10-07,VERIFIED
CUS005933,RETAIL,IN,2023-12-30,VERIFIED
CUS005934,RETAIL,IN,2024-01-17,VERIFIED
CUS005935,RETAIL,IN,2024-04-11,VERIFIED
CUS005936,RETAIL,SG,2021-06-14,REJECTED
CUS005937,SME,SG,2022-09-06,VERIFIED
CUS005938,SME,AE,2024-11-04,VERIFIED
CUS005939,RETAIL,IN,2021-07-17,VERIFIED
CUS005940,RETAIL,SG,2023-11-06,PENDING
CUS005941,RETAIL,SG,2021-03-20,VERIFIED
CUS005942,RETAIL,IN,2024-02-19,VERIFIED
CUS005943,RETAIL,IN,2024-09-05,PENDING
CUS005944,RETAIL,IN,2024-07-03,VERIFIED
CUS005945,RETAIL,SG,2023-07-11,VERIFIED
CUS005946,RETAIL,IN,2021-06-17,VERIFIED
CUS005947,SME,IN,2022-11-20,VERIFIED
CUS005948,RETAIL,AE,2024-07-09,VERIFIED
CUS005949,SME,IN,2023-10-14,VERIFIED
CUS005950,SME,AE,2023-02-16,VERIFIED
CUS005951,RETAIL,SG,2022-12-02,VERIFIED
CUS005952,RETAIL,AE,2021-10-14,VERIFIED
CUS005953,SME,SG,2024-10-30,PENDING
CUS005954,RETAIL,IN,2024-12-27,VERIFIED
CUS005955,RETAIL,SG,2022-03-30,VERIFIED
CUS005956,RETAIL,SG,2024-08-03,VERIFIED
CUS005957,RETAIL,SG,2022-05-21,PENDING
CUS005958,RETAIL,IN,2023-09-11,VERIFIED
CUS005959,RETAIL,IN,2023-07-08,VERIFIED
CUS005960,SME,IN,2024-06-09,VERIFIED
CUS005961,RETAIL,IN,2022-01-14,VERIFIED
CUS005962,SME,IN,2024-04-21,VERIFIED
CUS005963,SME,AE,2024-12-21,VERIFIED
CUS005964,RETAIL,SG,2022-09-27,VERIFIED
CUS005965,SME,SG,2024-06-03,VERIFIED
CUS005966,RETAIL,IN,2024-05-08,VERIFIED
CUS005967,RETAIL,IN,2024-03-02,VERIFIED
CUS005968,SME,IN,2022-07-22,VERIFIED
CUS005969,SME,IN,2022-02-14,VERIFIED
CUS005970,RETAIL,IN,2021-06-30,VERIFIED
CUS005971,SME,IN,2021-03-29,VERIFIED
CUS005972,RETAIL,IN,2024-02-15,VERIFIED
CUS005973,SME,IN,2024-03-06,VERIFIED
CUS005974,RETAIL,IN,2024-03-10,REJECTED
CUS005975,RETAIL,IN,2024-04-14,VERIFIED
CUS005976,SME,IN,2024-12-17,VERIFIED
CUS005977,RETAIL,SG,2022-10-02,VERIFIED
CUS005978,RETAIL,IN,2024-12-12,VERIFIED
CUS005979,SME,IN,2024-11-09,VERIFIED
CUS005980,SME,IN,2023-06-26,VERIFIED
CUS005981,RETAIL,AE,2021-11-24,VERIFIED
CUS005982,RETAIL,IN,2023-02-17,PENDING
CUS005983,RETAIL,SG,2023-06-25,VERIFIED
CUS005984,RETAIL,IN,2024-04-21,VERIFIED
CUS005985,RETAIL,SG,2022-05-25,VERIFIED
CUS005986,RETAIL,AE,2023-10-07,VERIFIED
CUS005987,RETAIL,IN,2021-03-08,VERIFIED
CUS005988,SME,SG,2024-06-19,VERIFIED
CUS005989,SME,IN,2021-12-29,VERIFIED
CUS005990,RETAIL,SG,2022-05-24,VERIFIED
CUS005991,RETAIL,IN,2023-08-08,VERIFIED
CUS005992,SME,IN,2023-07-01,VERIFIED
CUS005993,SME,AE,2021-04-26,VERIFIED
CUS005994,RETAIL,AE,2022-03-10,VERIFIED
CUS005995,RETAIL,IN,2024-11-02,VERIFIED
CUS005996,RETAIL,AE,2022-11-23,VERIFIED
CUS005997,RETAIL,IN,2022-03-02,VERIFIED
CUS005998,RETAIL,IN,2023-07-23,VERIFIED
CUS005999,RETAIL,AE,2022-05-11,VERIFIED
CUS006000,SME,IN,2022-08-09,VERIFIED
CUS006001,SME,IN,2023-09-30,PENDING
CUS006002,RETAIL,SG,2024-12-22,VERIFIED
CUS006003,RETAIL,IN,2024-11-13,VERIFIED
CUS006004,RETAIL,IN,2022-05-11,VERIFIED
CUS006005,RETAIL,IN,2022-01-12,VERIFIED
CUS006006,RETAIL,SG,2023-08-01,VERIFIED
CUS006007,SME,IN,2023-03-07,VERIFIED
CUS006008,RETAIL,IN,2023-01-13,VERIFIED
CUS006009,RETAIL,SG,2021-08-14,VERIFIED
CUS006010,RETAIL,IN,2022-12-31,VERIFIED
CUS006011,RETAIL,IN,2022-10-25,VERIFIED
CUS006012,SME,SG,2022-11-12,VERIFIED
CUS006013,SME,SG,2024-07-03,VERIFIED
CUS006014,RETAIL,IN,2022-04-24,VERIFIED
CUS006015,SME,AE,2021-07-10,VERIFIED
CUS006016,RETAIL,SG,2024-07-31,VERIFIED
CUS006017,SME,IN,2024-09-24,VERIFIED
CUS006018,RETAIL,SG,2023-02-17,VERIFIED
CUS006019,RETAIL,SG,2022-01-27,VERIFIED
CUS006020,RETAIL,IN,2024-09-07,VERIFIED
CUS006021,SME,IN,2022-02-26,VERIFIED
CUS006022,SME,SG,2024-02-09,VERIFIED
CUS006023,RETAIL,AE,2024-04-20,VERIFIED
CUS006024,SME,IN,2024-04-12,VERIFIED
CUS006025,RETAIL,SG,2022-12-27,VERIFIED
CUS006026,RETAIL,SG,2022-09-16,VERIFIED
CUS006027,RETAIL,AE,2023-03-27,VERIFIED
CUS006028,RETAIL,AE,2022-09-06,REJECTED
CUS006029,RETAIL,IN,2021-12-01,VERIFIED
CUS006030,RETAIL,IN,2021-10-26,PENDING
CUS006031,RETAIL,IN,2022-03-18,VERIFIED
CUS006032,RETAIL,IN,2023-01-02,VERIFIED
CUS006033,RETAIL,IN,2024-03-01,VERIFIED
CUS006034,RETAIL,SG,2022-02-24,VERIFIED
CUS006035,RETAIL,AE,2022-06-04,VERIFIED
CUS006036,RETAIL,IN,2021-08-06,VERIFIED
CUS006037,RETAIL,SG,2022-04-10,VERIFIED
CUS006038,SME,IN,2024-06-29,VERIFIED
CUS006039,SME,IN,2022-10-27,REJECTED
CUS006040,RETAIL,IN,2022-03-29,VERIFIED
CUS006041,SME,IN,2021-03-07,VERIFIED
CUS006042,RETAIL,IN,2023-09-30,VERIFIED
CUS006043,SME,SG,2021-09-15,VERIFIED
CUS006044,RETAIL,SG,2023-12-09,VERIFIED
CUS006045,RETAIL,IN,2023-07-24,PENDING
CUS006046,RETAIL,IN,2021-04-24,VERIFIED
CUS006047,SME,IN,2024-05-17,VERIFIED
CUS006048,RETAIL,AE,2024-03-18,VERIFIED
CUS006049,RETAIL,AE,2021-10-20,VERIFIED
CUS006050,RETAIL,IN,2021-07-01,VERIFIED
CUS006051,SME,IN,2024-08-08,VERIFIED
CUS006052,RETAIL,IN,2021-11-05,VERIFIED
CUS006053,RETAIL,SG,2022-09-30,VERIFIED
CUS006054,RETAIL,IN,2021-08-20,VERIFIED
CUS006055,SME,IN,2023-02-06,VERIFIED
CUS006056,RETAIL,IN,2022-10-04,VERIFIED
CUS006057,RETAIL,IN,2024-02-12,VERIFIED
CUS006058,RETAIL,IN,2022-10-06,VERIFIED
CUS006059,RETAIL,IN,2023-05-27,VERIFIED
CUS006060,RETAIL,SG,2023-06-18,VERIFIED
CUS006061,RETAIL,IN,2023-12-07,VERIFIED
CUS006062,RETAIL,IN,2023-06-20,VERIFIED
CUS006063,RETAIL,IN,2024-05-11,VERIFIED
CUS006064,RETAIL,IN,2021-09-29,VERIFIED
CUS006065,RETAIL,SG,2023-06-15,VERIFIED
CUS006066,SME,AE,2023-07-09,VERIFIED
CUS006067,RETAIL,IN,2021-04-01,PENDING
CUS006068,RETAIL,AE,2023-02-20,VERIFIED
CUS006069,RETAIL,SG,2022-04-24,VERIFIED
CUS006070,SME,SG,2021-03-09,VERIFIED
CUS006071,SME,IN,2021-09-12,VERIFIED
CUS006072,SME,IN,2023-08-24,VERIFIED
CUS006073,RETAIL,IN,2022-12-18,VERIFIED
CUS006074,RETAIL,AE,2021-11-07,VERIFIED
CUS006075,RETAIL,IN,2023-02-01,VERIFIED
CUS006076,SME,IN,2023-12-10,PENDING
CUS006077,RETAIL,IN,2022-12-23,VERIFIED
CUS006078,RETAIL,IN,2024-11-27,PENDING
CUS006079,RETAIL,IN,2021-08-17,VERIFIED
CUS006080,RETAIL,SG,2022-09-24,VERIFIED
CUS006081,RETAIL,IN,2024-01-09,VERIFIED
CUS006082,SME,SG,2023-03-02,PENDING
CUS006083,RETAIL,SG,2024-11-18,VERIFIED
CUS006084,SME,IN,2021-12-27,VERIFIED
CUS006085,RETAIL,SG,2022-12-20,VERIFIED
CUS006086,RETAIL,IN,2024-12-27,VERIFIED
CUS006087,RETAIL,SG,2023-03-30,VERIFIED
CUS006088,RETAIL,SG,2024-09-25,VERIFIED
CUS006089,RETAIL,IN,2023-07-09,REJECTED
CUS006090,RETAIL,IN,2021-09-16,VERIFIED
CUS006091,RETAIL,IN,2022-07-01,VERIFIED
CUS006092,RETAIL,IN,2023-02-28,VERIFIED
CUS006093,RETAIL,IN,2023-01-16,VERIFIED
CUS006094,RETAIL,IN,2023-01-24,VERIFIED
CUS006095,RETAIL,SG,2024-08-18,VERIFIED
CUS006096,RETAIL,IN,2024-02-21,VERIFIED
CUS006097,RETAIL,IN,2021-11-15,VERIFIED
CUS006098,RETAIL,IN,2021-06-15,PENDING
CUS006099,RETAIL,IN,2024-06-12,VERIFIED
CUS006100,SME,AE,2021-07-01,VERIFIED
CUS006101,RETAIL,IN,2024-11-20,VERIFIED
CUS006102,RETAIL,IN,2023-01-09,VERIFIED
CUS006103,SME,IN,2021-10-31,REJECTED
CUS006104,RETAIL,IN,2024-03-03,VERIFIED
CUS006105,RETAIL,IN,2021-05-14,VERIFIED
CUS006106,RETAIL,SG,2021-03-28,PENDING
CUS006107,RETAIL,IN,2023-05-18,VERIFIED
CUS006108,RETAIL,SG,2021-08-01,VERIFIED
CUS006109,RETAIL,IN,2024-09-13,VERIFIED
CUS006110,RETAIL,AE,2023-01-03,VERIFIED
CUS006111,RETAIL,IN,2023-11-19,PENDING
CUS006112,RETAIL,IN,2022-08-09,VERIFIED
CUS006113,RETAIL,SG,2024-01-17,VERIFIED
CUS006114,RETAIL,SG,2023-04-27,VERIFIED
CUS006115,SME,IN,2022-03-14,VERIFIED
CUS006116,RETAIL,AE,2024-03-19,VERIFIED
CUS006117,RETAIL,AE,2021-10-11,VERIFIED
CUS006118,RETAIL,IN,2022-05-23,VERIFIED
CUS006119,SME,SG,2024-01-17,VERIFIED
CUS006120,RETAIL,IN,2022-06-10,VERIFIED
CUS006121,RETAIL,IN,2023-10-14,VERIFIED
CUS006122,SME,IN,2022-11-27,VERIFIED
CUS006123,RETAIL,AE,2022-08-31,VERIFIED
CUS006124,SME,IN,2021-11-18,VERIFIED
CUS006125,RETAIL,IN,2023-09-02,VERIFIED
CUS006126,SME,IN,2023-04-10,PENDING
CUS006127,RETAIL,IN,2023-04-23,VERIFIED
CUS006128,RETAIL,AE,2021-09-14,VERIFIED
CUS006129,RETAIL,SG,2021-10-11,VERIFIED
CUS006130,RETAIL,IN,2024-03-04,VERIFIED
CUS006131,RETAIL,AE,2024-08-07,VERIFIED
CUS006132,SME,SG,2021-04-26,VERIFIED
CUS006133,RETAIL,IN,2024-05-13,VERIFIED
CUS006134,RETAIL,IN,2024-03-20,VERIFIED
CUS006135,RETAIL,IN,2024-07-19,VERIFIED
CUS006136,SME,IN,2024-05-22,VERIFIED
CUS006137,RETAIL,IN,2024-10-05,VERIFIED
CUS006138,RETAIL,SG,2022-09-10,VERIFIED
CUS006139,RETAIL,AE,2023-01-19,VERIFIED
CUS006140,RETAIL,IN,2024-08-24,VERIFIED
CUS006141,RETAIL,AE,2022-07-04,VERIFIED
CUS006142,RETAIL,AE,2024-05-11,VERIFIED
CUS006143,RETAIL,IN,2022-12-10,VERIFIED
CUS006144,RETAIL,IN,2022-03-18,VERIFIED
CUS006145,RETAIL,SG,2023-05-16,VERIFIED
CUS006146,SME,SG,2023-10-28,VERIFIED
CUS006147,RETAIL,IN,2021-07-27,VERIFIED
CUS006148,SME,SG,2021-12-08,VERIFIED
CUS006149,RETAIL,IN,2021-10-07,VERIFIED
CUS006150,SME,SG,2024-05-29,VERIFIED
CUS006151,RETAIL,SG,2023-12-16,VERIFIED
CUS006152,SME,IN,2023-07-12,VERIFIED
CUS006153,RETAIL,IN,2024-05-11,VERIFIED
CUS006154,RETAIL,IN,2023-07-11,VERIFIED
CUS006155,RETAIL,AE,2024-01-21,PENDING
CUS006156,RETAIL,AE,2023-03-01,PENDING
CUS006157,RETAIL,SG,2022-04-17,VERIFIED
CUS006158,RETAIL,IN,2023-06-07,VERIFIED
CUS006159,RETAIL,IN,2022-03-28,VERIFIED
CUS006160,SME,IN,2023-07-10,VERIFIED
CUS006161,RETAIL,IN,2023-02-10,VERIFIED
CUS006162,RETAIL,IN,2023-09-30,VERIFIED
CUS006163,RETAIL,SG,2024-09-05,VERIFIED
CUS006164,RETAIL,IN,2024-12-11,VERIFIED
CUS006165,RETAIL,SG,2024-04-20,VERIFIED
CUS006166,RETAIL,AE,2022-08-22,VERIFIED
CUS006167,SME,SG,2024-08-15,VERIFIED
CUS006168,SME,IN,2023-03-11,VERIFIED
CUS006169,RETAIL,AE,2024-06-30,VERIFIED
CUS006170,RETAIL,SG,2023-07-29,VERIFIED
CUS006171,SME,IN,2023-12-20,VERIFIED
CUS006172,RETAIL,SG,2024-03-12,VERIFIED
CUS006173,RETAIL,AE,2023-01-11,VERIFIED
CUS006174,RETAIL,IN,2021-08-03,VERIFIED
CUS006175,SME,IN,2022-07-02,PENDING
CUS006176,RETAIL,IN,2024-02-03,VERIFIED
CUS006177,RETAIL,IN,2021-10-01,VERIFIED
CUS006178,SME,SG,2021-06-22,PENDING
CUS006179,SME,IN,2022-02-07,VERIFIED
CUS006180,RETAIL,IN,2024-03-03,VERIFIED
CUS006181,RETAIL,IN,2024-05-12,VERIFIED
CUS006182,SME,IN,2021-04-13,VERIFIED
CUS006183,RETAIL,IN,2021-08-06,VERIFIED
CUS006184,SME,IN,2023-05-25,VERIFIED
CUS006185,RETAIL,IN,2023-04-03,VERIFIED
CUS006186,RETAIL,IN,2022-12-18,VERIFIED
CUS006187,SME,AE,2021-08-06,VERIFIED
CUS006188,RETAIL,AE,2023-11-10,VERIFIED
CUS006189,RETAIL,IN,2022-05-28,VERIFIED
CUS006190,RETAIL,IN,2021-05-28,VERIFIED
CUS006191,SME,IN,2023-11-09,VERIFIED
CUS006192,RETAIL,IN,2023-12-03,VERIFIED
CUS006193,RETAIL,IN,2024-06-27,VERIFIED
CUS006194,RETAIL,AE,2022-03-16,VERIFIED
CUS006195,RETAIL,SG,2023-12-17,VERIFIED
CUS006196,SME,IN,2024-12-04,VERIFIED
CUS006197,SME,AE,2023-01-29,VERIFIED
CUS006198,SME,IN,2022-11-11,VERIFIED
CUS006199,RETAIL,IN,2024-12-08,VERIFIED
CUS006200,RETAIL,IN,2022-02-28,VERIFIED
CUS006201,RETAIL,IN,2022-11-11,VERIFIED
CUS006202,RETAIL,AE,2023-03-14,VERIFIED
CUS006203,RETAIL,IN,2023-09-08,VERIFIED
CUS006204,RETAIL,SG,2022-07-16,VERIFIED
CUS006205,RETAIL,IN,2022-02-15,VERIFIED
CUS006206,RETAIL,AE,2022-01-22,VERIFIED
CUS006207,RETAIL,SG,2023-07-08,VERIFIED
CUS006208,RETAIL,IN,2023-02-01,VERIFIED
CUS006209,RETAIL,IN,2024-01-12,PENDING
CUS006210,RETAIL,AE,2024-03-02,VERIFIED
CUS006211,RETAIL,IN,2021-09-12,VERIFIED
CUS006212,SME,IN,2023-06-26,VERIFIED
CUS006213,RETAIL,AE,2023-12-16,VERIFIED
CUS006214,SME,IN,2022-03-15,VERIFIED
CUS006215,RETAIL,IN,2022-05-02,VERIFIED
CUS006216,SME,IN,2023-12-19,VERIFIED
CUS006217,RETAIL,IN,2024-05-02,VERIFIED
CUS006218,SME,IN,2022-08-01,VERIFIED
CUS006219,SME,IN,2021-06-26,VERIFIED
CUS006220,RETAIL,IN,2024-06-08,VERIFIED
CUS006221,RETAIL,IN,2024-02-01,PENDING
CUS006222,RETAIL,IN,2021-06-09,PENDING
CUS006223,RETAIL,AE,2022-03-13,VERIFIED
CUS006224,SME,IN,2022-09-10,VERIFIED
CUS006225,SME,IN,2023-09-19,VERIFIED
CUS006226,RETAIL,IN,2023-03-18,VERIFIED
CUS006227,RETAIL,SG,2024-04-12,VERIFIED
CUS006228,RETAIL,IN,2021-11-22,VERIFIED
CUS006229,RETAIL,IN,2023-01-30,VERIFIED
CUS006230,RETAIL,SG,2021-12-12,VERIFIED
CUS006231,RETAIL,IN,2021-08-22,VERIFIED
CUS006232,SME,SG,2024-08-18,VERIFIED
CUS006233,RETAIL,AE,2021-09-12,VERIFIED
CUS006234,SME,SG,2023-10-30,VERIFIED
CUS006235,RETAIL,IN,2023-10-01,VERIFIED
CUS006236,RETAIL,IN,2023-03-31,VERIFIED
CUS006237,RETAIL,IN,2023-11-12,VERIFIED
CUS006238,RETAIL,SG,2023-09-13,VERIFIED
CUS006239,RETAIL,AE,2022-05-07,VERIFIED
CUS006240,SME,AE,2023-10-15,VERIFIED
CUS006241,RETAIL,IN,2022-09-03,PENDING
CUS006242,RETAIL,AE,2023-08-27,PENDING
CUS006243,RETAIL,IN,2023-10-04,VERIFIED
CUS006244,RETAIL,SG,2024-06-17,VERIFIED
CUS006245,RETAIL,IN,2021-09-10,VERIFIED
CUS006246,RETAIL,IN,2024-07-18,VERIFIED
CUS006247,RETAIL,IN,2022-11-18,VERIFIED
CUS006248,SME,AE,2024-01-03,VERIFIED
CUS006249,RETAIL,IN,2021-03-20,VERIFIED
CUS006250,RETAIL,IN,2024-09-25,PENDING
CUS006251,RETAIL,IN,2023-05-16,VERIFIED
CUS006252,RETAIL,IN,2023-01-18,VERIFIED
CUS006253,RETAIL,AE,2021-03-22,VERIFIED
CUS006254,RETAIL,IN,2024-06-01,VERIFIED
CUS006255,SME,IN,2021-10-23,VERIFIED
CUS006256,RETAIL,SG,2024-09-29,VERIFIED
CUS006257,RETAIL,IN,2023-11-22,VERIFIED
CUS006258,RETAIL,IN,2021-10-17,VERIFIED
CUS006259,RETAIL,IN,2023-07-24,VERIFIED
CUS006260,SME,IN,2022-10-02,VERIFIED
CUS006261,RETAIL,IN,2023-07-03,VERIFIED
CUS006262,SME,IN,2021-07-24,VERIFIED
CUS006263,RETAIL,IN,2024-08-25,VERIFIED
CUS006264,RETAIL,SG,2021-03-27,VERIFIED
CUS006265,RETAIL,AE,2024-02-09,VERIFIED
CUS006266,RETAIL,AE,2022-09-24,PENDING
CUS006267,RETAIL,IN,2024-01-01,VERIFIED
CUS006268,SME,IN,2021-12-14,VERIFIED
CUS006269,RETAIL,AE,2022-04-21,VERIFIED
CUS006270,RETAIL,SG,2024-05-23,VERIFIED
CUS006271,RETAIL,IN,2024-01-23,VERIFIED
CUS006272,RETAIL,IN,2022-04-30,VERIFIED
CUS006273,RETAIL,IN,2023-01-29,PENDING
CUS006274,RETAIL,IN,2022-11-24,VERIFIED
CUS006275,RETAIL,IN,2023-08-07,VERIFIED
CUS006276,RETAIL,IN,2022-05-31,PENDING
CUS006277,RETAIL,AE,2021-06-11,VERIFIED
CUS006278,RETAIL,IN,2024-08-08,VERIFIED
CUS006279,RETAIL,IN,2022-05-07,VERIFIED
CUS006280,RETAIL,IN,2021-06-01,VERIFIED
CUS006281,RETAIL,SG,2024-02-26,VERIFIED
CUS006282,SME,SG,2023-05-28,VERIFIED
CUS006283,SME,IN,2022-10-31,VERIFIED
CUS006284,SME,IN,2022-01-11,VERIFIED
CUS006285,RETAIL,SG,2022-05-15,VERIFIED
CUS006286,RETAIL,AE,2021-03-17,VERIFIED
CUS006287,SME,IN,2022-11-14,VERIFIED
CUS006288,RETAIL,AE,2021-08-28,VERIFIED
CUS006289,RETAIL,IN,2023-01-05,VERIFIED
CUS006290,RETAIL,IN,2023-10-23,VERIFIED
CUS006291,RETAIL,IN,2022-06-03,VERIFIED
CUS006292,RETAIL,IN,2023-06-19,VERIFIED
CUS006293,RETAIL,IN,2022-06-26,VERIFIED
CUS006294,RETAIL,IN,2022-07-08,VERIFIED
CUS006295,SME,SG,2024-09-20,VERIFIED
CUS006296,SME,IN,2022-12-10,REJECTED
CUS006297,RETAIL,AE,2024-12-14,VERIFIED
CUS006298,SME,IN,2023-06-07,VERIFIED
CUS006299,RETAIL,IN,2022-06-27,VERIFIED
CUS006300,SME,AE,2022-07-02,VERIFIED
CUS006301,RETAIL,AE,2024-08-10,VERIFIED
CUS006302,SME,SG,2021-07-08,VERIFIED
CUS006303,SME,SG,2022-03-05,VERIFIED
CUS006304,RETAIL,IN,2023-10-26,VERIFIED
CUS006305,RETAIL,IN,2023-04-13,VERIFIED
CUS006306,RETAIL,IN,2024-07-06,VERIFIED
CUS006307,RETAIL,IN,2023-08-13,VERIFIED
CUS006308,RETAIL,IN,2022-05-31,VERIFIED
CUS006309,RETAIL,IN,2021-08-15,VERIFIED
CUS006310,RETAIL,AE,2022-09-29,VERIFIED
CUS006311,RETAIL,AE,2023-12-03,VERIFIED
CUS006312,SME,SG,2021-07-14,VERIFIED
CUS006313,RETAIL,SG,2022-12-01,VERIFIED
CUS006314,SME,IN,2022-02-27,VERIFIED
CUS006315,RETAIL,IN,2022-04-15,VERIFIED
CUS006316,RETAIL,SG,2023-06-26,VERIFIED
CUS006317,RETAIL,SG,2024-12-04,VERIFIED
CUS006318,SME,IN,2022-07-30,VERIFIED
CUS006319,RETAIL,IN,2021-08-02,VERIFIED
CUS006320,RETAIL,IN,2021-09-12,VERIFIED
CUS006321,RETAIL,IN,2021-09-16,VERIFIED
CUS006322,RETAIL,IN,2023-09-03,VERIFIED
CUS006323,RETAIL,IN,2021-07-14,VERIFIED
CUS006324,RETAIL,IN,2024-12-13,VERIFIED
CUS006325,RETAIL,AE,2023-10-16,VERIFIED
CUS006326,SME,IN,2022-08-09,VERIFIED
CUS006327,RETAIL,SG,2023-10-24,VERIFIED
CUS006328,RETAIL,SG,2024-11-26,VERIFIED
CUS006329,RETAIL,IN,2024-05-02,VERIFIED
CUS006330,SME,SG,2021-05-30,VERIFIED
CUS006331,RETAIL,IN,2023-05-13,VERIFIED
CUS006332,RETAIL,IN,2024-05-11,VERIFIED
CUS006333,RETAIL,IN,2022-08-18,VERIFIED
CUS006334,SME,AE,2023-07-28,PENDING
CUS006335,RETAIL,AE,2023-07-01,VERIFIED
CUS006336,SME,IN,2021-05-18,REJECTED
CUS006337,SME,IN,2022-12-04,VERIFIED
CUS006338,RETAIL,IN,2024-09-12,VERIFIED
CUS006339,RETAIL,SG,2021-05-24,VERIFIED
CUS006340,RETAIL,IN,2024-12-26,VERIFIED
CUS006341,RETAIL,IN,2022-05-16,VERIFIED
CUS006342,RETAIL,SG,2024-08-09,VERIFIED
CUS006343,RETAIL,IN,2023-12-18,VERIFIED
CUS006344,RETAIL,IN,2021-03-23,VERIFIED
CUS006345,RETAIL,IN,2024-05-10,VERIFIED
CUS006346,RETAIL,IN,2021-04-12,VERIFIED
CUS006347,RETAIL,IN,2023-11-19,VERIFIED
CUS006348,RETAIL,IN,2023-07-13,VERIFIED
CUS006349,RETAIL,IN,2021-05-30,VERIFIED
CUS006350,RETAIL,AE,2022-02-26,VERIFIED
CUS006351,SME,IN,2023-11-17,VERIFIED
CUS006352,RETAIL,AE,2022-03-08,VERIFIED
CUS006353,RETAIL,IN,2023-03-06,VERIFIED
CUS006354,SME,SG,2024-08-15,VERIFIED
CUS006355,RETAIL,IN,2024-01-15,VERIFIED
CUS006356,RETAIL,SG,2024-02-07,VERIFIED
CUS006357,RETAIL,IN,2023-03-10,VERIFIED
CUS006358,RETAIL,IN,2021-08-06,VERIFIED
CUS006359,RETAIL,IN,2022-10-28,VERIFIED
CUS006360,RETAIL,IN,2024-05-15,PENDING
CUS006361,RETAIL,AE,2022-09-04,VERIFIED
CUS006362,RETAIL,AE,2023-01-03,VERIFIED
CUS006363,RETAIL,SG,2023-07-09,VERIFIED
CUS006364,RETAIL,IN,2024-01-26,VERIFIED
CUS006365,SME,AE,2022-04-10,VERIFIED
CUS006366,RETAIL,SG,2022-11-13,VERIFIED
CUS006367,RETAIL,IN,2023-05-11,VERIFIED
CUS006368,RETAIL,IN,2024-04-01,VERIFIED
CUS006369,RETAIL,SG,2024-07-17,VERIFIED
CUS006370,RETAIL,IN,2024-03-05,VERIFIED
CUS006371,RETAIL,IN,2022-08-17,VERIFIED
CUS006372,RETAIL,SG,2024-10-28,VERIFIED
CUS006373,RETAIL,IN,2024-09-23,VERIFIED
CUS006374,RETAIL,IN,2021-03-17,VERIFIED
CUS006375,RETAIL,IN,2023-12-23,VERIFIED
CUS006376,RETAIL,SG,2024-07-27,VERIFIED
CUS006377,RETAIL,AE,2021-04-22,VERIFIED
CUS006378,SME,AE,2023-05-31,VERIFIED
CUS006379,RETAIL,SG,2024-12-31,VERIFIED
CUS006380,RETAIL,IN,2023-05-28,VERIFIED
CUS006381,RETAIL,IN,2024-12-04,VERIFIED
CUS006382,SME,IN,2023-11-03,VERIFIED
CUS006383,RETAIL,IN,2021-05-19,VERIFIED
CUS006384,SME,SG,2021-12-17,VERIFIED
CUS006385,RETAIL,SG,2023-05-27,VERIFIED
CUS006386,RETAIL,IN,2023-09-17,VERIFIED
CUS006387,RETAIL,AE,2022-10-07,VERIFIED
CUS006388,RETAIL,SG,2022-08-10,VERIFIED
CUS006389,RETAIL,IN,2022-02-04,VERIFIED
CUS006390,RETAIL,IN,2022-12-03,VERIFIED
CUS006391,RETAIL,IN,2024-09-15,REJECTED
CUS006392,SME,IN,2021-09-10,PENDING
CUS006393,RETAIL,IN,2023-09-19,VERIFIED
CUS006394,RETAIL,IN,2021-11-11,VERIFIED
CUS006395,RETAIL,IN,2021-11-23,REJECTED
CUS006396,RETAIL,IN,2024-03-02,VERIFIED
CUS006397,RETAIL,SG,2023-01-12,VERIFIED
CUS006398,RETAIL,SG,2022-02-16,VERIFIED
CUS006399,RETAIL,IN,2023-08-20,VERIFIED
CUS006400,RETAIL,IN,2021-12-19,VERIFIED
CUS006401,RETAIL,IN,2022-12-30,VERIFIED
CUS006402,RETAIL,IN,2021-06-25,VERIFIED
CUS006403,RETAIL,IN,2021-07-26,VERIFIED
CUS006404,RETAIL,IN,2021-04-24,VERIFIED
CUS006405,SME,IN,2024-02-28,VERIFIED
CUS006406,RETAIL,AE,2022-03-07,VERIFIED
CUS006407,RETAIL,IN,2022-02-14,VERIFIED
CUS006408,RETAIL,SG,2023-04-13,VERIFIED
CUS006409,RETAIL,IN,2024-05-11,VERIFIED
CUS006410,SME,IN,2023-11-18,VERIFIED
CUS006411,RETAIL,AE,2023-01-12,VERIFIED
CUS006412,SME,IN,2021-09-09,VERIFIED
CUS006413,RETAIL,SG,2021-06-29,VERIFIED
CUS006414,RETAIL,AE,2021-06-30,VERIFIED
CUS006415,RETAIL,IN,2021-05-18,VERIFIED
CUS006416,RETAIL,IN,2024-08-18,VERIFIED
CUS006417,RETAIL,IN,2021-03-10,PENDING
CUS006418,RETAIL,IN,2022-11-17,VERIFIED
CUS006419,SME,IN,2024-08-15,VERIFIED
CUS006420,RETAIL,IN,2024-07-05,VERIFIED
CUS006421,RETAIL,AE,2024-01-10,VERIFIED
CUS006422,RETAIL,SG,2024-01-15,VERIFIED
CUS006423,RETAIL,IN,2024-07-30,VERIFIED
CUS006424,RETAIL,IN,2023-07-15,VERIFIED
CUS006425,RETAIL,SG,2022-11-28,VERIFIED
CUS006426,RETAIL,AE,2023-10-24,VERIFIED
CUS006427,RETAIL,IN,2022-06-11,VERIFIED
CUS006428,SME,IN,2022-04-05,VERIFIED
CUS006429,RETAIL,AE,2023-06-22,VERIFIED
CUS006430,SME,AE,2024-09-13,VERIFIED
CUS006431,RETAIL,AE,2023-10-23,VERIFIED
CUS006432,RETAIL,IN,2022-08-26,VERIFIED
CUS006433,RETAIL,IN,2023-07-02,VERIFIED
CUS006434,RETAIL,IN,2022-10-11,VERIFIED
CUS006435,RETAIL,IN,2021-10-10,VERIFIED
CUS006436,RETAIL,AE,2021-12-26,PENDING
CUS006437,RETAIL,IN,2022-08-13,VERIFIED
CUS006438,RETAIL,SG,2024-08-19,VERIFIED
CUS006439,SME,AE,2022-02-21,VERIFIED
CUS006440,RETAIL,AE,2023-09-24,VERIFIED
CUS006441,RETAIL,SG,2023-05-31,VERIFIED
CUS006442,RETAIL,AE,2022-05-02,VERIFIED
CUS006443,RETAIL,IN,2021-10-24,VERIFIED
CUS006444,RETAIL,IN,2022-04-11,PENDING
CUS006445,RETAIL,IN,2023-11-07,VERIFIED
CUS006446,RETAIL,AE,2023-04-13,VERIFIED
CUS006447,RETAIL,AE,2023-08-13,VERIFIED
CUS006448,SME,IN,2023-03-27,VERIFIED
CUS006449,RETAIL,IN,2022-02-07,VERIFIED
CUS006450,SME,IN,2021-04-22,VERIFIED
CUS006451,RETAIL,IN,2023-07-04,VERIFIED
CUS006452,SME,AE,2023-10-03,VERIFIED
CUS006453,SME,IN,2021-08-14,VERIFIED
CUS006454,SME,SG,2024-06-05,VERIFIED
CUS006455,RETAIL,IN,2023-07-04,VERIFIED
CUS006456,RETAIL,IN,2021-05-09,VERIFIED
CUS006457,SME,IN,2021-08-16,VERIFIED
CUS006458,RETAIL,AE,2021-11-25,VERIFIED
CUS006459,RETAIL,IN,2021-08-06,VERIFIED
CUS006460,RETAIL,IN,2024-02-05,VERIFIED
CUS006461,RETAIL,IN,2024-10-12,VERIFIED
CUS006462,RETAIL,AE,2021-09-19,VERIFIED
CUS006463,RETAIL,SG,2023-02-13,VERIFIED
CUS006464,RETAIL,SG,2024-01-14,VERIFIED
CUS006465,RETAIL,IN,2023-03-05,VERIFIED
CUS006466,RETAIL,AE,2021-10-31,VERIFIED
CUS006467,RETAIL,IN,2023-02-13,VERIFIED
CUS006468,SME,SG,2022-08-06,VERIFIED
CUS006469,RETAIL,IN,2023-01-14,VERIFIED
CUS006470,RETAIL,IN,2023-02-26,VERIFIED
CUS006471,RETAIL,AE,2021-05-09,VERIFIED
CUS006472,RETAIL,AE,2021-06-12,VERIFIED
CUS006473,RETAIL,IN,2023-05-19,VERIFIED
CUS006474,RETAIL,IN,2021-11-25,VERIFIED
CUS006475,RETAIL,AE,2022-03-27,VERIFIED
CUS006476,RETAIL,AE,2024-07-04,VERIFIED
CUS006477,RETAIL,SG,2021-10-04,VERIFIED
CUS006478,SME,IN,2022-04-20,VERIFIED
CUS006479,RETAIL,IN,2021-09-21,VERIFIED
CUS006480,RETAIL,AE,2021-12-23,VERIFIED
CUS006481,RETAIL,SG,2021-06-03,PENDING
CUS006482,RETAIL,SG,2022-12-06,VERIFIED
CUS006483,RETAIL,SG,2024-10-08,VERIFIED
CUS006484,SME,IN,2023-12-12,VERIFIED
CUS006485,RETAIL,IN,2024-06-11,VERIFIED
CUS006486,RETAIL,SG,2024-02-08,VERIFIED
CUS006487,RETAIL,IN,2022-10-23,VERIFIED
CUS006488,RETAIL,SG,2021-04-09,VERIFIED
CUS006489,RETAIL,SG,2022-01-30,PENDING
CUS006490,RETAIL,AE,2023-05-01,VERIFIED
CUS006491,RETAIL,IN,2023-02-15,VERIFIED
CUS006492,RETAIL,SG,2023-01-06,VERIFIED
CUS006493,RETAIL,IN,2023-06-07,VERIFIED
CUS006494,RETAIL,IN,2022-09-17,VERIFIED
CUS006495,RETAIL,IN,2021-05-24,VERIFIED
CUS006496,RETAIL,IN,2024-08-14,VERIFIED
CUS006497,RETAIL,AE,2023-08-22,VERIFIED
CUS006498,RETAIL,AE,2024-09-10,VERIFIED
CUS006499,RETAIL,IN,2021-09-28,VERIFIED
CUS006500,RETAIL,AE,2024-03-30,VERIFIED
CUS006501,RETAIL,IN,2022-07-02,VERIFIED
CUS006502,SME,SG,2024-10-02,VERIFIED
CUS006503,RETAIL,AE,2023-03-06,VERIFIED
CUS006504,RETAIL,IN,2021-07-24,VERIFIED
CUS006505,RETAIL,IN,2021-05-09,VERIFIED
CUS006506,RETAIL,IN,2024-06-08,VERIFIED
CUS006507,RETAIL,IN,2022-06-21,VERIFIED
CUS006508,RETAIL,AE,2024-02-19,VERIFIED
CUS006509,RETAIL,IN,2022-03-17,VERIFIED
CUS006510,SME,IN,2022-12-11,VERIFIED
CUS006511,SME,IN,2021-12-11,VERIFIED
CUS006512,RETAIL,AE,2021-07-27,VERIFIED
CUS006513,RETAIL,IN,2023-08-25,VERIFIED
CUS006514,SME,SG,2024-10-25,VERIFIED
CUS006515,RETAIL,SG,2023-10-15,VERIFIED
CUS006516,SME,IN,2024-03-05,VERIFIED
CUS006517,RETAIL,IN,2024-07-11,VERIFIED
CUS006518,RETAIL,IN,2022-04-03,VERIFIED
CUS006519,RETAIL,IN,2021-07-18,VERIFIED
CUS006520,RETAIL,SG,2023-01-06,VERIFIED
CUS006521,SME,SG,2022-12-18,VERIFIED
CUS006522,RETAIL,IN,2022-09-22,VERIFIED
CUS006523,RETAIL,IN,2021-07-24,VERIFIED
CUS006524,RETAIL,IN,2024-12-09,VERIFIED
CUS006525,SME,IN,2022-12-26,VERIFIED
CUS006526,RETAIL,SG,2021-09-06,VERIFIED
CUS006527,RETAIL,SG,2024-05-19,VERIFIED
CUS006528,RETAIL,SG,2022-10-14,VERIFIED
CUS006529,RETAIL,IN,2024-12-22,VERIFIED
CUS006530,SME,IN,2021-10-21,VERIFIED
CUS006531,RETAIL,IN,2022-06-30,VERIFIED
CUS006532,RETAIL,AE,2021-04-23,VERIFIED
CUS006533,SME,SG,2023-11-09,VERIFIED
CUS006534,RETAIL,AE,2022-03-13,VERIFIED
CUS006535,RETAIL,IN,2022-01-20,VERIFIED
CUS006536,SME,IN,2024-11-19,VERIFIED
CUS006537,RETAIL,SG,2022-02-03,VERIFIED
CUS006538,SME,IN,2022-04-11,VERIFIED
CUS006539,RETAIL,SG,2022-08-26,VERIFIED
CUS006540,RETAIL,IN,2022-11-05,VERIFIED
CUS006541,RETAIL,AE,2021-12-08,VERIFIED
CUS006542,RETAIL,IN,2024-08-10,VERIFIED
CUS006543,RETAIL,AE,2023-07-02,VERIFIED
CUS006544,RETAIL,IN,2023-12-20,VERIFIED
CUS006545,RETAIL,IN,2021-10-06,VERIFIED
CUS006546,RETAIL,IN,2024-05-10,VERIFIED
CUS006547,RETAIL,IN,2024-10-09,VERIFIED
CUS006548,RETAIL,AE,2021-06-17,VERIFIED
CUS006549,RETAIL,AE,2023-06-27,VERIFIED
CUS006550,RETAIL,AE,2021-12-15,VERIFIED
CUS006551,RETAIL,AE,2024-02-10,VERIFIED
CUS006552,RETAIL,SG,2022-04-26,VERIFIED
CUS006553,RETAIL,IN,2021-06-16,VERIFIED
CUS006554,RETAIL,AE,2022-01-29,VERIFIED
CUS006555,RETAIL,IN,2023-11-16,PENDING
CUS006556,SME,AE,2022-09-13,VERIFIED
CUS006557,RETAIL,IN,2021-10-25,REJECTED
CUS006558,SME,SG,2021-09-22,VERIFIED
CUS006559,RETAIL,IN,2023-11-09,VERIFIED
CUS006560,RETAIL,IN,2024-02-16,VERIFIED
CUS006561,RETAIL,IN,2023-05-06,VERIFIED
CUS006562,RETAIL,IN,2024-01-17,VERIFIED
CUS006563,RETAIL,IN,2022-03-30,VERIFIED
CUS006564,RETAIL,IN,2022-09-26,VERIFIED
CUS006565,RETAIL,IN,2023-03-02,VERIFIED
CUS006566,RETAIL,IN,2021-11-24,VERIFIED
CUS006567,RETAIL,IN,2024-03-08,VERIFIED
CUS006568,RETAIL,AE,2021-10-19,VERIFIED
CUS006569,RETAIL,IN,2022-11-04,VERIFIED
CUS006570,SME,IN,2021-04-06,VERIFIED
CUS006571,RETAIL,IN,2022-09-15,VERIFIED
CUS006572,RETAIL,IN,2022-01-30,VERIFIED
CUS006573,RETAIL,IN,2024-04-11,VERIFIED
CUS006574,RETAIL,SG,2024-02-11,VERIFIED
CUS006575,RETAIL,IN,2022-11-15,VERIFIED
CUS006576,SME,IN,2024-02-14,VERIFIED
CUS006577,RETAIL,IN,2024-11-01,VERIFIED
CUS006578,RETAIL,IN,2023-04-19,VERIFIED
CUS006579,RETAIL,IN,2023-12-30,VERIFIED
CUS006580,RETAIL,SG,2022-07-06,VERIFIED
CUS006581,RETAIL,IN,2022-10-17,VERIFIED
CUS006582,SME,SG,2023-01-14,VERIFIED
CUS006583,RETAIL,IN,2021-10-26,VERIFIED
CUS006584,RETAIL,IN,2024-09-29,VERIFIED
CUS006585,RETAIL,IN,2021-12-31,PENDING
CUS006586,RETAIL,IN,2023-02-27,VERIFIED
CUS006587,RETAIL,IN,2022-05-02,VERIFIED
CUS006588,RETAIL,AE,2021-11-15,VERIFIED
CUS006589,RETAIL,SG,2023-11-06,VERIFIED
CUS006590,RETAIL,IN,2024-01-31,VERIFIED
CUS006591,RETAIL,IN,2022-02-12,VERIFIED
CUS006592,RETAIL,AE,2022-07-27,VERIFIED
CUS006593,RETAIL,IN,2024-04-16,VERIFIED
CUS006594,RETAIL,IN,2023-12-21,VERIFIED
CUS006595,SME,AE,2021-09-24,VERIFIED
CUS006596,RETAIL,IN,2022-11-16,REJECTED
CUS006597,RETAIL,IN,2021-07-06,VERIFIED
CUS006598,SME,IN,2022-04-26,VERIFIED
CUS006599,RETAIL,IN,2024-03-19,VERIFIED
CUS006600,RETAIL,IN,2024-03-17,VERIFIED
CUS006601,RETAIL,SG,2021-04-21,VERIFIED
CUS006602,SME,IN,2022-03-03,PENDING
CUS006603,RETAIL,IN,2022-09-22,VERIFIED
CUS006604,RETAIL,IN,2022-05-30,VERIFIED
CUS006605,SME,SG,2023-06-01,PENDING
CUS006606,RETAIL,IN,2023-10-22,VERIFIED
CUS006607,RETAIL,SG,2021-11-05,VERIFIED
CUS006608,RETAIL,IN,2021-07-29,VERIFIED
CUS006609,RETAIL,IN,2021-07-13,VERIFIED
CUS006610,RETAIL,IN,2022-01-05,VERIFIED
CUS006611,RETAIL,IN,2021-08-30,VERIFIED
CUS006612,RETAIL,IN,2023-01-03,VERIFIED
CUS006613,SME,SG,2023-10-24,VERIFIED
CUS006614,RETAIL,AE,2024-09-08,VERIFIED
CUS006615,SME,SG,2023-10-27,VERIFIED
CUS006616,RETAIL,IN,2023-04-26,VERIFIED
CUS006617,RETAIL,IN,2024-09-06,VERIFIED
CUS006618,RETAIL,SG,2023-09-28,VERIFIED
CUS006619,RETAIL,IN,2021-06-11,VERIFIED
CUS006620,RETAIL,SG,2023-12-31,VERIFIED
CUS006621,SME,AE,2023-07-01,VERIFIED
CUS006622,RETAIL,IN,2022-07-15,VERIFIED
CUS006623,RETAIL,AE,2021-08-12,VERIFIED
CUS006624,RETAIL,AE,2021-06-21,VERIFIED
CUS006625,RETAIL,IN,2021-11-21,PENDING
CUS006626,RETAIL,AE,2024-06-10,VERIFIED
CUS006627,RETAIL,IN,2024-07-29,VERIFIED
CUS006628,SME,IN,2022-02-28,VERIFIED
CUS006629,RETAIL,IN,2021-08-11,VERIFIED
CUS006630,RETAIL,IN,2022-08-15,VERIFIED
CUS006631,RETAIL,IN,2021-07-01,VERIFIED
CUS006632,SME,AE,2022-06-13,VERIFIED
CUS006633,SME,IN,2023-08-29,VERIFIED
CUS006634,RETAIL,IN,2021-10-06,VERIFIED
CUS006635,RETAIL,SG,2022-02-06,REJECTED
CUS006636,RETAIL,IN,2023-07-26,VERIFIED
CUS006637,SME,SG,2022-09-29,VERIFIED
CUS006638,SME,IN,2022-10-13,VERIFIED
CUS006639,RETAIL,AE,2024-08-16,VERIFIED
CUS006640,RETAIL,SG,2023-12-11,VERIFIED
CUS006641,RETAIL,IN,2024-02-18,VERIFIED
CUS006642,RETAIL,IN,2023-12-01,PENDING
CUS006643,RETAIL,IN,2022-12-28,PENDING
CUS006644,RETAIL,AE,2023-01-14,VERIFIED
CUS006645,RETAIL,SG,2021-09-18,VERIFIED
CUS006646,RETAIL,IN,2024-12-22,VERIFIED
CUS006647,RETAIL,IN,2021-11-04,VERIFIED
CUS006648,RETAIL,AE,2024-01-20,VERIFIED
CUS006649,RETAIL,IN,2023-08-29,VERIFIED
CUS006650,RETAIL,SG,2024-06-03,VERIFIED
CUS006651,RETAIL,SG,2024-12-14,VERIFIED
CUS006652,RETAIL,IN,2024-07-18,VERIFIED
CUS006653,SME,IN,2024-02-22,VERIFIED
CUS006654,RETAIL,IN,2023-07-13,VERIFIED
CUS006655,RETAIL,IN,2023-10-23,VERIFIED
CUS006656,RETAIL,AE,2024-08-08,VERIFIED
CUS006657,RETAIL,SG,2023-09-16,VERIFIED
CUS006658,RETAIL,AE,2024-05-30,VERIFIED
CUS006659,RETAIL,IN,2022-05-20,VERIFIED
CUS006660,RETAIL,IN,2022-06-10,VERIFIED
CUS006661,RETAIL,SG,2024-10-06,VERIFIED
CUS006662,SME,IN,2022-07-05,VERIFIED
CUS006663,RETAIL,IN,2021-07-10,VERIFIED
CUS006664,RETAIL,IN,2021-05-19,VERIFIED
CUS006665,RETAIL,SG,2024-10-14,VERIFIED
CUS006666,RETAIL,SG,2021-06-23,VERIFIED
CUS006667,SME,IN,2023-06-12,VERIFIED
CUS006668,RETAIL,AE,2021-08-27,VERIFIED
CUS006669,RETAIL,IN,2024-03-22,VERIFIED
CUS006670,RETAIL,IN,2022-05-10,VERIFIED
CUS006671,RETAIL,IN,2021-12-05,VERIFIED
CUS006672,RETAIL,SG,2023-12-25,VERIFIED
CUS006673,RETAIL,IN,2022-03-06,VERIFIED
CUS006674,SME,IN,2024-04-27,VERIFIED
CUS006675,RETAIL,IN,2022-04-14,PENDING
CUS006676,RETAIL,SG,2021-05-13,VERIFIED
CUS006677,SME,SG,2023-11-10,VERIFIED
CUS006678,SME,IN,2021-04-29,VERIFIED
CUS006679,RETAIL,AE,2022-06-12,VERIFIED
CUS006680,RETAIL,IN,2023-01-26,PENDING
CUS006681,SME,IN,2023-10-01,VERIFIED
CUS006682,RETAIL,IN,2022-11-26,VERIFIED
CUS006683,RETAIL,SG,2021-03-26,VERIFIED
CUS006684,RETAIL,IN,2024-12-25,VERIFIED
CUS006685,SME,IN,2021-09-07,PENDING
CUS006686,RETAIL,IN,2024-06-07,VERIFIED
CUS006687,RETAIL,IN,2021-08-24,VERIFIED
CUS006688,RETAIL,SG,2022-11-29,VERIFIED
CUS006689,RETAIL,AE,2021-07-23,VERIFIED
CUS006690,RETAIL,IN,2024-04-22,VERIFIED
CUS006691,RETAIL,SG,2024-10-27,VERIFIED
CUS006692,RETAIL,IN,2023-03-03,VERIFIED
CUS006693,RETAIL,IN,2022-01-08,VERIFIED
CUS006694,SME,IN,2021-12-16,VERIFIED
CUS006695,RETAIL,AE,2022-01-27,VERIFIED
CUS006696,RETAIL,IN,2021-12-07,VERIFIED
CUS006697,RETAIL,SG,2022-01-12,VERIFIED
CUS006698,RETAIL,IN,2021-09-13,VERIFIED
CUS006699,RETAIL,SG,2024-05-08,VERIFIED
CUS006700,RETAIL,IN,2024-02-07,VERIFIED
CUS006701,SME,AE,2024-12-28,VERIFIED
CUS006702,RETAIL,SG,2023-05-08,VERIFIED
CUS006703,RETAIL,IN,2023-12-30,VERIFIED
CUS006704,RETAIL,SG,2022-08-08,VERIFIED
CUS006705,SME,IN,2022-11-20,VERIFIED
CUS006706,RETAIL,IN,2022-10-11,VERIFIED
CUS006707,SME,IN,2022-06-24,VERIFIED
CUS006708,RETAIL,SG,2021-03-05,VERIFIED
CUS006709,RETAIL,SG,2024-08-05,VERIFIED
CUS006710,RETAIL,IN,2023-12-12,VERIFIED
CUS006711,RETAIL,AE,2023-05-28,VERIFIED
CUS006712,SME,IN,2024-09-24,VERIFIED
CUS006713,RETAIL,IN,2021-11-13,VERIFIED
CUS006714,RETAIL,IN,2023-07-08,VERIFIED
CUS006715,RETAIL,IN,2024-05-13,VERIFIED
CUS006716,RETAIL,IN,2023-01-07,VERIFIED
CUS006717,RETAIL,IN,2024-04-08,VERIFIED
CUS006718,RETAIL,IN,2023-07-09,VERIFIED
CUS006719,SME,IN,2022-07-14,VERIFIED
CUS006720,RETAIL,SG,2023-10-12,VERIFIED
CUS006721,RETAIL,IN,2021-10-24,VERIFIED
CUS006722,RETAIL,AE,2024-01-07,VERIFIED
CUS006723,RETAIL,IN,2024-07-25,VERIFIED
CUS006724,RETAIL,IN,2023-05-14,VERIFIED
CUS006725,RETAIL,IN,2024-04-09,VERIFIED
CUS006726,RETAIL,SG,2022-05-13,VERIFIED
CUS006727,RETAIL,IN,2022-12-30,VERIFIED
CUS006728,SME,IN,2024-06-07,VERIFIED
CUS006729,RETAIL,AE,2023-09-18,VERIFIED
CUS006730,RETAIL,SG,2021-09-08,VERIFIED
CUS006731,SME,IN,2021-11-12,PENDING
CUS006732,SME,IN,2022-07-19,VERIFIED
CUS006733,SME,IN,2021-07-17,VERIFIED
CUS006734,RETAIL,IN,2024-08-04,VERIFIED
CUS006735,RETAIL,SG,2022-03-14,PENDING
CUS006736,RETAIL,IN,2024-11-30,VERIFIED
CUS006737,RETAIL,IN,2022-09-15,VERIFIED
CUS006738,RETAIL,IN,2024-10-22,VERIFIED
CUS006739,RETAIL,IN,2023-09-11,VERIFIED
CUS006740,RETAIL,SG,2024-08-28,VERIFIED
CUS006741,SME,IN,2024-01-12,VERIFIED
CUS006742,RETAIL,IN,2022-07-16,VERIFIED
CUS006743,SME,IN,2022-01-03,VERIFIED
CUS006744,SME,IN,2021-05-25,VERIFIED
CUS006745,RETAIL,IN,2021-03-20,VERIFIED
CUS006746,SME,IN,2024-06-29,VERIFIED
CUS006747,RETAIL,SG,2021-06-24,REJECTED
CUS006748,RETAIL,SG,2023-11-30,VERIFIED
CUS006749,SME,AE,2021-08-12,VERIFIED
CUS006750,RETAIL,AE,2021-09-07,REJECTED
CUS006751,RETAIL,IN,2021-06-25,VERIFIED
CUS006752,SME,IN,2023-01-25,VERIFIED
CUS006753,RETAIL,IN,2022-02-16,VERIFIED
CUS006754,RETAIL,SG,2023-05-15,VERIFIED
CUS006755,RETAIL,IN,2024-09-14,VERIFIED
CUS006756,RETAIL,IN,2023-03-11,VERIFIED
CUS006757,RETAIL,IN,2024-03-26,PENDING
CUS006758,RETAIL,IN,2024-08-13,VERIFIED
CUS006759,SME,SG,2024-06-28,VERIFIED
CUS006760,RETAIL,SG,2024-02-29,VERIFIED
CUS006761,RETAIL,IN,2021-12-13,VERIFIED
CUS006762,RETAIL,AE,2021-04-26,VERIFIED
CUS006763,RETAIL,IN,2021-09-29,VERIFIED
CUS006764,RETAIL,IN,2022-07-16,VERIFIED
CUS006765,RETAIL,IN,2021-08-15,VERIFIED
CUS006766,RETAIL,SG,2023-11-28,VERIFIED
CUS006767,RETAIL,IN,2021-07-10,VERIFIED
CUS006768,RETAIL,IN,2021-05-17,VERIFIED
CUS006769,RETAIL,AE,2024-06-07,VERIFIED
CUS006770,RETAIL,IN,2023-06-25,VERIFIED
CUS006771,RETAIL,IN,2023-12-06,VERIFIED
CUS006772,RETAIL,SG,2024-06-18,VERIFIED
CUS006773,RETAIL,AE,2024-05-05,VERIFIED
CUS006774,SME,SG,2021-04-21,VERIFIED
CUS006775,RETAIL,AE,2024-04-22,VERIFIED
CUS006776,RETAIL,IN,2022-06-14,VERIFIED
CUS006777,RETAIL,IN,2021-08-29,VERIFIED
CUS006778,RETAIL,SG,2022-02-13,VERIFIED
CUS006779,RETAIL,IN,2023-04-08,VERIFIED
CUS006780,RETAIL,IN,2024-12-01,VERIFIED
CUS006781,RETAIL,AE,2023-05-27,VERIFIED
CUS006782,RETAIL,IN,2023-12-02,VERIFIED
CUS006783,RETAIL,IN,2021-09-09,VERIFIED
CUS006784,SME,AE,2021-05-19,VERIFIED
CUS006785,RETAIL,AE,2024-02-11,REJECTED
CUS006786,RETAIL,AE,2024-05-29,VERIFIED
CUS006787,SME,AE,2021-11-10,VERIFIED
CUS006788,RETAIL,IN,2021-08-28,VERIFIED
CUS006789,RETAIL,AE,2021-03-27,VERIFIED
CUS006790,RETAIL,IN,2022-01-19,VERIFIED
CUS006791,SME,SG,2023-03-25,VERIFIED
CUS006792,RETAIL,IN,2023-07-22,VERIFIED
CUS006793,SME,SG,2024-10-10,PENDING
CUS006794,RETAIL,IN,2021-08-09,VERIFIED
CUS006795,RETAIL,AE,2021-03-13,VERIFIED
CUS006796,RETAIL,IN,2021-06-20,VERIFIED
CUS006797,RETAIL,IN,2022-10-21,VERIFIED
CUS006798,RETAIL,IN,2021-09-06,VERIFIED
CUS006799,RETAIL,IN,2024-12-29,VERIFIED
CUS006800,RETAIL,SG,2023-06-11,VERIFIED
CUS006801,RETAIL,IN,2024-08-04,VERIFIED
CUS006802,RETAIL,IN,2022-10-03,REJECTED
CUS006803,RETAIL,IN,2024-12-29,VERIFIED
CUS006804,RETAIL,IN,2023-10-31,VERIFIED
CUS006805,RETAIL,SG,2023-05-25,VERIFIED
CUS006806,RETAIL,IN,2024-07-04,VERIFIED
CUS006807,RETAIL,IN,2024-09-03,VERIFIED
CUS006808,RETAIL,IN,2021-07-19,VERIFIED
CUS006809,RETAIL,IN,2023-12-17,VERIFIED
CUS006810,RETAIL,SG,2021-03-30,VERIFIED
CUS006811,RETAIL,IN,2023-08-02,VERIFIED
CUS006812,RETAIL,IN,2024-10-11,VERIFIED
CUS006813,RETAIL,SG,2024-08-10,VERIFIED
CUS006814,RETAIL,IN,2022-05-15,VERIFIED
CUS006815,RETAIL,IN,2024-12-15,VERIFIED
CUS006816,RETAIL,IN,2021-05-14,VERIFIED
CUS006817,RETAIL,AE,2024-01-10,VERIFIED
CUS006818,RETAIL,IN,2022-09-03,VERIFIED
CUS006819,RETAIL,IN,2023-04-21,VERIFIED
CUS006820,SME,AE,2024-10-28,VERIFIED
CUS006821,SME,SG,2022-04-23,VERIFIED
CUS006822,SME,IN,2024-12-12,VERIFIED
CUS006823,SME,AE,2021-12-13,VERIFIED
CUS006824,SME,IN,2023-01-27,VERIFIED
CUS006825,RETAIL,AE,2023-11-05,VERIFIED
CUS006826,RETAIL,SG,2021-05-27,VERIFIED
CUS006827,RETAIL,IN,2024-03-23,VERIFIED
CUS006828,RETAIL,IN,2023-12-08,VERIFIED
CUS006829,RETAIL,IN,2022-07-12,VERIFIED
CUS006830,SME,AE,2023-08-30,VERIFIED
CUS006831,RETAIL,IN,2023-02-20,VERIFIED
CUS006832,RETAIL,IN,2021-12-14,VERIFIED
CUS006833,RETAIL,SG,2021-07-03,VERIFIED
CUS006834,RETAIL,SG,2021-12-06,PENDING
CUS006835,RETAIL,IN,2024-09-11,VERIFIED
CUS006836,RETAIL,SG,2021-05-21,VERIFIED
CUS006837,RETAIL,IN,2023-05-23,PENDING
CUS006838,RETAIL,AE,2021-10-15,VERIFIED
CUS006839,RETAIL,IN,2023-11-28,VERIFIED
CUS006840,RETAIL,IN,2022-09-23,VERIFIED
CUS006841,RETAIL,SG,2021-04-22,VERIFIED
CUS006842,RETAIL,IN,2021-05-28,VERIFIED
CUS006843,RETAIL,IN,2022-07-01,VERIFIED
CUS006844,RETAIL,IN,2022-08-25,VERIFIED
CUS006845,SME,SG,2024-11-21,VERIFIED
CUS006846,RETAIL,AE,2022-09-12,VERIFIED
CUS006847,RETAIL,AE,2023-05-24,VERIFIED
CUS006848,RETAIL,AE,2024-12-11,VERIFIED
CUS006849,RETAIL,AE,2021-05-19,VERIFIED
CUS006850,RETAIL,IN,2023-04-05,VERIFIED
CUS006851,SME,IN,2022-01-20,VERIFIED
CUS006852,RETAIL,AE,2024-11-02,VERIFIED
CUS006853,RETAIL,AE,2024-01-24,VERIFIED
CUS006854,RETAIL,AE,2021-07-23,VERIFIED
CUS006855,SME,SG,2021-05-31,VERIFIED
CUS006856,SME,IN,2024-12-18,VERIFIED
CUS006857,RETAIL,AE,2021-08-01,VERIFIED
CUS006858,RETAIL,AE,2023-10-30,VERIFIED
CUS006859,RETAIL,SG,2024-03-05,VERIFIED
CUS006860,RETAIL,AE,2021-03-10,VERIFIED
CUS006861,RETAIL,IN,2022-12-15,VERIFIED
CUS006862,RETAIL,AE,2021-12-15,VERIFIED
CUS006863,SME,IN,2024-06-23,VERIFIED
CUS006864,RETAIL,AE,2022-02-06,PENDING
CUS006865,SME,IN,2023-08-08,VERIFIED
CUS006866,RETAIL,IN,2022-04-09,VERIFIED
CUS006867,RETAIL,IN,2022-06-29,VERIFIED
CUS006868,SME,IN,2024-10-22,VERIFIED
CUS006869,RETAIL,IN,2021-08-26,VERIFIED
CUS006870,RETAIL,AE,2023-11-25,VERIFIED
CUS006871,SME,IN,2023-08-10,VERIFIED
CUS006872,RETAIL,AE,2021-12-11,VERIFIED
CUS006873,RETAIL,IN,2021-08-23,PENDING
CUS006874,RETAIL,IN,2021-07-28,VERIFIED
CUS006875,RETAIL,SG,2023-04-06,VERIFIED
CUS006876,SME,SG,2023-08-30,VERIFIED
CUS006877,SME,IN,2021-11-11,VERIFIED
CUS006878,RETAIL,SG,2024-01-04,VERIFIED
CUS006879,RETAIL,AE,2022-07-16,PENDING
CUS006880,SME,IN,2024-02-06,VERIFIED
CUS006881,RETAIL,AE,2024-03-13,VERIFIED
CUS006882,RETAIL,SG,2022-11-26,VERIFIED
CUS006883,SME,SG,2021-09-09,VERIFIED
CUS006884,RETAIL,IN,2023-11-20,VERIFIED
CUS006885,RETAIL,IN,2022-03-22,VERIFIED
CUS006886,RETAIL,IN,2024-12-03,VERIFIED
CUS006887,RETAIL,SG,2022-04-30,VERIFIED
CUS006888,RETAIL,SG,2023-07-04,VERIFIED
CUS006889,RETAIL,IN,2024-09-19,VERIFIED
CUS006890,RETAIL,SG,2022-11-18,VERIFIED
CUS006891,SME,IN,2024-02-02,VERIFIED
CUS006892,RETAIL,IN,2022-07-29,VERIFIED
CUS006893,RETAIL,AE,2024-11-02,VERIFIED
CUS006894,RETAIL,IN,2023-09-09,VERIFIED
CUS006895,RETAIL,IN,2024-02-06,VERIFIED
CUS006896,RETAIL,IN,2023-10-20,VERIFIED
CUS006897,RETAIL,IN,2024-12-22,VERIFIED
CUS006898,RETAIL,SG,2023-12-01,VERIFIED
CUS006899,RETAIL,AE,2024-08-30,VERIFIED
CUS006900,RETAIL,IN,2022-08-13,VERIFIED
CUS006901,SME,IN,2023-03-30,VERIFIED
CUS006902,SME,IN,2023-12-01,VERIFIED
CUS006903,RETAIL,IN,2022-08-22,REJECTED
CUS006904,RETAIL,IN,2021-06-28,VERIFIED
CUS006905,RETAIL,IN,2022-12-05,VERIFIED
CUS006906,RETAIL,AE,2023-12-04,VERIFIED
CUS006907,SME,IN,2023-06-17,VERIFIED
CUS006908,RETAIL,IN,2021-12-21,VERIFIED
CUS006909,RETAIL,IN,2024-08-15,VERIFIED
CUS006910,RETAIL,AE,2023-10-12,VERIFIED
CUS006911,RETAIL,IN,2023-03-16,VERIFIED
CUS006912,RETAIL,IN,2022-07-28,VERIFIED
CUS006913,RETAIL,AE,2022-10-17,VERIFIED
CUS006914,SME,IN,2022-04-29,VERIFIED
CUS006915,RETAIL,AE,2021-05-27,VERIFIED
CUS006916,SME,IN,2024-05-02,VERIFIED
CUS006917,RETAIL,SG,2023-03-02,VERIFIED
CUS006918,RETAIL,AE,2023-07-20,PENDING
CUS006919,SME,IN,2024-08-31,VERIFIED
CUS006920,RETAIL,SG,2024-07-07,VERIFIED
CUS006921,RETAIL,IN,2022-08-05,VERIFIED
CUS006922,SME,SG,2023-01-18,VERIFIED
CUS006923,RETAIL,AE,2023-11-18,VERIFIED
CUS006924,SME,SG,2021-07-08,VERIFIED
CUS006925,RETAIL,AE,2023-10-24,VERIFIED
CUS006926,RETAIL,IN,2022-09-20,VERIFIED
CUS006927,RETAIL,IN,2021-03-20,VERIFIED
CUS006928,RETAIL,IN,2022-04-25,VERIFIED
CUS006929,RETAIL,SG,2022-03-19,VERIFIED
CUS006930,SME,AE,2023-12-02,VERIFIED
CUS006931,RETAIL,SG,2021-07-01,VERIFIED
CUS006932,RETAIL,IN,2023-03-18,VERIFIED
CUS006933,SME,IN,2023-11-06,VERIFIED
CUS006934,RETAIL,SG,2022-03-01,VERIFIED
CUS006935,RETAIL,AE,2022-12-21,VERIFIED
CUS006936,RETAIL,IN,2024-07-02,VERIFIED
CUS006937,RETAIL,IN,2024-12-05,VERIFIED
CUS006938,RETAIL,IN,2024-07-15,VERIFIED
CUS006939,RETAIL,IN,2024-05-23,VERIFIED
CUS006940,RETAIL,AE,2024-02-22,VERIFIED
CUS006941,RETAIL,IN,2023-09-06,VERIFIED
CUS006942,SME,IN,2024-02-05,VERIFIED
CUS006943,RETAIL,IN,2021-07-17,VERIFIED
CUS006944,RETAIL,IN,2021-04-25,VERIFIED
CUS006945,RETAIL,AE,2021-04-11,VERIFIED
CUS006946,SME,IN,2024-05-24,VERIFIED
CUS006947,SME,IN,2022-12-16,VERIFIED
CUS006948,SME,IN,2024-08-07,VERIFIED
CUS006949,RETAIL,AE,2022-04-15,VERIFIED
CUS006950,RETAIL,AE,2024-06-23,VERIFIED
CUS006951,RETAIL,IN,2023-11-23,VERIFIED
CUS006952,RETAIL,IN,2024-03-23,VERIFIED
CUS006953,RETAIL,IN,2023-02-28,VERIFIED
CUS006954,RETAIL,IN,2023-08-04,VERIFIED
CUS006955,RETAIL,IN,2022-12-07,VERIFIED
CUS006956,RETAIL,SG,2024-03-31,VERIFIED
CUS006957,SME,AE,2023-01-21,VERIFIED
CUS006958,RETAIL,IN,2024-09-01,VERIFIED
CUS006959,RETAIL,IN,2024-11-05,VERIFIED
CUS006960,RETAIL,IN,2024-06-24,VERIFIED
CUS006961,RETAIL,IN,2023-12-25,VERIFIED
CUS006962,RETAIL,IN,2021-12-23,VERIFIED
CUS006963,RETAIL,IN,2023-09-27,VERIFIED
CUS006964,RETAIL,AE,2023-01-04,VERIFIED
CUS006965,RETAIL,IN,2022-05-28,VERIFIED
CUS006966,SME,AE,2022-02-22,VERIFIED
CUS006967,SME,IN,2022-10-07,VERIFIED
CUS006968,RETAIL,IN,2024-04-29,VERIFIED
CUS006969,RETAIL,IN,2022-06-18,VERIFIED
CUS006970,RETAIL,AE,2023-11-01,VERIFIED
CUS006971,RETAIL,IN,2022-09-27,VERIFIED
CUS006972,RETAIL,IN,2021-03-28,VERIFIED
CUS006973,RETAIL,SG,2024-09-22,VERIFIED
CUS006974,RETAIL,SG,2024-09-04,VERIFIED
CUS006975,RETAIL,SG,2024-01-18,VERIFIED
CUS006976,RETAIL,IN,2023-04-28,VERIFIED
CUS006977,RETAIL,IN,2023-03-03,VERIFIED
CUS006978,RETAIL,AE,2023-11-14,VERIFIED
CUS006979,RETAIL,IN,2021-07-20,VERIFIED
CUS006980,RETAIL,IN,2024-12-22,VERIFIED
CUS006981,RETAIL,IN,2022-12-01,VERIFIED
CUS006982,RETAIL,IN,2022-11-20,VERIFIED
CUS006983,RETAIL,AE,2022-01-20,VERIFIED
CUS006984,RETAIL,SG,2022-11-23,VERIFIED
CUS006985,RETAIL,IN,2024-06-26,VERIFIED
CUS006986,SME,AE,2023-10-11,VERIFIED
CUS006987,SME,IN,2024-05-05,REJECTED
CUS006988,RETAIL,IN,2023-03-12,VERIFIED
CUS006989,RETAIL,IN,2021-07-01,VERIFIED
CUS006990,RETAIL,SG,2023-07-03,VERIFIED
CUS006991,SME,IN,2023-08-10,VERIFIED
CUS006992,RETAIL,IN,2023-03-24,VERIFIED
CUS006993,RETAIL,SG,2024-05-14,VERIFIED
CUS006994,RETAIL,IN,2021-10-02,VERIFIED
CUS006995,RETAIL,AE,2022-06-15,VERIFIED
CUS006996,RETAIL,IN,2022-04-08,VERIFIED
CUS006997,RETAIL,IN,2023-08-31,PENDING
CUS006998,RETAIL,SG,2023-12-06,VERIFIED
CUS006999,RETAIL,IN,2023-03-10,VERIFIED
CUS007000,RETAIL,IN,2024-02-01,VERIFIED
CUS007001,SME,SG,2024-12-03,VERIFIED
CUS007002,RETAIL,AE,2022-03-23,VERIFIED
CUS007003,RETAIL,SG,2021-09-16,VERIFIED
CUS007004,RETAIL,SG,2024-02-22,VERIFIED
CUS007005,RETAIL,IN,2022-08-08,VERIFIED
CUS007006,RETAIL,IN,2021-07-11,PENDING
CUS007007,RETAIL,IN,2022-03-02,VERIFIED
CUS007008,RETAIL,IN,2021-10-24,VERIFIED
CUS007009,RETAIL,SG,2021-08-02,VERIFIED
CUS007010,RETAIL,IN,2024-01-14,VERIFIED
CUS007011,RETAIL,IN,2024-09-21,VERIFIED
CUS007012,RETAIL,IN,2021-12-06,VERIFIED
CUS007013,RETAIL,IN,2021-12-21,VERIFIED
CUS007014,RETAIL,IN,2024-04-09,VERIFIED
CUS007015,SME,IN,2021-07-16,VERIFIED
CUS007016,RETAIL,IN,2024-11-28,VERIFIED
CUS007017,RETAIL,IN,2023-07-24,VERIFIED
CUS007018,RETAIL,IN,2021-04-27,REJECTED
CUS007019,RETAIL,SG,2023-08-27,VERIFIED
CUS007020,RETAIL,IN,2022-02-01,VERIFIED
CUS007021,RETAIL,IN,2024-11-09,VERIFIED
CUS007022,SME,IN,2023-02-17,VERIFIED
CUS007023,RETAIL,IN,2022-01-03,VERIFIED
CUS007024,SME,AE,2021-10-09,VERIFIED
CUS007025,RETAIL,SG,2023-05-02,VERIFIED
CUS007026,SME,AE,2024-09-17,VERIFIED
CUS007027,RETAIL,AE,2022-12-18,VERIFIED
CUS007028,RETAIL,IN,2022-03-03,VERIFIED
CUS007029,RETAIL,IN,2023-04-11,VERIFIED
CUS007030,RETAIL,IN,2021-05-04,VERIFIED
CUS007031,RETAIL,IN,2023-10-20,VERIFIED
CUS007032,RETAIL,IN,2021-11-12,VERIFIED
CUS007033,RETAIL,IN,2022-02-10,VERIFIED
CUS007034,RETAIL,IN,2023-05-08,VERIFIED
CUS007035,RETAIL,IN,2024-08-18,VERIFIED
CUS007036,RETAIL,SG,2023-09-05,VERIFIED
CUS007037,RETAIL,SG,2022-01-23,VERIFIED
CUS007038,RETAIL,AE,2021-08-01,VERIFIED
CUS007039,RETAIL,IN,2023-04-03,VERIFIED
CUS007040,RETAIL,IN,2023-11-20,VERIFIED
CUS007041,RETAIL,AE,2022-01-26,VERIFIED
CUS007042,RETAIL,SG,2021-05-30,VERIFIED
CUS007043,RETAIL,IN,2024-06-16,VERIFIED
CUS007044,RETAIL,IN,2023-10-12,VERIFIED
CUS007045,RETAIL,IN,2021-12-16,VERIFIED
CUS007046,SME,AE,2024-07-10,VERIFIED
CUS007047,RETAIL,SG,2021-04-09,VERIFIED
CUS007048,RETAIL,IN,2024-02-06,VERIFIED
CUS007049,SME,IN,2023-02-20,VERIFIED
CUS007050,SME,IN,2023-01-05,VERIFIED
CUS007051,RETAIL,IN,2023-07-27,VERIFIED
CUS007052,RETAIL,SG,2024-07-02,VERIFIED
CUS007053,RETAIL,IN,2024-11-20,VERIFIED
CUS007054,SME,IN,2023-07-20,VERIFIED
CUS007055,RETAIL,IN,2023-12-22,VERIFIED
CUS007056,RETAIL,AE,2021-07-13,VERIFIED
CUS007057,RETAIL,IN,2022-06-16,VERIFIED
CUS007058,SME,IN,2024-08-23,VERIFIED
CUS007059,RETAIL,SG,2022-02-09,VERIFIED
CUS007060,SME,SG,2022-08-25,VERIFIED
CUS007061,RETAIL,SG,2024-07-10,VERIFIED
CUS007062,RETAIL,AE,2023-06-16,VERIFIED
CUS007063,RETAIL,IN,2022-03-06,VERIFIED
CUS007064,RETAIL,AE,2022-07-10,VERIFIED
CUS007065,RETAIL,AE,2022-10-22,VERIFIED
CUS007066,RETAIL,IN,2023-02-16,VERIFIED
CUS007067,RETAIL,SG,2022-05-11,VERIFIED
CUS007068,RETAIL,IN,2021-08-23,VERIFIED
CUS007069,SME,IN,2024-05-06,VERIFIED
CUS007070,RETAIL,IN,2023-06-18,VERIFIED
CUS007071,RETAIL,IN,2021-10-01,VERIFIED
CUS007072,RETAIL,AE,2023-01-21,VERIFIED
CUS007073,RETAIL,IN,2024-04-30,VERIFIED
CUS007074,RETAIL,IN,2024-07-03,VERIFIED
CUS007075,SME,IN,2022-03-20,VERIFIED
CUS007076,RETAIL,IN,2023-02-15,VERIFIED
CUS007077,RETAIL,IN,2021-12-21,VERIFIED
CUS007078,SME,IN,2024-07-25,VERIFIED
CUS007079,SME,SG,2022-09-05,VERIFIED
CUS007080,SME,AE,2022-10-08,VERIFIED
CUS007081,RETAIL,IN,2023-03-30,PENDING
CUS007082,RETAIL,AE,2023-05-14,VERIFIED
CUS007083,RETAIL,SG,2023-12-19,VERIFIED
CUS007084,RETAIL,IN,2022-01-01,VERIFIED
CUS007085,RETAIL,IN,2023-09-26,VERIFIED
CUS007086,SME,IN,2023-05-27,VERIFIED
CUS007087,RETAIL,AE,2021-09-17,PENDING
CUS007088,SME,IN,2022-08-03,VERIFIED
CUS007089,SME,IN,2024-11-08,VERIFIED
CUS007090,RETAIL,SG,2024-10-11,VERIFIED
CUS007091,RETAIL,IN,2022-12-11,VERIFIED
CUS007092,SME,SG,2022-04-13,VERIFIED
CUS007093,RETAIL,IN,2023-03-14,VERIFIED
CUS007094,RETAIL,AE,2021-05-02,VERIFIED
CUS007095,RETAIL,IN,2021-09-29,VERIFIED
CUS007096,RETAIL,IN,2023-04-16,VERIFIED
CUS007097,RETAIL,SG,2024-02-07,VERIFIED
CUS007098,RETAIL,IN,2024-12-19,VERIFIED
CUS007099,SME,AE,2024-11-15,VERIFIED
CUS007100,RETAIL,SG,2022-09-09,VERIFIED
CUS007101,RETAIL,IN,2023-09-21,VERIFIED
CUS007102,RETAIL,IN,2024-06-12,VERIFIED
CUS007103,SME,AE,2024-09-21,VERIFIED
CUS007104,RETAIL,IN,2023-03-18,VERIFIED
CUS007105,RETAIL,AE,2022-10-06,VERIFIED
CUS007106,RETAIL,IN,2024-11-17,VERIFIED
CUS007107,SME,AE,2023-05-26,VERIFIED
CUS007108,RETAIL,IN,2023-04-23,VERIFIED
CUS007109,SME,SG,2024-10-15,VERIFIED
CUS007110,RETAIL,IN,2021-08-26,VERIFIED
CUS007111,SME,IN,2024-02-15,VERIFIED
CUS007112,RETAIL,AE,2024-06-26,VERIFIED
CUS007113,RETAIL,AE,2024-06-28,VERIFIED
CUS007114,RETAIL,IN,2023-02-04,VERIFIED
CUS007115,RETAIL,AE,2022-04-16,VERIFIED
CUS007116,SME,IN,2024-01-12,VERIFIED
CUS007117,RETAIL,IN,2022-01-25,VERIFIED
CUS007118,SME,IN,2024-01-02,VERIFIED
CUS007119,RETAIL,IN,2024-04-15,PENDING
CUS007120,SME,IN,2022-07-16,VERIFIED
CUS007121,RETAIL,IN,2022-01-14,VERIFIED
CUS007122,SME,IN,2022-02-19,VERIFIED
CUS007123,RETAIL,SG,2022-11-13,VERIFIED
CUS007124,RETAIL,AE,2021-08-28,VERIFIED
CUS007125,RETAIL,SG,2021-10-01,VERIFIED
CUS007126,RETAIL,IN,2023-12-09,VERIFIED
CUS007127,RETAIL,SG,2022-08-08,VERIFIED
CUS007128,SME,IN,2024-09-24,VERIFIED
CUS007129,SME,SG,2024-09-12,VERIFIED
CUS007130,RETAIL,IN,2023-04-23,VERIFIED
CUS007131,SME,IN,2022-04-22,VERIFIED
CUS007132,RETAIL,IN,2022-10-06,VERIFIED
CUS007133,RETAIL,SG,2024-05-16,VERIFIED
CUS007134,RETAIL,AE,2022-03-03,VERIFIED
CUS007135,RETAIL,SG,2022-09-05,VERIFIED
CUS007136,RETAIL,AE,2022-02-08,VERIFIED
CUS007137,RETAIL,AE,2022-08-28,VERIFIED
CUS007138,RETAIL,IN,2021-09-10,VERIFIED
CUS007139,RETAIL,SG,2023-08-13,VERIFIED
CUS007140,SME,IN,2024-11-19,VERIFIED
CUS007141,RETAIL,IN,2022-09-16,VERIFIED
CUS007142,SME,IN,2021-03-30,VERIFIED
CUS007143,SME,AE,2024-08-17,VERIFIED
CUS007144,RETAIL,SG,2021-04-19,VERIFIED
CUS007145,RETAIL,IN,2022-01-19,VERIFIED
CUS007146,RETAIL,IN,2024-11-13,VERIFIED
CUS007147,SME,IN,2022-12-04,VERIFIED
CUS007148,RETAIL,SG,2023-10-21,VERIFIED
CUS007149,SME,AE,2022-07-01,VERIFIED
CUS007150,RETAIL,IN,2022-01-26,VERIFIED
CUS007151,RETAIL,IN,2023-07-28,VERIFIED
CUS007152,RETAIL,IN,2023-03-04,VERIFIED
CUS007153,RETAIL,IN,2024-11-07,VERIFIED
CUS007154,RETAIL,IN,2024-12-26,VERIFIED
CUS007155,RETAIL,IN,2022-02-03,VERIFIED
CUS007156,RETAIL,IN,2023-08-24,VERIFIED
CUS007157,RETAIL,IN,2021-08-21,VERIFIED
CUS007158,RETAIL,AE,2022-10-14,VERIFIED
CUS007159,RETAIL,IN,2023-06-26,VERIFIED
CUS007160,RETAIL,IN,2021-08-19,VERIFIED
CUS007161,RETAIL,SG,2024-10-14,VERIFIED
CUS007162,RETAIL,AE,2021-10-29,VERIFIED
CUS007163,SME,IN,2024-09-20,VERIFIED
CUS007164,RETAIL,IN,2021-05-18,VERIFIED
CUS007165,RETAIL,SG,2022-11-02,VERIFIED
CUS007166,RETAIL,IN,2023-03-18,VERIFIED
CUS007167,RETAIL,SG,2022-06-29,VERIFIED
CUS007168,RETAIL,IN,2021-12-11,VERIFIED
CUS007169,RETAIL,IN,2023-11-29,VERIFIED
CUS007170,SME,IN,2024-08-13,VERIFIED
CUS007171,RETAIL,SG,2021-04-18,VERIFIED
CUS007172,SME,IN,2023-01-07,VERIFIED
CUS007173,RETAIL,IN,2023-11-27,VERIFIED
CUS007174,RETAIL,IN,2021-06-28,VERIFIED
CUS007175,RETAIL,SG,2024-11-07,VERIFIED
CUS007176,RETAIL,IN,2021-10-15,VERIFIED
CUS007177,RETAIL,SG,2024-12-07,VERIFIED
CUS007178,RETAIL,SG,2022-06-29,VERIFIED
CUS007179,SME,IN,2024-11-09,PENDING
CUS007180,RETAIL,AE,2024-06-07,VERIFIED
CUS007181,RETAIL,AE,2023-10-03,VERIFIED
CUS007182,RETAIL,IN,2024-04-22,VERIFIED
CUS007183,RETAIL,IN,2024-10-31,VERIFIED
CUS007184,RETAIL,IN,2022-05-27,VERIFIED
CUS007185,SME,IN,2022-02-01,VERIFIED
CUS007186,RETAIL,IN,2023-10-04,VERIFIED
CUS007187,RETAIL,AE,2022-04-30,VERIFIED
CUS007188,RETAIL,AE,2023-09-28,VERIFIED
CUS007189,RETAIL,IN,2024-03-06,VERIFIED
CUS007190,RETAIL,IN,2021-10-03,PENDING
CUS007191,RETAIL,IN,2022-12-28,VERIFIED
CUS007192,RETAIL,IN,2024-12-04,PENDING
CUS007193,RETAIL,IN,2022-04-29,VERIFIED
CUS007194,RETAIL,AE,2023-07-02,VERIFIED
CUS007195,RETAIL,AE,2024-09-21,PENDING
CUS007196,RETAIL,IN,2024-02-03,VERIFIED
CUS007197,SME,SG,2023-10-13,VERIFIED
CUS007198,RETAIL,IN,2024-11-25,VERIFIED
CUS007199,RETAIL,SG,2022-03-19,VERIFIED
CUS007200,SME,IN,2024-03-04,VERIFIED
CUS007201,RETAIL,IN,2024-05-27,VERIFIED
CUS007202,SME,SG,2024-04-19,VERIFIED
CUS007203,RETAIL,IN,2022-04-07,VERIFIED
CUS007204,RETAIL,IN,2023-01-26,VERIFIED
CUS007205,RETAIL,IN,2021-11-20,VERIFIED
CUS007206,RETAIL,SG,2023-05-03,PENDING
CUS007207,SME,SG,2022-05-22,VERIFIED
CUS007208,RETAIL,IN,2023-03-13,VERIFIED
CUS007209,RETAIL,IN,2022-09-24,VERIFIED
CUS007210,SME,SG,2021-08-21,VERIFIED
CUS007211,RETAIL,IN,2022-08-26,VERIFIED
CUS007212,RETAIL,IN,2023-02-09,VERIFIED
CUS007213,RETAIL,SG,2021-09-08,VERIFIED
CUS007214,RETAIL,IN,2022-07-22,VERIFIED
CUS007215,RETAIL,AE,2021-06-05,VERIFIED
CUS007216,SME,IN,2022-07-10,VERIFIED
CUS007217,RETAIL,SG,2022-05-16,VERIFIED
CUS007218,SME,IN,2023-01-09,VERIFIED
CUS007219,RETAIL,IN,2021-09-30,VERIFIED
CUS007220,RETAIL,IN,2023-11-02,VERIFIED
CUS007221,RETAIL,AE,2022-12-02,VERIFIED
CUS007222,RETAIL,AE,2021-07-17,VERIFIED
CUS007223,RETAIL,SG,2024-03-10,VERIFIED
CUS007224,RETAIL,IN,2023-04-29,VERIFIED
CUS007225,SME,IN,2024-11-26,VERIFIED
CUS007226,RETAIL,SG,2022-10-25,VERIFIED
CUS007227,RETAIL,SG,2023-09-03,VERIFIED
CUS007228,RETAIL,IN,2022-11-11,VERIFIED
CUS007229,RETAIL,AE,2024-02-06,VERIFIED
CUS007230,RETAIL,IN,2021-10-31,VERIFIED
CUS007231,RETAIL,IN,2021-03-24,PENDING
CUS007232,SME,AE,2022-12-15,VERIFIED
CUS007233,SME,IN,2022-08-31,VERIFIED
CUS007234,SME,IN,2023-04-03,PENDING
CUS007235,RETAIL,IN,2023-11-11,VERIFIED
CUS007236,SME,AE,2023-03-29,VERIFIED
CUS007237,SME,IN,2023-02-10,VERIFIED
CUS007238,RETAIL,SG,2022-01-06,VERIFIED
CUS007239,SME,IN,2022-05-11,VERIFIED
CUS007240,RETAIL,IN,2023-09-28,VERIFIED
CUS007241,RETAIL,IN,2022-08-22,VERIFIED
CUS007242,RETAIL,IN,2021-06-03,VERIFIED
CUS007243,RETAIL,IN,2023-05-28,VERIFIED
CUS007244,RETAIL,IN,2021-10-04,VERIFIED
CUS007245,RETAIL,SG,2023-03-10,VERIFIED
CUS007246,RETAIL,IN,2024-06-22,VERIFIED
CUS007247,SME,SG,2024-04-22,VERIFIED
CUS007248,RETAIL,AE,2023-10-15,VERIFIED
CUS007249,RETAIL,IN,2022-10-09,VERIFIED
CUS007250,RETAIL,IN,2021-07-14,VERIFIED
CUS007251,RETAIL,IN,2023-07-01,VERIFIED
CUS007252,SME,IN,2023-12-09,VERIFIED
CUS007253,RETAIL,IN,2022-06-30,VERIFIED
CUS007254,RETAIL,IN,2023-10-15,VERIFIED
CUS007255,SME,IN,2023-05-02,VERIFIED
CUS007256,RETAIL,IN,2024-03-03,VERIFIED
CUS007257,RETAIL,AE,2023-11-16,VERIFIED
CUS007258,RETAIL,IN,2024-10-17,VERIFIED
CUS007259,RETAIL,IN,2022-10-29,VERIFIED
CUS007260,SME,IN,2023-03-04,VERIFIED
CUS007261,RETAIL,SG,2024-05-06,VERIFIED
CUS007262,RETAIL,IN,2022-02-10,VERIFIED
CUS007263,RETAIL,IN,2024-03-25,VERIFIED
CUS007264,RETAIL,SG,2022-06-23,VERIFIED
CUS007265,RETAIL,IN,2024-07-29,VERIFIED
CUS007266,RETAIL,IN,2024-11-24,VERIFIED
CUS007267,RETAIL,IN,2024-07-13,PENDING
CUS007268,RETAIL,SG,2022-12-31,VERIFIED
CUS007269,RETAIL,AE,2024-04-25,VERIFIED
CUS007270,RETAIL,SG,2023-09-27,VERIFIED
CUS007271,RETAIL,IN,2022-12-11,VERIFIED
CUS007272,SME,IN,2022-07-18,VERIFIED
CUS007273,RETAIL,IN,2021-12-30,VERIFIED
CUS007274,SME,AE,2023-06-14,REJECTED
CUS007275,RETAIL,AE,2024-08-06,VERIFIED
CUS007276,RETAIL,SG,2021-03-31,VERIFIED
CUS007277,RETAIL,IN,2022-01-09,VERIFIED
CUS007278,RETAIL,SG,2021-10-30,VERIFIED
CUS007279,RETAIL,AE,2021-06-20,VERIFIED
CUS007280,SME,SG,2022-04-27,PENDING
CUS007281,SME,SG,2021-03-13,VERIFIED
CUS007282,RETAIL,IN,2023-01-11,VERIFIED
CUS007283,RETAIL,SG,2022-11-09,VERIFIED
CUS007284,RETAIL,IN,2022-09-27,VERIFIED
CUS007285,RETAIL,IN,2023-01-21,PENDING
CUS007286,RETAIL,SG,2023-04-24,VERIFIED
CUS007287,RETAIL,AE,2023-09-27,VERIFIED
CUS007288,RETAIL,AE,2021-12-16,VERIFIED
CUS007289,RETAIL,IN,2023-09-30,VERIFIED
CUS007290,RETAIL,IN,2021-07-10,VERIFIED
CUS007291,RETAIL,IN,2022-02-17,VERIFIED
CUS007292,RETAIL,AE,2021-03-05,VERIFIED
CUS007293,RETAIL,SG,2022-07-13,VERIFIED
CUS007294,RETAIL,AE,2022-09-16,VERIFIED
CUS007295,SME,IN,2023-09-21,VERIFIED
CUS007296,RETAIL,IN,2022-05-23,VERIFIED
CUS007297,RETAIL,SG,2022-10-12,VERIFIED
CUS007298,RETAIL,IN,2023-06-22,VERIFIED
CUS007299,RETAIL,AE,2024-09-29,PENDING
CUS007300,RETAIL,IN,2024-12-21,VERIFIED
CUS007301,RETAIL,IN,2024-02-13,VERIFIED
CUS007302,RETAIL,IN,2022-04-23,VERIFIED
CUS007303,SME,AE,2021-06-25,VERIFIED
CUS007304,RETAIL,SG,2021-06-04,VERIFIED
CUS007305,RETAIL,SG,2022-12-28,VERIFIED
CUS007306,RETAIL,SG,2021-09-16,VERIFIED
CUS007307,RETAIL,IN,2024-12-27,VERIFIED
CUS007308,RETAIL,SG,2021-08-20,VERIFIED
CUS007309,RETAIL,AE,2021-04-23,VERIFIED
CUS007310,RETAIL,IN,2023-06-19,VERIFIED
CUS007311,RETAIL,SG,2024-10-30,VERIFIED
CUS007312,RETAIL,IN,2022-04-09,VERIFIED
CUS007313,SME,IN,2024-12-13,PENDING
CUS007314,RETAIL,IN,2022-07-23,VERIFIED
CUS007315,RETAIL,AE,2023-10-10,VERIFIED
CUS007316,RETAIL,IN,2022-12-06,VERIFIED
CUS007317,RETAIL,IN,2021-06-24,VERIFIED
CUS007318,RETAIL,SG,2024-06-03,VERIFIED
CUS007319,RETAIL,IN,2024-11-15,VERIFIED
CUS007320,RETAIL,SG,2022-10-19,VERIFIED
CUS007321,RETAIL,AE,2022-05-03,VERIFIED
CUS007322,RETAIL,IN,2023-11-10,VERIFIED
CUS007323,RETAIL,IN,2024-05-17,VERIFIED
CUS007324,SME,AE,2022-04-22,VERIFIED
CUS007325,RETAIL,IN,2022-05-13,VERIFIED
CUS007326,RETAIL,IN,2021-05-20,PENDING
CUS007327,RETAIL,AE,2021-09-09,VERIFIED
CUS007328,RETAIL,AE,2022-03-20,VERIFIED
CUS007329,RETAIL,SG,2024-12-05,VERIFIED
CUS007330,SME,IN,2024-01-04,VERIFIED
CUS007331,RETAIL,AE,2022-06-29,VERIFIED
CUS007332,SME,SG,2023-03-22,VERIFIED
CUS007333,RETAIL,SG,2024-10-21,VERIFIED
CUS007334,RETAIL,AE,2022-11-03,VERIFIED
CUS007335,RETAIL,SG,2022-02-03,VERIFIED
CUS007336,SME,IN,2022-03-22,VERIFIED
CUS007337,RETAIL,IN,2021-06-19,PENDING
CUS007338,SME,IN,2024-06-09,VERIFIED
CUS007339,RETAIL,IN,2021-05-07,VERIFIED
CUS007340,RETAIL,IN,2022-12-28,VERIFIED
CUS007341,RETAIL,IN,2023-11-01,VERIFIED
CUS007342,RETAIL,SG,2021-09-15,VERIFIED
CUS007343,SME,IN,2024-08-10,VERIFIED
CUS007344,SME,IN,2024-11-24,VERIFIED
CUS007345,RETAIL,IN,2022-03-16,VERIFIED
CUS007346,RETAIL,IN,2022-03-20,VERIFIED
CUS007347,RETAIL,SG,2024-08-28,VERIFIED
CUS007348,RETAIL,IN,2021-08-18,VERIFIED
CUS007349,RETAIL,IN,2021-10-13,VERIFIED
CUS007350,SME,SG,2021-12-14,VERIFIED
CUS007351,RETAIL,IN,2023-07-03,PENDING
CUS007352,SME,IN,2021-06-07,VERIFIED
CUS007353,SME,SG,2024-07-02,VERIFIED
CUS007354,RETAIL,IN,2022-01-02,REJECTED
CUS007355,RETAIL,SG,2021-10-12,VERIFIED
CUS007356,RETAIL,AE,2023-01-07,VERIFIED
CUS007357,RETAIL,AE,2023-09-05,VERIFIED
CUS007358,RETAIL,IN,2023-03-06,VERIFIED
CUS007359,RETAIL,SG,2024-10-27,VERIFIED
CUS007360,RETAIL,SG,2024-11-18,VERIFIED
CUS007361,SME,IN,2023-09-17,REJECTED
CUS007362,RETAIL,AE,2024-12-06,PENDING
CUS007363,RETAIL,IN,2022-07-27,VERIFIED
CUS007364,SME,AE,2022-07-21,VERIFIED
CUS007365,RETAIL,IN,2021-09-23,VERIFIED
CUS007366,RETAIL,IN,2023-12-13,VERIFIED
CUS007367,RETAIL,IN,2021-11-18,VERIFIED
CUS007368,RETAIL,AE,2023-10-30,VERIFIED
CUS007369,RETAIL,IN,2022-12-04,VERIFIED
CUS007370,RETAIL,IN,2021-11-29,VERIFIED
CUS007371,RETAIL,IN,2023-08-23,VERIFIED
CUS007372,RETAIL,SG,2024-07-30,VERIFIED
CUS007373,RETAIL,IN,2021-11-17,VERIFIED
CUS007374,RETAIL,IN,2023-12-01,VERIFIED
CUS007375,SME,SG,2024-03-04,VERIFIED
CUS007376,RETAIL,IN,2022-05-18,VERIFIED
CUS007377,RETAIL,IN,2022-12-16,VERIFIED
CUS007378,RETAIL,IN,2024-11-20,VERIFIED
CUS007379,RETAIL,AE,2021-07-01,VERIFIED
CUS007380,SME,AE,2023-01-05,VERIFIED
CUS007381,SME,IN,2023-12-20,VERIFIED
CUS007382,RETAIL,IN,2024-09-04,VERIFIED
CUS007383,RETAIL,IN,2022-05-18,VERIFIED
CUS007384,RETAIL,AE,2022-01-31,VERIFIED
CUS007385,RETAIL,IN,2022-02-18,VERIFIED
CUS007386,RETAIL,IN,2022-07-28,VERIFIED
CUS007387,RETAIL,AE,2021-08-24,VERIFIED
CUS007388,RETAIL,IN,2022-09-03,VERIFIED
CUS007389,RETAIL,IN,2024-01-29,PENDING
CUS007390,RETAIL,IN,2024-02-27,VERIFIED
CUS007391,RETAIL,IN,2023-07-13,VERIFIED
CUS007392,RETAIL,IN,2022-03-24,VERIFIED
CUS007393,RETAIL,AE,2024-12-01,VERIFIED
CUS007394,RETAIL,IN,2023-11-06,VERIFIED
CUS007395,SME,IN,2023-05-07,VERIFIED
CUS007396,RETAIL,AE,2022-10-25,VERIFIED
CUS007397,SME,SG,2024-06-10,VERIFIED
CUS007398,RETAIL,SG,2024-08-26,VERIFIED
CUS007399,RETAIL,SG,2021-07-07,VERIFIED
CUS007400,RETAIL,IN,2024-08-20,VERIFIED
CUS007401,RETAIL,SG,2024-09-12,VERIFIED
CUS007402,SME,IN,2024-04-05,VERIFIED
CUS007403,RETAIL,IN,2023-09-09,VERIFIED
CUS007404,RETAIL,AE,2024-03-05,VERIFIED
CUS007405,SME,SG,2021-11-18,VERIFIED
CUS007406,SME,IN,2024-07-08,VERIFIED
CUS007407,RETAIL,IN,2024-06-21,VERIFIED
CUS007408,RETAIL,AE,2024-07-20,VERIFIED
CUS007409,SME,IN,2022-07-02,VERIFIED
CUS007410,RETAIL,IN,2021-08-20,PENDING
CUS007411,SME,IN,2024-05-18,VERIFIED
CUS007412,RETAIL,IN,2022-11-17,VERIFIED
CUS007413,SME,IN,2023-07-30,VERIFIED
CUS007414,SME,AE,2022-08-14,VERIFIED
CUS007415,SME,IN,2022-07-07,VERIFIED
CUS007416,RETAIL,IN,2023-11-26,VERIFIED
CUS007417,RETAIL,SG,2022-09-08,VERIFIED
CUS007418,RETAIL,IN,2024-10-16,VERIFIED
CUS007419,RETAIL,SG,2023-02-21,VERIFIED
CUS007420,RETAIL,SG,2021-04-17,VERIFIED
CUS007421,RETAIL,IN,2021-07-23,VERIFIED
CUS007422,SME,SG,2024-10-18,VERIFIED
CUS007423,RETAIL,SG,2024-10-13,VERIFIED
CUS007424,RETAIL,SG,2021-11-07,VERIFIED
CUS007425,RETAIL,SG,2024-03-14,VERIFIED
CUS007426,SME,IN,2022-06-15,VERIFIED
CUS007427,RETAIL,SG,2022-12-03,VERIFIED
CUS007428,RETAIL,SG,2023-06-11,VERIFIED
CUS007429,RETAIL,IN,2023-10-28,VERIFIED
CUS007430,RETAIL,AE,2022-02-21,VERIFIED
CUS007431,RETAIL,IN,2024-01-07,VERIFIED
CUS007432,SME,IN,2022-01-27,VERIFIED
CUS007433,RETAIL,AE,2024-02-11,PENDING
CUS007434,RETAIL,IN,2021-08-21,VERIFIED
CUS007435,SME,IN,2022-04-26,VERIFIED
CUS007436,RETAIL,IN,2022-12-01,VERIFIED
CUS007437,RETAIL,AE,2024-08-16,VERIFIED
CUS007438,RETAIL,IN,2024-03-08,VERIFIED
CUS007439,RETAIL,SG,2022-08-01,VERIFIED
CUS007440,RETAIL,SG,2022-10-23,VERIFIED
CUS007441,SME,SG,2024-08-11,VERIFIED
CUS007442,SME,AE,2024-08-15,VERIFIED
CUS007443,RETAIL,SG,2022-09-05,VERIFIED
CUS007444,RETAIL,IN,2023-07-25,PENDING
CUS007445,RETAIL,AE,2023-03-10,VERIFIED
CUS007446,SME,IN,2022-08-31,VERIFIED
CUS007447,RETAIL,IN,2021-09-30,VERIFIED
CUS007448,RETAIL,IN,2024-01-15,VERIFIED
CUS007449,RETAIL,SG,2022-05-06,VERIFIED
CUS007450,RETAIL,IN,2021-09-08,VERIFIED
CUS007451,RETAIL,IN,2021-07-02,VERIFIED
CUS007452,RETAIL,IN,2021-04-06,VERIFIED
CUS007453,RETAIL,IN,2024-12-26,VERIFIED
CUS007454,RETAIL,IN,2024-09-17,VERIFIED
CUS007455,RETAIL,AE,2021-09-03,VERIFIED
CUS007456,RETAIL,IN,2024-03-19,VERIFIED
CUS007457,RETAIL,IN,2023-11-22,VERIFIED
CUS007458,RETAIL,IN,2023-03-11,VERIFIED
CUS007459,RETAIL,IN,2022-06-28,VERIFIED
CUS007460,RETAIL,SG,2024-11-09,PENDING
CUS007461,RETAIL,IN,2022-07-08,VERIFIED
CUS007462,RETAIL,IN,2024-08-24,VERIFIED
CUS007463,RETAIL,AE,2023-08-02,VERIFIED
CUS007464,RETAIL,IN,2021-07-21,VERIFIED
CUS007465,SME,IN,2024-07-10,VERIFIED
CUS007466,RETAIL,SG,2024-10-30,VERIFIED
CUS007467,RETAIL,SG,2023-03-08,VERIFIED
CUS007468,RETAIL,SG,2024-01-21,VERIFIED
CUS007469,SME,IN,2024-01-23,VERIFIED
CUS007470,RETAIL,IN,2023-05-19,VERIFIED
CUS007471,SME,IN,2024-05-08,VERIFIED
CUS007472,RETAIL,IN,2024-12-04,PENDING
CUS007473,RETAIL,IN,2021-06-16,VERIFIED
CUS007474,RETAIL,AE,2021-11-24,VERIFIED
CUS007475,RETAIL,SG,2023-06-05,VERIFIED
CUS007476,RETAIL,IN,2021-10-27,VERIFIED
CUS007477,RETAIL,IN,2021-03-09,VERIFIED
CUS007478,RETAIL,SG,2023-06-29,VERIFIED
CUS007479,RETAIL,IN,2024-05-28,VERIFIED
CUS007480,RETAIL,IN,2024-03-25,VERIFIED
CUS007481,SME,IN,2021-04-27,VERIFIED
CUS007482,RETAIL,SG,2021-08-01,VERIFIED
CUS007483,SME,SG,2022-04-28,VERIFIED
CUS007484,SME,IN,2022-05-28,VERIFIED
CUS007485,SME,IN,2023-10-31,VERIFIED
CUS007486,RETAIL,SG,2022-12-30,VERIFIED
CUS007487,RETAIL,IN,2023-08-05,VERIFIED
CUS007488,SME,SG,2023-07-02,VERIFIED
CUS007489,RETAIL,IN,2022-03-21,VERIFIED
CUS007490,RETAIL,SG,2022-12-09,VERIFIED
CUS007491,RETAIL,AE,2023-05-13,VERIFIED
CUS007492,RETAIL,IN,2024-01-18,VERIFIED
CUS007493,RETAIL,IN,2022-06-29,VERIFIED
CUS007494,RETAIL,SG,2023-04-13,PENDING
CUS007495,RETAIL,IN,2024-10-23,VERIFIED
CUS007496,SME,IN,2022-05-17,VERIFIED
CUS007497,RETAIL,IN,2023-09-20,VERIFIED
CUS007498,RETAIL,AE,2023-06-06,REJECTED
CUS007499,RETAIL,IN,2021-03-19,VERIFIED
CUS007500,RETAIL,AE,2022-05-19,VERIFIED
CUS007501,RETAIL,IN,2024-09-29,VERIFIED
CUS007502,RETAIL,IN,2022-03-04,VERIFIED
CUS007503,SME,IN,2023-11-20,VERIFIED
CUS007504,RETAIL,SG,2022-02-11,VERIFIED
CUS007505,RETAIL,IN,2023-08-31,PENDING
CUS007506,RETAIL,IN,2022-10-28,VERIFIED
CUS007507,RETAIL,IN,2022-05-05,VERIFIED
CUS007508,RETAIL,IN,2024-04-18,VERIFIED
CUS007509,RETAIL,IN,2024-06-25,VERIFIED
CUS007510,SME,IN,2022-04-27,VERIFIED
CUS007511,RETAIL,IN,2024-09-23,VERIFIED
CUS007512,SME,AE,2021-11-12,VERIFIED
CUS007513,SME,IN,2023-05-06,VERIFIED
CUS007514,RETAIL,IN,2024-08-22,VERIFIED
CUS007515,RETAIL,IN,2022-01-28,VERIFIED
CUS007516,RETAIL,IN,2021-07-27,REJECTED
CUS007517,RETAIL,SG,2024-09-29,VERIFIED
CUS007518,SME,IN,2021-05-25,VERIFIED
CUS007519,RETAIL,IN,2023-06-01,VERIFIED
CUS007520,RETAIL,SG,2022-06-11,VERIFIED
CUS007521,RETAIL,IN,2023-12-26,VERIFIED
CUS007522,RETAIL,AE,2024-07-30,VERIFIED
CUS007523,SME,AE,2021-03-22,VERIFIED
CUS007524,RETAIL,IN,2022-07-01,VERIFIED
CUS007525,RETAIL,IN,2024-01-10,REJECTED
CUS007526,RETAIL,IN,2023-08-22,VERIFIED
CUS007527,RETAIL,IN,2022-02-06,VERIFIED
CUS007528,RETAIL,IN,2023-11-03,VERIFIED
CUS007529,RETAIL,IN,2022-05-14,VERIFIED
CUS007530,RETAIL,IN,2024-11-11,VERIFIED
CUS007531,SME,IN,2021-03-22,PENDING
CUS007532,RETAIL,IN,2022-03-24,VERIFIED
CUS007533,RETAIL,AE,2023-09-18,VERIFIED
CUS007534,RETAIL,AE,2022-10-31,VERIFIED
CUS007535,RETAIL,IN,2024-05-03,VERIFIED
CUS007536,RETAIL,SG,2023-04-11,VERIFIED
CUS007537,RETAIL,IN,2023-08-26,PENDING
CUS007538,RETAIL,SG,2023-07-07,VERIFIED
CUS007539,RETAIL,IN,2021-11-20,VERIFIED
CUS007540,RETAIL,AE,2023-06-05,VERIFIED
CUS007541,RETAIL,IN,2024-12-24,VERIFIED
CUS007542,RETAIL,IN,2023-04-08,VERIFIED
CUS007543,RETAIL,AE,2024-10-21,VERIFIED
CUS007544,SME,IN,2023-03-05,VERIFIED
CUS007545,RETAIL,IN,2022-05-26,VERIFIED
CUS007546,RETAIL,SG,2024-08-18,VERIFIED
CUS007547,RETAIL,SG,2024-10-05,VERIFIED
CUS007548,RETAIL,SG,2023-07-19,VERIFIED
CUS007549,RETAIL,SG,2023-02-26,VERIFIED
CUS007550,RETAIL,SG,2024-10-04,VERIFIED
CUS007551,SME,IN,2023-10-04,VERIFIED
CUS007552,RETAIL,IN,2022-01-11,VERIFIED
CUS007553,RETAIL,SG,2022-10-25,VERIFIED
CUS007554,RETAIL,AE,2023-01-01,VERIFIED
CUS007555,RETAIL,IN,2024-08-08,VERIFIED
CUS007556,RETAIL,IN,2021-12-09,VERIFIED
CUS007557,SME,SG,2022-09-26,VERIFIED
CUS007558,RETAIL,IN,2023-05-11,VERIFIED
CUS007559,SME,IN,2022-08-25,VERIFIED
CUS007560,RETAIL,SG,2024-06-01,VERIFIED
CUS007561,RETAIL,IN,2022-05-29,VERIFIED
CUS007562,RETAIL,IN,2023-11-09,VERIFIED
CUS007563,RETAIL,IN,2024-11-05,VERIFIED
CUS007564,RETAIL,IN,2024-02-09,VERIFIED
CUS007565,RETAIL,SG,2023-08-09,VERIFIED
CUS007566,RETAIL,IN,2023-04-27,VERIFIED
CUS007567,RETAIL,IN,2024-02-16,VERIFIED
CUS007568,RETAIL,IN,2021-12-24,VERIFIED
CUS007569,RETAIL,IN,2023-12-29,VERIFIED
CUS007570,RETAIL,IN,2024-07-22,VERIFIED
CUS007571,RETAIL,IN,2024-02-25,VERIFIED
CUS007572,RETAIL,IN,2023-06-21,VERIFIED
CUS007573,RETAIL,IN,2024-10-31,VERIFIED
CUS007574,RETAIL,IN,2024-08-26,PENDING
CUS007575,RETAIL,IN,2024-05-26,VERIFIED
CUS007576,SME,IN,2023-07-03,VERIFIED
CUS007577,RETAIL,IN,2021-05-10,VERIFIED
CUS007578,RETAIL,IN,2022-10-09,VERIFIED
CUS007579,SME,IN,2024-09-09,VERIFIED
CUS007580,RETAIL,IN,2024-09-27,VERIFIED
CUS007581,RETAIL,SG,2024-08-10,VERIFIED
CUS007582,RETAIL,IN,2024-09-30,VERIFIED
CUS007583,RETAIL,SG,2023-01-25,VERIFIED
CUS007584,SME,SG,2022-03-16,VERIFIED
CUS007585,RETAIL,IN,2023-05-04,VERIFIED
CUS007586,RETAIL,IN,2023-06-11,VERIFIED
CUS007587,RETAIL,IN,2022-09-22,VERIFIED
CUS007588,SME,IN,2023-08-29,VERIFIED
CUS007589,RETAIL,IN,2021-11-26,VERIFIED
CUS007590,RETAIL,IN,2022-05-17,VERIFIED
CUS007591,RETAIL,SG,2021-03-27,VERIFIED
CUS007592,SME,IN,2024-09-05,VERIFIED
CUS007593,RETAIL,SG,2023-05-06,VERIFIED
CUS007594,RETAIL,SG,2021-09-16,VERIFIED
CUS007595,SME,IN,2022-06-05,VERIFIED
CUS007596,RETAIL,AE,2022-01-12,VERIFIED
CUS007597,RETAIL,AE,2023-03-18,PENDING
CUS007598,RETAIL,IN,2023-07-06,VERIFIED
CUS007599,RETAIL,IN,2022-02-12,VERIFIED
CUS007600,RETAIL,IN,2023-03-17,PENDING
CUS007601,RETAIL,IN,2023-06-11,VERIFIED
CUS007602,RETAIL,IN,2023-06-25,VERIFIED
CUS007603,SME,IN,2024-07-13,VERIFIED
CUS007604,RETAIL,IN,2021-12-29,VERIFIED
CUS007605,RETAIL,SG,2021-09-28,VERIFIED
CUS007606,RETAIL,IN,2024-11-22,VERIFIED
CUS007607,SME,IN,2023-06-18,VERIFIED
CUS007608,RETAIL,IN,2022-06-07,VERIFIED
CUS007609,RETAIL,SG,2024-06-05,VERIFIED
CUS007610,RETAIL,SG,2023-11-05,VERIFIED
CUS007611,SME,IN,2021-04-26,VERIFIED
CUS007612,SME,SG,2022-01-06,VERIFIED
CUS007613,RETAIL,IN,2021-08-23,VERIFIED
CUS007614,RETAIL,SG,2021-03-26,VERIFIED
CUS007615,RETAIL,IN,2022-05-24,VERIFIED
CUS007616,RETAIL,IN,2023-12-08,VERIFIED
CUS007617,RETAIL,SG,2021-05-08,VERIFIED
CUS007618,RETAIL,AE,2023-04-18,VERIFIED
CUS007619,RETAIL,SG,2022-12-09,PENDING
CUS007620,RETAIL,IN,2022-11-27,VERIFIED
CUS007621,SME,SG,2022-11-26,VERIFIED
CUS007622,RETAIL,IN,2022-11-22,VERIFIED
CUS007623,SME,SG,2022-01-10,VERIFIED
CUS007624,RETAIL,SG,2024-05-27,VERIFIED
CUS007625,RETAIL,IN,2023-04-25,VERIFIED
CUS007626,SME,IN,2022-10-08,PENDING
CUS007627,RETAIL,IN,2022-11-13,VERIFIED
CUS007628,RETAIL,IN,2022-03-25,VERIFIED
CUS007629,RETAIL,IN,2023-09-21,VERIFIED
CUS007630,SME,IN,2021-05-21,VERIFIED
CUS007631,RETAIL,IN,2024-12-12,VERIFIED
CUS007632,RETAIL,IN,2022-03-23,VERIFIED
CUS007633,RETAIL,IN,2024-05-09,VERIFIED
CUS007634,RETAIL,SG,2022-09-10,VERIFIED
CUS007635,RETAIL,IN,2024-11-30,VERIFIED
CUS007636,SME,IN,2024-02-10,VERIFIED
CUS007637,RETAIL,SG,2023-07-03,VERIFIED
CUS007638,RETAIL,AE,2024-08-17,VERIFIED
CUS007639,RETAIL,IN,2023-09-30,VERIFIED
CUS007640,SME,IN,2022-07-28,VERIFIED
CUS007641,RETAIL,IN,2024-05-20,PENDING
CUS007642,RETAIL,AE,2022-08-10,VERIFIED
CUS007643,RETAIL,SG,2023-03-19,VERIFIED
CUS007644,RETAIL,SG,2021-10-14,VERIFIED
CUS007645,RETAIL,SG,2022-07-24,REJECTED
CUS007646,RETAIL,IN,2023-04-18,VERIFIED
CUS007647,RETAIL,IN,2021-11-03,PENDING
CUS007648,RETAIL,SG,2024-05-06,VERIFIED
CUS007649,RETAIL,AE,2022-10-30,VERIFIED
CUS007650,RETAIL,IN,2024-02-22,VERIFIED
CUS007651,RETAIL,IN,2023-04-12,VERIFIED
CUS007652,RETAIL,IN,2023-03-07,VERIFIED
CUS007653,RETAIL,AE,2022-09-17,VERIFIED
CUS007654,SME,IN,2023-10-23,VERIFIED
CUS007655,RETAIL,SG,2022-06-20,VERIFIED
CUS007656,RETAIL,IN,2024-04-24,VERIFIED
CUS007657,RETAIL,IN,2024-05-13,VERIFIED
CUS007658,SME,SG,2024-08-04,VERIFIED
CUS007659,RETAIL,IN,2023-02-28,VERIFIED
CUS007660,RETAIL,SG,2023-06-04,VERIFIED
CUS007661,SME,AE,2021-11-03,PENDING
CUS007662,RETAIL,AE,2023-09-17,VERIFIED
CUS007663,RETAIL,IN,2022-10-11,VERIFIED
CUS007664,RETAIL,SG,2021-04-21,VERIFIED
CUS007665,RETAIL,IN,2022-08-23,VERIFIED
CUS007666,RETAIL,IN,2021-09-21,VERIFIED
CUS007667,RETAIL,IN,2023-01-19,VERIFIED
CUS007668,RETAIL,IN,2024-04-20,VERIFIED
CUS007669,RETAIL,IN,2023-04-13,VERIFIED
CUS007670,RETAIL,IN,2022-02-12,VERIFIED
CUS007671,RETAIL,IN,2024-07-24,VERIFIED
CUS007672,RETAIL,IN,2023-03-01,VERIFIED
CUS007673,RETAIL,IN,2023-01-08,VERIFIED
CUS007674,RETAIL,IN,2021-06-15,VERIFIED
CUS007675,RETAIL,SG,2021-04-04,VERIFIED
CUS007676,RETAIL,IN,2022-09-03,VERIFIED
CUS007677,SME,IN,2024-03-11,VERIFIED
CUS007678,RETAIL,SG,2024-03-22,VERIFIED
CUS007679,RETAIL,AE,2022-09-16,PENDING
CUS007680,SME,AE,2024-04-02,VERIFIED
CUS007681,RETAIL,SG,2022-06-04,VERIFIED
CUS007682,SME,AE,2021-04-18,VERIFIED
CUS007683,RETAIL,IN,2024-04-14,VERIFIED
CUS007684,RETAIL,AE,2021-06-26,VERIFIED
CUS007685,RETAIL,AE,2024-11-08,VERIFIED
CUS007686,RETAIL,IN,2023-02-25,VERIFIED
CUS007687,RETAIL,AE,2023-07-11,VERIFIED
CUS007688,RETAIL,SG,2022-11-04,VERIFIED
CUS007689,RETAIL,SG,2023-02-25,VERIFIED
CUS007690,SME,AE,2022-11-28,VERIFIED
CUS007691,RETAIL,IN,2024-07-17,VERIFIED
CUS007692,RETAIL,IN,2022-01-29,VERIFIED
CUS007693,RETAIL,SG,2021-05-21,VERIFIED
CUS007694,RETAIL,SG,2023-03-09,VERIFIED
CUS007695,SME,AE,2021-09-20,VERIFIED
CUS007696,RETAIL,AE,2024-07-14,VERIFIED
CUS007697,RETAIL,SG,2022-03-13,VERIFIED
CUS007698,RETAIL,AE,2023-10-06,VERIFIED
CUS007699,RETAIL,IN,2022-06-09,VERIFIED
CUS007700,RETAIL,AE,2022-10-29,VERIFIED
CUS007701,RETAIL,IN,2024-11-01,VERIFIED
CUS007702,RETAIL,IN,2023-08-29,VERIFIED
CUS007703,RETAIL,IN,2023-05-04,VERIFIED
CUS007704,RETAIL,IN,2021-11-20,VERIFIED
CUS007705,RETAIL,IN,2024-08-01,VERIFIED
CUS007706,RETAIL,IN,2021-05-15,VERIFIED
CUS007707,RETAIL,SG,2024-10-26,VERIFIED
CUS007708,SME,SG,2024-01-29,VERIFIED
CUS007709,RETAIL,IN,2024-06-16,VERIFIED
CUS007710,RETAIL,SG,2021-08-06,VERIFIED
CUS007711,RETAIL,IN,2022-10-30,VERIFIED
CUS007712,RETAIL,IN,2022-04-06,VERIFIED
CUS007713,RETAIL,IN,2022-05-14,VERIFIED
CUS007714,SME,IN,2022-10-03,VERIFIED
CUS007715,RETAIL,SG,2023-11-09,VERIFIED
CUS007716,RETAIL,IN,2024-07-03,VERIFIED
CUS007717,RETAIL,SG,2023-05-02,VERIFIED
CUS007718,RETAIL,IN,2023-06-06,VERIFIED
CUS007719,RETAIL,SG,2023-05-01,VERIFIED
CUS007720,RETAIL,AE,2021-03-10,VERIFIED
CUS007721,RETAIL,IN,2024-07-06,VERIFIED
CUS007722,RETAIL,IN,2022-07-09,REJECTED
CUS007723,RETAIL,IN,2024-05-28,VERIFIED
CUS007724,RETAIL,IN,2022-09-26,VERIFIED
CUS007725,RETAIL,IN,2022-05-31,VERIFIED
CUS007726,RETAIL,IN,2024-11-13,VERIFIED
CUS007727,RETAIL,AE,2023-03-29,VERIFIED
CUS007728,RETAIL,AE,2023-10-10,VERIFIED
CUS007729,RETAIL,IN,2023-02-19,VERIFIED
CUS007730,SME,IN,2023-02-18,VERIFIED
CUS007731,RETAIL,IN,2023-03-12,VERIFIED
CUS007732,RETAIL,IN,2022-07-18,VERIFIED
CUS007733,SME,AE,2024-03-26,VERIFIED
CUS007734,RETAIL,IN,2021-09-20,VERIFIED
CUS007735,SME,IN,2021-10-12,VERIFIED
CUS007736,RETAIL,IN,2023-04-01,VERIFIED
CUS007737,RETAIL,IN,2021-07-10,PENDING
CUS007738,RETAIL,IN,2023-12-14,VERIFIED
CUS007739,RETAIL,IN,2024-03-20,VERIFIED
CUS007740,RETAIL,SG,2023-12-05,VERIFIED
CUS007741,RETAIL,IN,2022-01-04,VERIFIED
CUS007742,RETAIL,AE,2024-06-23,VERIFIED
CUS007743,SME,IN,2023-11-02,VERIFIED
CUS007744,RETAIL,SG,2024-06-12,VERIFIED
CUS007745,RETAIL,IN,2023-04-20,VERIFIED
CUS007746,SME,IN,2023-11-01,VERIFIED
CUS007747,SME,AE,2021-11-15,VERIFIED
CUS007748,SME,SG,2022-01-24,VERIFIED
CUS007749,RETAIL,IN,2021-08-12,VERIFIED
CUS007750,SME,IN,2023-06-03,VERIFIED
CUS007751,RETAIL,SG,2022-12-20,PENDING
CUS007752,RETAIL,AE,2021-09-16,VERIFIED
CUS007753,RETAIL,SG,2022-04-09,VERIFIED
CUS007754,RETAIL,IN,2021-05-14,VERIFIED
CUS007755,SME,IN,2021-03-30,PENDING
CUS007756,RETAIL,IN,2024-09-18,VERIFIED
CUS007757,RETAIL,IN,2024-02-07,VERIFIED
CUS007758,RETAIL,IN,2022-04-12,PENDING
CUS007759,RETAIL,SG,2024-08-17,VERIFIED
CUS007760,RETAIL,IN,2024-09-04,VERIFIED
CUS007761,RETAIL,SG,2024-06-23,VERIFIED
CUS007762,RETAIL,SG,2024-09-23,VERIFIED
CUS007763,RETAIL,SG,2022-06-15,VERIFIED
CUS007764,RETAIL,IN,2023-12-12,VERIFIED
CUS007765,RETAIL,IN,2021-05-23,VERIFIED
CUS007766,RETAIL,IN,2024-08-12,VERIFIED
CUS007767,SME,IN,2023-04-04,VERIFIED
CUS007768,SME,IN,2022-06-18,VERIFIED
CUS007769,RETAIL,IN,2023-08-16,VERIFIED
CUS007770,RETAIL,IN,2022-04-05,VERIFIED
CUS007771,RETAIL,IN,2021-10-13,VERIFIED
CUS007772,RETAIL,AE,2022-07-22,VERIFIED
CUS007773,RETAIL,SG,2022-09-05,VERIFIED
CUS007774,SME,IN,2022-10-19,VERIFIED
CUS007775,SME,AE,2021-03-13,VERIFIED
CUS007776,RETAIL,IN,2022-01-04,VERIFIED
CUS007777,RETAIL,IN,2024-10-09,VERIFIED
CUS007778,SME,SG,2022-01-16,VERIFIED
CUS007779,RETAIL,IN,2024-05-16,VERIFIED
CUS007780,SME,IN,2021-09-01,VERIFIED
CUS007781,SME,IN,2023-10-05,VERIFIED
CUS007782,SME,IN,2022-05-07,VERIFIED
CUS007783,RETAIL,SG,2022-03-04,VERIFIED
CUS007784,RETAIL,IN,2023-08-22,VERIFIED
CUS007785,RETAIL,IN,2021-04-24,VERIFIED
CUS007786,SME,IN,2022-12-29,VERIFIED
CUS007787,RETAIL,IN,2023-05-21,VERIFIED
CUS007788,RETAIL,IN,2023-02-15,VERIFIED
CUS007789,RETAIL,AE,2023-10-29,REJECTED
CUS007790,RETAIL,SG,2024-08-03,VERIFIED
CUS007791,RETAIL,IN,2021-03-29,VERIFIED
CUS007792,SME,SG,2021-11-22,VERIFIED
CUS007793,RETAIL,IN,2021-11-18,VERIFIED
CUS007794,RETAIL,IN,2021-07-04,VERIFIED
CUS007795,RETAIL,IN,2022-08-29,VERIFIED
CUS007796,RETAIL,IN,2021-03-25,VERIFIED
CUS007797,RETAIL,SG,2021-03-24,VERIFIED
CUS007798,SME,AE,2024-01-20,VERIFIED
CUS007799,SME,IN,2023-04-26,VERIFIED
CUS007800,RETAIL,IN,2024-08-21,VERIFIED
CUS007801,SME,IN,2022-04-24,VERIFIED
CUS007802,RETAIL,IN,2024-07-30,VERIFIED
CUS007803,RETAIL,IN,2022-01-29,VERIFIED
CUS007804,RETAIL,AE,2021-12-02,VERIFIED
CUS007805,RETAIL,SG,2023-06-06,VERIFIED
CUS007806,RETAIL,AE,2022-08-01,VERIFIED
CUS007807,RETAIL,IN,2021-05-14,VERIFIED
CUS007808,RETAIL,IN,2022-02-08,VERIFIED
CUS007809,RETAIL,IN,2023-04-26,VERIFIED
CUS007810,RETAIL,AE,2021-07-14,VERIFIED
CUS007811,RETAIL,IN,2024-11-06,VERIFIED
CUS007812,SME,IN,2024-02-20,VERIFIED
CUS007813,RETAIL,IN,2023-10-01,VERIFIED
CUS007814,RETAIL,SG,2023-08-11,VERIFIED
CUS007815,RETAIL,SG,2022-06-05,VERIFIED
CUS007816,RETAIL,SG,2021-12-19,PENDING
CUS007817,RETAIL,IN,2024-10-19,VERIFIED
CUS007818,RETAIL,SG,2024-01-04,PENDING
CUS007819,RETAIL,IN,2021-11-13,VERIFIED
CUS007820,RETAIL,IN,2023-01-24,PENDING
CUS007821,RETAIL,IN,2023-10-25,VERIFIED
CUS007822,RETAIL,IN,2023-04-22,VERIFIED
CUS007823,RETAIL,IN,2022-09-06,VERIFIED
CUS007824,SME,AE,2022-09-21,VERIFIED
CUS007825,RETAIL,IN,2021-10-29,VERIFIED
CUS007826,RETAIL,IN,2021-03-20,VERIFIED
CUS007827,RETAIL,SG,2021-11-27,PENDING
CUS007828,RETAIL,SG,2024-08-09,VERIFIED
CUS007829,RETAIL,IN,2023-05-22,VERIFIED
CUS007830,RETAIL,IN,2023-02-23,VERIFIED
CUS007831,RETAIL,IN,2022-08-04,VERIFIED
CUS007832,RETAIL,IN,2021-04-30,VERIFIED
CUS007833,RETAIL,SG,2023-04-17,VERIFIED
CUS007834,SME,IN,2023-09-02,VERIFIED
CUS007835,RETAIL,IN,2021-07-22,VERIFIED
CUS007836,RETAIL,IN,2022-03-02,VERIFIED
CUS007837,RETAIL,IN,2023-03-31,VERIFIED
CUS007838,RETAIL,IN,2021-06-11,VERIFIED
CUS007839,RETAIL,AE,2023-11-05,VERIFIED
CUS007840,RETAIL,IN,2024-01-31,PENDING
CUS007841,SME,AE,2024-12-03,VERIFIED
CUS007842,RETAIL,IN,2024-09-10,VERIFIED
CUS007843,RETAIL,SG,2021-09-09,VERIFIED
CUS007844,RETAIL,IN,2024-09-18,PENDING
CUS007845,SME,IN,2022-01-27,VERIFIED
CUS007846,RETAIL,IN,2024-09-21,VERIFIED
CUS007847,SME,IN,2024-02-14,VERIFIED
CUS007848,RETAIL,AE,2023-08-30,VERIFIED
CUS007849,RETAIL,SG,2024-03-07,VERIFIED
CUS007850,SME,SG,2024-07-09,VERIFIED
CUS007851,RETAIL,IN,2021-03-19,VERIFIED
CUS007852,RETAIL,IN,2023-06-14,VERIFIED
CUS007853,RETAIL,SG,2023-05-20,VERIFIED
CUS007854,SME,SG,2022-02-11,VERIFIED
CUS007855,SME,IN,2021-07-02,VERIFIED
CUS007856,RETAIL,SG,2023-11-11,VERIFIED
CUS007857,SME,IN,2023-04-08,VERIFIED
CUS007858,RETAIL,AE,2023-03-02,VERIFIED
CUS007859,RETAIL,IN,2024-01-03,VERIFIED
CUS007860,RETAIL,IN,2024-07-07,VERIFIED
CUS007861,RETAIL,AE,2021-06-22,VERIFIED
CUS007862,RETAIL,IN,2022-04-30,VERIFIED
CUS007863,SME,IN,2022-05-27,VERIFIED
CUS007864,RETAIL,IN,2023-10-15,VERIFIED
CUS007865,SME,IN,2022-06-22,VERIFIED
CUS007866,RETAIL,AE,2024-06-26,VERIFIED
CUS007867,RETAIL,AE,2024-07-20,VERIFIED
CUS007868,SME,IN,2021-05-06,VERIFIED
CUS007869,RETAIL,AE,2024-02-16,VERIFIED
CUS007870,RETAIL,SG,2022-01-20,VERIFIED
CUS007871,RETAIL,AE,2023-12-09,VERIFIED
CUS007872,RETAIL,IN,2022-07-03,VERIFIED
CUS007873,RETAIL,IN,2022-08-29,VERIFIED
CUS007874,RETAIL,IN,2022-03-26,VERIFIED
CUS007875,RETAIL,IN,2021-05-07,VERIFIED
CUS007876,RETAIL,SG,2023-05-17,VERIFIED
CUS007877,RETAIL,IN,2021-09-07,VERIFIED
CUS007878,SME,IN,2023-11-11,VERIFIED
CUS007879,RETAIL,SG,2021-04-23,VERIFIED
CUS007880,SME,IN,2023-02-02,VERIFIED
CUS007881,SME,IN,2021-10-08,VERIFIED
CUS007882,RETAIL,SG,2021-11-03,VERIFIED
CUS007883,SME,AE,2022-07-28,VERIFIED
CUS007884,RETAIL,IN,2021-04-23,VERIFIED
CUS007885,RETAIL,AE,2022-06-01,VERIFIED
CUS007886,SME,AE,2022-09-07,VERIFIED
CUS007887,SME,SG,2024-01-13,VERIFIED
CUS007888,RETAIL,IN,2023-07-25,REJECTED
CUS007889,RETAIL,SG,2024-12-24,VERIFIED
CUS007890,RETAIL,SG,2022-04-02,VERIFIED
CUS007891,SME,IN,2022-09-05,VERIFIED
CUS007892,RETAIL,AE,2022-05-02,VERIFIED
CUS007893,RETAIL,AE,2022-08-05,VERIFIED
CUS007894,RETAIL,IN,2024-01-21,VERIFIED
CUS007895,RETAIL,SG,2021-03-04,VERIFIED
CUS007896,RETAIL,IN,2023-05-03,VERIFIED
CUS007897,RETAIL,SG,2022-04-28,VERIFIED
CUS007898,RETAIL,SG,2024-06-28,VERIFIED
CUS007899,RETAIL,IN,2022-09-19,VERIFIED
CUS007900,RETAIL,IN,2023-06-18,VERIFIED
CUS007901,RETAIL,IN,2021-06-13,VERIFIED
CUS007902,RETAIL,AE,2022-01-30,VERIFIED
CUS007903,RETAIL,IN,2021-06-03,VERIFIED
CUS007904,RETAIL,AE,2023-10-20,VERIFIED
CUS007905,RETAIL,IN,2022-06-22,VERIFIED
CUS007906,RETAIL,IN,2022-07-30,VERIFIED
CUS007907,RETAIL,AE,2024-01-16,VERIFIED
CUS007908,SME,IN,2023-10-01,VERIFIED
CUS007909,SME,IN,2022-06-02,VERIFIED
CUS007910,RETAIL,IN,2024-06-10,VERIFIED
CUS007911,RETAIL,IN,2023-06-21,VERIFIED
CUS007912,RETAIL,IN,2022-03-01,VERIFIED
CUS007913,RETAIL,IN,2021-10-12,VERIFIED
CUS007914,RETAIL,IN,2022-09-29,VERIFIED
CUS007915,SME,IN,2022-06-09,PENDING
CUS007916,RETAIL,IN,2021-11-03,VERIFIED
CUS007917,SME,IN,2024-02-13,VERIFIED
CUS007918,RETAIL,IN,2022-05-27,VERIFIED
CUS007919,RETAIL,AE,2022-03-08,VERIFIED
CUS007920,RETAIL,IN,2021-11-14,VERIFIED
CUS007921,RETAIL,IN,2022-09-03,VERIFIED
CUS007922,SME,IN,2024-05-30,VERIFIED
CUS007923,RETAIL,AE,2024-10-23,VERIFIED
CUS007924,RETAIL,SG,2022-08-25,VERIFIED
CUS007925,SME,AE,2023-12-11,VERIFIED
CUS007926,RETAIL,AE,2023-08-06,VERIFIED
CUS007927,RETAIL,SG,2023-03-27,VERIFIED
CUS007928,RETAIL,AE,2022-02-21,VERIFIED
CUS007929,RETAIL,IN,2023-08-24,VERIFIED
CUS007930,SME,AE,2022-10-12,VERIFIED
CUS007931,RETAIL,AE,2023-02-04,VERIFIED
CUS007932,RETAIL,AE,2024-10-18,VERIFIED
CUS007933,RETAIL,IN,2022-05-10,VERIFIED
CUS007934,RETAIL,SG,2022-12-17,VERIFIED
CUS007935,RETAIL,IN,2024-02-27,VERIFIED
CUS007936,RETAIL,IN,2022-02-24,VERIFIED
CUS007937,RETAIL,IN,2024-08-15,VERIFIED
CUS007938,RETAIL,IN,2023-12-31,VERIFIED
CUS007939,RETAIL,SG,2024-02-02,VERIFIED
CUS007940,RETAIL,IN,2022-06-30,VERIFIED
CUS007941,RETAIL,IN,2021-03-18,VERIFIED
CUS007942,RETAIL,IN,2021-10-12,VERIFIED
CUS007943,RETAIL,SG,2024-06-22,VERIFIED
CUS007944,RETAIL,SG,2024-10-02,VERIFIED
CUS007945,RETAIL,SG,2021-12-24,VERIFIED
CUS007946,RETAIL,IN,2022-10-15,VERIFIED
CUS007947,RETAIL,SG,2023-08-18,VERIFIED
CUS007948,RETAIL,SG,2021-08-08,VERIFIED
CUS007949,RETAIL,IN,2024-04-27,VERIFIED
CUS007950,RETAIL,IN,2024-07-09,VERIFIED
CUS007951,RETAIL,IN,2023-02-02,VERIFIED
CUS007952,SME,IN,2023-12-22,PENDING
CUS007953,RETAIL,IN,2024-02-11,PENDING
CUS007954,RETAIL,IN,2022-08-09,VERIFIED
CUS007955,RETAIL,IN,2023-11-02,VERIFIED
CUS007956,RETAIL,IN,2022-10-05,VERIFIED
CUS007957,RETAIL,IN,2022-10-31,VERIFIED
CUS007958,RETAIL,SG,2021-12-18,VERIFIED
CUS007959,RETAIL,IN,2021-04-06,VERIFIED
CUS007960,RETAIL,IN,2022-08-05,VERIFIED
CUS007961,RETAIL,SG,2023-11-27,VERIFIED
CUS007962,SME,IN,2022-10-18,VERIFIED
CUS007963,RETAIL,IN,2023-02-26,VERIFIED
CUS007964,RETAIL,IN,2023-04-10,VERIFIED
CUS007965,RETAIL,IN,2023-09-07,VERIFIED
CUS007966,SME,IN,2024-09-14,VERIFIED
CUS007967,SME,IN,2024-01-22,VERIFIED
CUS007968,RETAIL,IN,2022-09-27,VERIFIED
CUS007969,RETAIL,IN,2024-09-25,VERIFIED
CUS007970,SME,AE,2024-05-27,VERIFIED
CUS007971,RETAIL,IN,2022-10-26,VERIFIED
CUS007972,RETAIL,IN,2021-03-09,VERIFIED
CUS007973,RETAIL,IN,2024-05-13,VERIFIED
CUS007974,RETAIL,SG,2024-09-14,VERIFIED
CUS007975,RETAIL,SG,2023-08-31,VERIFIED
CUS007976,RETAIL,SG,2024-09-17,PENDING
CUS007977,RETAIL,IN,2021-07-27,VERIFIED
CUS007978,RETAIL,IN,2021-12-26,VERIFIED
CUS007979,RETAIL,SG,2024-07-22,VERIFIED
CUS007980,RETAIL,IN,2024-08-13,VERIFIED
CUS007981,RETAIL,AE,2022-12-06,VERIFIED
CUS007982,RETAIL,IN,2023-06-14,VERIFIED
CUS007983,SME,IN,2022-05-07,PENDING
CUS007984,RETAIL,IN,2021-06-13,VERIFIED
CUS007985,RETAIL,IN,2023-09-22,VERIFIED
CUS007986,SME,AE,2021-12-25,VERIFIED
CUS007987,RETAIL,IN,2023-09-23,VERIFIED
CUS007988,RETAIL,IN,2024-02-11,VERIFIED
CUS007989,RETAIL,IN,2021-04-14,VERIFIED
CUS007990,SME,AE,2024-01-16,VERIFIED
CUS007991,RETAIL,IN,2024-06-15,VERIFIED
CUS007992,RETAIL,AE,2022-09-25,VERIFIED
CUS007993,RETAIL,AE,2022-09-21,VERIFIED
CUS007994,SME,IN,2023-02-20,VERIFIED
CUS007995,SME,AE,2024-09-01,VERIFIED
CUS007996,RETAIL,AE,2024-07-22,VERIFIED
CUS007997,RETAIL,IN,2022-02-06,VERIFIED
CUS007998,RETAIL,IN,2024-05-24,VERIFIED
CUS007999,RETAIL,IN,2023-12-12,VERIFIED
CUS008000,RETAIL,SG,2021-12-04,VERIFIED
CUS008001,SME,IN,2023-09-16,VERIFIED
CUS008002,RETAIL,SG,2023-09-07,VERIFIED
CUS008003,SME,IN,2021-06-29,VERIFIED
CUS008004,RETAIL,IN,2021-12-10,VERIFIED
CUS008005,SME,IN,2022-04-16,VERIFIED
CUS008006,RETAIL,SG,2024-04-11,VERIFIED
CUS008007,RETAIL,IN,2023-11-30,VERIFIED
CUS008008,SME,SG,2022-09-15,VERIFIED
CUS008009,RETAIL,IN,2021-10-15,VERIFIED
CUS008010,SME,IN,2023-01-25,VERIFIED
CUS008011,RETAIL,IN,2022-02-25,VERIFIED
CUS008012,SME,AE,2023-10-03,VERIFIED
CUS008013,SME,IN,2023-08-09,VERIFIED
CUS008014,RETAIL,SG,2022-09-02,VERIFIED
CUS008015,RETAIL,IN,2022-10-31,VERIFIED
CUS008016,RETAIL,SG,2024-07-11,VERIFIED
CUS008017,RETAIL,IN,2023-07-07,VERIFIED
CUS008018,RETAIL,IN,2021-09-20,VERIFIED
CUS008019,RETAIL,IN,2022-12-17,VERIFIED
CUS008020,RETAIL,IN,2022-02-26,VERIFIED
CUS008021,RETAIL,IN,2021-11-01,VERIFIED
CUS008022,RETAIL,IN,2023-11-27,VERIFIED
CUS008023,SME,IN,2024-02-08,VERIFIED
CUS008024,SME,AE,2022-10-12,VERIFIED
CUS008025,RETAIL,IN,2023-03-02,VERIFIED
CUS008026,RETAIL,AE,2021-07-18,VERIFIED
CUS008027,RETAIL,IN,2024-04-21,VERIFIED
CUS008028,RETAIL,IN,2023-05-21,VERIFIED
CUS008029,RETAIL,IN,2024-10-25,VERIFIED
CUS008030,RETAIL,IN,2023-08-12,VERIFIED
CUS008031,RETAIL,IN,2022-10-02,VERIFIED
CUS008032,RETAIL,AE,2021-12-10,PENDING
CUS008033,RETAIL,SG,2021-10-08,VERIFIED
CUS008034,RETAIL,IN,2024-12-31,VERIFIED
CUS008035,RETAIL,IN,2021-08-30,VERIFIED
CUS008036,RETAIL,IN,2022-05-17,VERIFIED
CUS008037,SME,IN,2024-03-25,VERIFIED
CUS008038,RETAIL,IN,2024-03-05,VERIFIED
CUS008039,RETAIL,IN,2022-01-10,VERIFIED
CUS008040,RETAIL,IN,2022-05-06,VERIFIED
CUS008041,RETAIL,IN,2024-03-19,VERIFIED
CUS008042,RETAIL,SG,2023-04-29,VERIFIED
CUS008043,RETAIL,IN,2021-09-18,VERIFIED
CUS008044,RETAIL,IN,2024-12-04,VERIFIED
CUS008045,RETAIL,AE,2023-01-17,VERIFIED
CUS008046,RETAIL,AE,2021-08-27,VERIFIED
CUS008047,RETAIL,IN,2024-12-27,VERIFIED
CUS008048,RETAIL,IN,2022-11-28,VERIFIED
CUS008049,SME,SG,2022-11-11,VERIFIED
CUS008050,RETAIL,IN,2023-10-20,VERIFIED
CUS008051,SME,IN,2022-12-08,VERIFIED
CUS008052,RETAIL,IN,2022-04-23,VERIFIED
CUS008053,RETAIL,IN,2023-12-01,VERIFIED
CUS008054,SME,AE,2023-02-07,VERIFIED
CUS008055,RETAIL,SG,2022-12-12,VERIFIED
CUS008056,RETAIL,AE,2024-11-14,VERIFIED
CUS008057,SME,SG,2024-03-10,VERIFIED
CUS008058,RETAIL,IN,2022-07-06,VERIFIED
CUS008059,SME,SG,2023-02-17,VERIFIED
CUS008060,RETAIL,SG,2021-04-15,VERIFIED
CUS008061,RETAIL,IN,2021-09-29,VERIFIED
CUS008062,RETAIL,IN,2024-02-26,VERIFIED
CUS008063,RETAIL,IN,2021-03-07,VERIFIED
CUS008064,SME,IN,2021-09-11,VERIFIED
CUS008065,RETAIL,IN,2023-05-24,VERIFIED
CUS008066,RETAIL,IN,2022-08-16,VERIFIED
CUS008067,SME,IN,2023-12-07,VERIFIED
CUS008068,SME,IN,2024-09-14,VERIFIED
CUS008069,RETAIL,IN,2024-02-04,VERIFIED
CUS008070,RETAIL,IN,2022-03-17,VERIFIED
CUS008071,SME,IN,2022-10-25,VERIFIED
CUS008072,RETAIL,AE,2023-04-24,VERIFIED
CUS008073,RETAIL,IN,2023-02-28,VERIFIED
CUS008074,RETAIL,IN,2021-12-17,VERIFIED
CUS008075,RETAIL,IN,2022-05-03,VERIFIED
CUS008076,SME,AE,2022-07-26,VERIFIED
CUS008077,RETAIL,SG,2023-01-31,VERIFIED
CUS008078,SME,IN,2024-12-29,VERIFIED
CUS008079,RETAIL,IN,2023-09-22,VERIFIED
CUS008080,RETAIL,SG,2024-07-09,VERIFIED
CUS008081,RETAIL,AE,2022-01-14,VERIFIED
CUS008082,SME,IN,2023-08-27,VERIFIED
CUS008083,RETAIL,IN,2024-01-25,VERIFIED
CUS008084,RETAIL,IN,2023-02-27,VERIFIED
CUS008085,RETAIL,IN,2023-03-02,VERIFIED
CUS008086,RETAIL,SG,2021-06-07,VERIFIED
CUS008087,RETAIL,AE,2024-04-26,VERIFIED
CUS008088,RETAIL,AE,2021-11-08,VERIFIED
CUS008089,RETAIL,SG,2024-03-05,PENDING
CUS008090,RETAIL,IN,2021-12-06,VERIFIED
CUS008091,RETAIL,AE,2022-12-10,VERIFIED
CUS008092,RETAIL,IN,2022-12-08,VERIFIED
CUS008093,SME,IN,2022-04-21,VERIFIED
CUS008094,SME,SG,2024-08-24,VERIFIED
CUS008095,RETAIL,IN,2021-12-12,VERIFIED
CUS008096,RETAIL,SG,2022-02-22,VERIFIED
CUS008097,RETAIL,AE,2024-03-30,VERIFIED
CUS008098,RETAIL,SG,2024-09-02,VERIFIED
CUS008099,RETAIL,SG,2022-03-26,VERIFIED
CUS008100,RETAIL,IN,2024-08-26,VERIFIED
CUS008101,RETAIL,IN,2022-10-13,VERIFIED
CUS008102,RETAIL,SG,2024-01-10,VERIFIED
CUS008103,RETAIL,IN,2022-04-02,VERIFIED
CUS008104,RETAIL,AE,2021-06-20,VERIFIED
CUS008105,RETAIL,IN,2021-10-11,VERIFIED
CUS008106,RETAIL,IN,2022-02-17,PENDING
CUS008107,RETAIL,IN,2022-07-17,VERIFIED
CUS008108,SME,SG,2024-09-16,VERIFIED
CUS008109,RETAIL,SG,2021-05-13,VERIFIED
CUS008110,RETAIL,AE,2021-06-25,VERIFIED
CUS008111,SME,IN,2024-10-06,VERIFIED
CUS008112,RETAIL,IN,2022-01-01,VERIFIED
CUS008113,RETAIL,IN,2024-08-05,VERIFIED
CUS008114,RETAIL,IN,2022-09-09,VERIFIED
CUS008115,RETAIL,IN,2024-01-18,VERIFIED
CUS008116,RETAIL,IN,2024-07-08,VERIFIED
CUS008117,RETAIL,IN,2024-02-14,VERIFIED
CUS008118,SME,IN,2023-10-11,VERIFIED
CUS008119,RETAIL,SG,2023-09-01,VERIFIED
CUS008120,RETAIL,SG,2023-11-08,VERIFIED
CUS008121,RETAIL,IN,2023-03-25,VERIFIED
CUS008122,RETAIL,IN,2022-07-20,VERIFIED
CUS008123,RETAIL,SG,2023-03-24,VERIFIED
CUS008124,RETAIL,SG,2022-10-01,VERIFIED
CUS008125,RETAIL,SG,2023-07-13,VERIFIED
CUS008126,RETAIL,IN,2023-12-10,VERIFIED
CUS008127,RETAIL,IN,2024-06-08,VERIFIED
CUS008128,SME,AE,2023-10-24,VERIFIED
CUS008129,RETAIL,IN,2024-04-07,VERIFIED
CUS008130,RETAIL,IN,2023-01-07,VERIFIED
CUS008131,RETAIL,AE,2022-06-30,VERIFIED
CUS008132,SME,IN,2021-10-06,PENDING
CUS008133,RETAIL,SG,2023-11-16,VERIFIED
CUS008134,RETAIL,AE,2024-07-09,VERIFIED
CUS008135,SME,IN,2021-11-17,VERIFIED
CUS008136,RETAIL,SG,2022-03-22,VERIFIED
CUS008137,RETAIL,IN,2023-10-16,VERIFIED
CUS008138,RETAIL,AE,2021-03-10,VERIFIED
CUS008139,RETAIL,AE,2022-07-18,VERIFIED
CUS008140,RETAIL,AE,2022-02-17,VERIFIED
CUS008141,SME,IN,2023-08-29,PENDING
CUS008142,RETAIL,SG,2023-04-24,VERIFIED
CUS008143,RETAIL,AE,2023-09-01,PENDING
CUS008144,RETAIL,SG,2022-03-14,VERIFIED
CUS008145,RETAIL,IN,2021-11-18,VERIFIED
CUS008146,RETAIL,IN,2021-09-15,VERIFIED
CUS008147,SME,AE,2023-09-24,VERIFIED
CUS008148,RETAIL,IN,2022-01-22,VERIFIED
CUS008149,SME,IN,2022-05-21,VERIFIED
CUS008150,RETAIL,AE,2024-12-15,VERIFIED
CUS008151,RETAIL,AE,2021-12-15,VERIFIED
CUS008152,RETAIL,AE,2024-07-01,VERIFIED
CUS008153,SME,IN,2024-07-06,VERIFIED
CUS008154,RETAIL,IN,2024-08-05,VERIFIED
CUS008155,RETAIL,IN,2022-11-25,VERIFIED
CUS008156,RETAIL,IN,2024-11-18,VERIFIED
CUS008157,RETAIL,AE,2023-01-26,VERIFIED
CUS008158,RETAIL,IN,2022-04-07,VERIFIED
CUS008159,SME,IN,2022-12-14,VERIFIED
CUS008160,RETAIL,IN,2023-12-24,VERIFIED
CUS008161,RETAIL,IN,2023-09-22,PENDING
CUS008162,RETAIL,AE,2022-03-28,VERIFIED
CUS008163,RETAIL,SG,2023-09-14,VERIFIED
CUS008164,RETAIL,IN,2022-06-14,VERIFIED
CUS008165,RETAIL,IN,2022-05-15,VERIFIED
CUS008166,RETAIL,IN,2022-12-30,VERIFIED
CUS008167,RETAIL,IN,2023-07-31,REJECTED
CUS008168,SME,AE,2024-10-10,VERIFIED
CUS008169,RETAIL,SG,2022-02-24,VERIFIED
CUS008170,RETAIL,IN,2023-11-01,VERIFIED
CUS008171,RETAIL,SG,2023-04-06,VERIFIED
CUS008172,RETAIL,IN,2024-11-25,VERIFIED
CUS008173,RETAIL,IN,2022-02-27,VERIFIED
CUS008174,RETAIL,IN,2021-07-07,VERIFIED
CUS008175,RETAIL,IN,2021-08-21,VERIFIED
CUS008176,RETAIL,IN,2023-10-27,PENDING
CUS008177,RETAIL,AE,2024-08-30,PENDING
CUS008178,SME,AE,2024-08-22,VERIFIED
CUS008179,SME,IN,2023-07-19,VERIFIED
CUS008180,RETAIL,SG,2024-12-29,VERIFIED
CUS008181,RETAIL,IN,2024-04-26,VERIFIED
CUS008182,SME,IN,2022-08-29,VERIFIED
CUS008183,RETAIL,IN,2024-11-04,VERIFIED
CUS008184,RETAIL,IN,2022-08-16,VERIFIED
CUS008185,RETAIL,IN,2021-09-05,VERIFIED
CUS008186,SME,AE,2021-03-11,VERIFIED
CUS008187,SME,AE,2021-04-12,VERIFIED
CUS008188,RETAIL,IN,2023-11-24,VERIFIED
CUS008189,RETAIL,SG,2022-07-13,VERIFIED
CUS008190,RETAIL,IN,2024-10-28,VERIFIED
CUS008191,RETAIL,SG,2024-02-03,VERIFIED
CUS008192,RETAIL,IN,2022-01-06,VERIFIED
CUS008193,RETAIL,IN,2024-03-21,VERIFIED
CUS008194,RETAIL,SG,2023-11-02,VERIFIED
CUS008195,RETAIL,IN,2023-06-07,VERIFIED
CUS008196,RETAIL,IN,2023-09-27,VERIFIED
CUS008197,RETAIL,IN,2022-03-03,VERIFIED
CUS008198,SME,IN,2021-07-11,VERIFIED
CUS008199,RETAIL,IN,2022-12-10,VERIFIED
CUS008200,RETAIL,IN,2022-10-19,VERIFIED
CUS008201,RETAIL,SG,2022-03-14,VERIFIED
CUS008202,SME,IN,2023-06-21,VERIFIED
CUS008203,SME,IN,2023-04-06,VERIFIED
CUS008204,RETAIL,IN,2021-05-12,VERIFIED
CUS008205,RETAIL,SG,2023-07-12,VERIFIED
CUS008206,SME,SG,2023-12-27,VERIFIED
CUS008207,RETAIL,IN,2024-12-03,PENDING
CUS008208,RETAIL,IN,2024-12-02,VERIFIED
CUS008209,SME,IN,2022-01-21,VERIFIED
CUS008210,RETAIL,IN,2024-02-13,VERIFIED
CUS008211,SME,IN,2022-03-02,VERIFIED
CUS008212,RETAIL,IN,2024-11-01,VERIFIED
CUS008213,SME,AE,2021-12-15,VERIFIED
CUS008214,SME,IN,2023-06-11,VERIFIED
CUS008215,RETAIL,SG,2021-11-16,VERIFIED
CUS008216,RETAIL,IN,2021-10-26,VERIFIED
CUS008217,RETAIL,IN,2022-10-26,VERIFIED
CUS008218,SME,AE,2021-04-07,VERIFIED
CUS008219,RETAIL,SG,2021-05-18,VERIFIED
CUS008220,RETAIL,IN,2022-04-27,VERIFIED
CUS008221,SME,SG,2023-02-13,VERIFIED
CUS008222,RETAIL,IN,2021-06-15,VERIFIED
CUS008223,RETAIL,IN,2021-04-15,VERIFIED
CUS008224,RETAIL,SG,2023-06-10,VERIFIED
CUS008225,SME,SG,2023-10-05,VERIFIED
CUS008226,RETAIL,IN,2023-11-05,VERIFIED
CUS008227,SME,AE,2021-06-02,VERIFIED
CUS008228,RETAIL,SG,2024-05-31,VERIFIED
CUS008229,SME,IN,2024-12-28,VERIFIED
CUS008230,RETAIL,IN,2023-01-31,VERIFIED
CUS008231,RETAIL,IN,2021-05-11,VERIFIED
CUS008232,SME,IN,2023-10-02,VERIFIED
CUS008233,SME,SG,2023-01-26,VERIFIED
CUS008234,RETAIL,IN,2024-08-04,VERIFIED
CUS008235,RETAIL,SG,2021-11-10,VERIFIED
CUS008236,RETAIL,IN,2021-06-07,VERIFIED
CUS008237,RETAIL,SG,2022-07-29,VERIFIED
CUS008238,RETAIL,SG,2024-07-12,VERIFIED
CUS008239,SME,SG,2024-08-17,VERIFIED
CUS008240,RETAIL,SG,2022-03-03,VERIFIED
CUS008241,RETAIL,AE,2024-07-06,VERIFIED
CUS008242,RETAIL,IN,2024-09-28,PENDING
CUS008243,RETAIL,SG,2021-08-04,VERIFIED
CUS008244,RETAIL,AE,2022-12-26,VERIFIED
CUS008245,SME,IN,2022-09-21,VERIFIED
CUS008246,RETAIL,IN,2022-06-02,VERIFIED
CUS008247,RETAIL,AE,2023-09-07,VERIFIED
CUS008248,RETAIL,IN,2024-02-08,VERIFIED
CUS008249,RETAIL,IN,2023-01-06,VERIFIED
CUS008250,RETAIL,IN,2024-09-18,VERIFIED
CUS008251,RETAIL,IN,2023-11-15,VERIFIED
CUS008252,RETAIL,IN,2022-09-24,VERIFIED
CUS008253,RETAIL,IN,2021-05-22,VERIFIED
CUS008254,RETAIL,AE,2022-09-10,VERIFIED
CUS008255,RETAIL,IN,2022-02-14,VERIFIED
CUS008256,RETAIL,IN,2023-10-23,VERIFIED
CUS008257,RETAIL,AE,2024-10-14,VERIFIED
CUS008258,RETAIL,SG,2023-07-25,VERIFIED
CUS008259,RETAIL,IN,2022-05-10,VERIFIED
CUS008260,RETAIL,IN,2024-10-30,VERIFIED
CUS008261,RETAIL,SG,2021-09-07,VERIFIED
CUS008262,RETAIL,AE,2023-11-14,VERIFIED
CUS008263,RETAIL,IN,2022-05-15,VERIFIED
CUS008264,SME,IN,2021-08-15,VERIFIED
CUS008265,RETAIL,SG,2022-08-29,PENDING
CUS008266,RETAIL,SG,2024-05-07,VERIFIED
CUS008267,RETAIL,IN,2024-01-10,VERIFIED
CUS008268,RETAIL,AE,2023-03-18,VERIFIED
CUS008269,RETAIL,SG,2021-04-02,PENDING
CUS008270,RETAIL,SG,2022-05-30,VERIFIED
CUS008271,SME,SG,2022-08-22,VERIFIED
CUS008272,RETAIL,SG,2021-12-04,VERIFIED
CUS008273,RETAIL,IN,2024-06-17,VERIFIED
CUS008274,RETAIL,IN,2024-09-10,VERIFIED
CUS008275,RETAIL,SG,2022-10-08,VERIFIED
CUS008276,RETAIL,IN,2022-09-26,VERIFIED
CUS008277,RETAIL,IN,2024-01-07,VERIFIED
CUS008278,RETAIL,IN,2022-08-07,VERIFIED
CUS008279,SME,SG,2024-06-01,VERIFIED
CUS008280,SME,SG,2024-03-31,VERIFIED
CUS008281,RETAIL,IN,2021-07-30,VERIFIED
CUS008282,RETAIL,IN,2024-11-19,VERIFIED
CUS008283,RETAIL,IN,2022-11-13,VERIFIED
CUS008284,RETAIL,AE,2021-10-07,VERIFIED
CUS008285,SME,AE,2022-04-09,VERIFIED
CUS008286,RETAIL,IN,2023-04-26,VERIFIED
CUS008287,SME,IN,2023-10-19,VERIFIED
CUS008288,RETAIL,SG,2024-10-08,VERIFIED
CUS008289,RETAIL,IN,2024-07-12,PENDING
CUS008290,SME,AE,2022-10-15,VERIFIED
CUS008291,SME,IN,2022-12-24,VERIFIED
CUS008292,SME,IN,2023-07-24,VERIFIED
CUS008293,RETAIL,IN,2023-11-19,VERIFIED
CUS008294,RETAIL,IN,2024-09-11,VERIFIED
CUS008295,RETAIL,IN,2024-07-13,VERIFIED
CUS008296,RETAIL,SG,2023-11-27,VERIFIED
CUS008297,RETAIL,IN,2021-06-18,VERIFIED
CUS008298,RETAIL,IN,2023-10-02,VERIFIED
CUS008299,SME,SG,2024-07-23,VERIFIED
CUS008300,SME,AE,2022-10-20,VERIFIED
CUS008301,RETAIL,IN,2024-07-08,VERIFIED
CUS008302,RETAIL,IN,2023-06-17,VERIFIED
CUS008303,RETAIL,IN,2022-03-19,VERIFIED
CUS008304,RETAIL,IN,2024-08-05,PENDING
CUS008305,RETAIL,SG,2021-06-19,VERIFIED
CUS008306,SME,IN,2022-07-27,VERIFIED
CUS008307,RETAIL,IN,2021-07-01,VERIFIED
CUS008308,RETAIL,SG,2022-03-18,VERIFIED
CUS008309,RETAIL,IN,2021-04-20,VERIFIED
CUS008310,RETAIL,IN,2023-01-22,VERIFIED
CUS008311,RETAIL,IN,2024-12-10,VERIFIED
CUS008312,RETAIL,AE,2024-10-05,VERIFIED
CUS008313,RETAIL,SG,2024-04-20,VERIFIED
CUS008314,RETAIL,IN,2024-08-10,VERIFIED
CUS008315,RETAIL,SG,2021-11-27,VERIFIED
CUS008316,RETAIL,IN,2021-05-20,VERIFIED
CUS008317,SME,IN,2022-08-15,VERIFIED
CUS008318,SME,IN,2024-04-11,VERIFIED
CUS008319,SME,IN,2021-04-02,VERIFIED
CUS008320,SME,IN,2023-10-29,VERIFIED
CUS008321,SME,AE,2021-08-15,VERIFIED
CUS008322,SME,IN,2022-05-15,VERIFIED
CUS008323,RETAIL,SG,2023-04-30,VERIFIED
CUS008324,RETAIL,SG,2021-12-20,VERIFIED
CUS008325,RETAIL,IN,2022-06-17,VERIFIED
CUS008326,SME,IN,2021-07-06,VERIFIED
CUS008327,SME,IN,2022-09-04,VERIFIED
CUS008328,RETAIL,IN,2023-06-28,VERIFIED
CUS008329,SME,IN,2024-08-22,VERIFIED
CUS008330,RETAIL,AE,2021-03-14,VERIFIED
CUS008331,RETAIL,AE,2022-01-05,VERIFIED
CUS008332,RETAIL,IN,2024-08-09,VERIFIED
CUS008333,RETAIL,IN,2022-09-05,VERIFIED
CUS008334,RETAIL,IN,2021-11-01,PENDING
CUS008335,RETAIL,AE,2022-04-28,VERIFIED
CUS008336,RETAIL,IN,2023-12-18,VERIFIED
CUS008337,RETAIL,IN,2024-06-22,VERIFIED
CUS008338,SME,SG,2021-05-31,VERIFIED
CUS008339,RETAIL,IN,2023-08-02,PENDING
CUS008340,RETAIL,IN,2021-09-03,PENDING
CUS008341,RETAIL,SG,2023-03-22,VERIFIED
CUS008342,SME,IN,2022-01-30,VERIFIED
CUS008343,RETAIL,IN,2024-01-27,VERIFIED
CUS008344,RETAIL,IN,2022-09-09,VERIFIED
CUS008345,RETAIL,IN,2022-11-09,VERIFIED
CUS008346,RETAIL,AE,2024-03-07,VERIFIED
CUS008347,RETAIL,IN,2022-05-24,VERIFIED
CUS008348,RETAIL,SG,2023-03-27,VERIFIED
CUS008349,SME,IN,2022-07-02,VERIFIED
CUS008350,RETAIL,SG,2024-11-14,VERIFIED
CUS008351,SME,AE,2024-07-13,PENDING
CUS008352,RETAIL,IN,2022-04-14,VERIFIED
CUS008353,RETAIL,AE,2021-03-09,VERIFIED
CUS008354,RETAIL,SG,2024-07-23,VERIFIED
CUS008355,RETAIL,SG,2024-11-27,VERIFIED
CUS008356,RETAIL,IN,2024-01-06,VERIFIED
CUS008357,SME,SG,2024-11-03,VERIFIED
CUS008358,RETAIL,IN,2024-01-24,VERIFIED
CUS008359,SME,AE,2022-05-09,VERIFIED
CUS008360,RETAIL,AE,2021-12-25,VERIFIED
CUS008361,RETAIL,IN,2022-08-02,VERIFIED
CUS008362,RETAIL,AE,2023-06-21,VERIFIED
CUS008363,RETAIL,AE,2024-05-30,VERIFIED
CUS008364,RETAIL,IN,2022-12-15,VERIFIED
CUS008365,RETAIL,IN,2021-04-22,VERIFIED
CUS008366,RETAIL,IN,2024-03-15,VERIFIED
CUS008367,RETAIL,IN,2022-12-04,VERIFIED
CUS008368,RETAIL,IN,2023-09-22,VERIFIED
CUS008369,RETAIL,AE,2023-08-20,VERIFIED
CUS008370,RETAIL,IN,2023-01-16,VERIFIED
CUS008371,RETAIL,SG,2024-05-10,VERIFIED
CUS008372,RETAIL,SG,2024-04-05,VERIFIED
CUS008373,SME,SG,2024-11-05,VERIFIED
CUS008374,SME,IN,2022-05-12,VERIFIED
CUS008375,RETAIL,IN,2021-07-09,VERIFIED
CUS008376,SME,SG,2023-04-14,VERIFIED
CUS008377,RETAIL,IN,2022-08-17,VERIFIED
CUS008378,RETAIL,IN,2021-03-26,VERIFIED
CUS008379,SME,SG,2022-02-03,VERIFIED
CUS008380,RETAIL,IN,2024-01-22,VERIFIED
CUS008381,RETAIL,IN,2022-01-11,VERIFIED
CUS008382,RETAIL,IN,2023-06-27,VERIFIED
CUS008383,SME,IN,2021-04-30,VERIFIED
CUS008384,RETAIL,SG,2021-06-17,VERIFIED
CUS008385,SME,IN,2024-11-04,VERIFIED
CUS008386,RETAIL,AE,2021-08-10,VERIFIED
CUS008387,SME,AE,2024-01-31,VERIFIED
CUS008388,RETAIL,IN,2023-02-24,VERIFIED
CUS008389,RETAIL,IN,2022-02-18,VERIFIED
CUS008390,SME,IN,2024-07-12,VERIFIED
CUS008391,RETAIL,AE,2024-12-10,VERIFIED
CUS008392,RETAIL,SG,2023-06-09,VERIFIED
CUS008393,SME,IN,2022-10-10,VERIFIED
CUS008394,SME,IN,2022-10-02,VERIFIED
CUS008395,RETAIL,IN,2021-05-09,VERIFIED
CUS008396,RETAIL,IN,2024-01-12,VERIFIED
CUS008397,RETAIL,IN,2022-04-10,VERIFIED
CUS008398,RETAIL,IN,2024-04-09,VERIFIED
CUS008399,RETAIL,SG,2023-04-13,VERIFIED
CUS008400,SME,IN,2022-12-19,VERIFIED
CUS008401,RETAIL,IN,2023-05-11,VERIFIED
CUS008402,RETAIL,SG,2024-04-30,VERIFIED
CUS008403,RETAIL,AE,2024-04-10,VERIFIED
CUS008404,SME,IN,2021-08-26,VERIFIED
CUS008405,RETAIL,AE,2021-05-12,VERIFIED
CUS008406,RETAIL,IN,2024-09-20,VERIFIED
CUS008407,RETAIL,AE,2024-02-11,VERIFIED
CUS008408,RETAIL,IN,2021-03-21,VERIFIED
CUS008409,RETAIL,SG,2024-07-22,VERIFIED
CUS008410,RETAIL,IN,2022-12-10,VERIFIED
CUS008411,RETAIL,AE,2023-11-23,VERIFIED
CUS008412,RETAIL,AE,2021-03-27,VERIFIED
CUS008413,RETAIL,IN,2022-02-24,VERIFIED
CUS008414,RETAIL,IN,2022-02-14,VERIFIED
CUS008415,RETAIL,IN,2024-10-02,VERIFIED
CUS008416,RETAIL,IN,2024-06-01,VERIFIED
CUS008417,RETAIL,SG,2021-12-16,VERIFIED
CUS008418,RETAIL,SG,2024-02-18,VERIFIED
CUS008419,RETAIL,IN,2023-05-04,VERIFIED
CUS008420,SME,IN,2024-08-05,VERIFIED
CUS008421,RETAIL,AE,2024-12-01,VERIFIED
CUS008422,RETAIL,IN,2022-03-18,VERIFIED
CUS008423,SME,SG,2024-04-28,VERIFIED
CUS008424,RETAIL,IN,2024-05-10,VERIFIED
CUS008425,SME,IN,2021-10-09,VERIFIED
CUS008426,SME,IN,2022-04-07,VERIFIED
CUS008427,RETAIL,IN,2024-03-08,VERIFIED
CUS008428,RETAIL,SG,2021-09-16,VERIFIED
CUS008429,SME,IN,2021-04-14,VERIFIED
CUS008430,RETAIL,SG,2023-06-05,VERIFIED
CUS008431,RETAIL,SG,2023-04-06,VERIFIED
CUS008432,RETAIL,IN,2022-06-21,PENDING
CUS008433,RETAIL,IN,2024-06-10,VERIFIED
CUS008434,SME,SG,2021-07-28,VERIFIED
CUS008435,RETAIL,SG,2024-07-10,VERIFIED
CUS008436,RETAIL,IN,2022-02-12,VERIFIED
CUS008437,RETAIL,IN,2022-10-17,VERIFIED
CUS008438,RETAIL,SG,2024-07-02,VERIFIED
CUS008439,RETAIL,IN,2023-04-24,VERIFIED
CUS008440,RETAIL,SG,2023-11-19,VERIFIED
CUS008441,RETAIL,IN,2021-05-30,VERIFIED
CUS008442,RETAIL,SG,2022-12-14,VERIFIED
CUS008443,SME,IN,2023-08-05,VERIFIED
CUS008444,RETAIL,SG,2023-12-29,VERIFIED
CUS008445,RETAIL,IN,2024-06-16,VERIFIED
CUS008446,RETAIL,IN,2023-01-24,VERIFIED
CUS008447,RETAIL,IN,2023-01-19,VERIFIED
CUS008448,RETAIL,SG,2021-05-09,VERIFIED
CUS008449,RETAIL,IN,2022-07-09,VERIFIED
CUS008450,SME,IN,2023-04-08,VERIFIED
CUS008451,RETAIL,SG,2023-07-30,PENDING
CUS008452,RETAIL,IN,2024-01-01,VERIFIED
CUS008453,RETAIL,IN,2022-07-11,VERIFIED
CUS008454,RETAIL,SG,2024-06-10,VERIFIED
CUS008455,RETAIL,SG,2024-12-24,VERIFIED
CUS008456,SME,AE,2021-07-20,VERIFIED
CUS008457,RETAIL,IN,2024-11-16,VERIFIED
CUS008458,RETAIL,IN,2024-02-15,VERIFIED
CUS008459,RETAIL,SG,2022-11-12,VERIFIED
CUS008460,RETAIL,IN,2024-04-05,VERIFIED
CUS008461,RETAIL,SG,2022-06-08,VERIFIED
CUS008462,RETAIL,IN,2022-11-22,VERIFIED
CUS008463,RETAIL,AE,2024-09-18,VERIFIED
CUS008464,SME,SG,2023-03-27,VERIFIED
CUS008465,SME,IN,2021-10-27,VERIFIED
CUS008466,RETAIL,IN,2023-07-12,VERIFIED
CUS008467,RETAIL,IN,2022-05-29,VERIFIED
CUS008468,RETAIL,IN,2022-10-14,VERIFIED
CUS008469,RETAIL,SG,2023-03-29,VERIFIED
CUS008470,RETAIL,IN,2022-10-27,VERIFIED
CUS008471,RETAIL,IN,2023-02-20,VERIFIED
CUS008472,RETAIL,IN,2024-09-28,VERIFIED
CUS008473,RETAIL,SG,2023-05-02,VERIFIED
CUS008474,RETAIL,IN,2023-06-01,VERIFIED
CUS008475,RETAIL,IN,2022-01-07,VERIFIED
CUS008476,RETAIL,AE,2022-03-29,VERIFIED
CUS008477,SME,IN,2022-10-21,VERIFIED
CUS008478,RETAIL,IN,2023-07-17,VERIFIED
CUS008479,RETAIL,AE,2022-08-03,VERIFIED
CUS008480,RETAIL,IN,2021-03-07,VERIFIED
CUS008481,RETAIL,AE,2021-10-18,VERIFIED
CUS008482,RETAIL,SG,2024-02-07,VERIFIED
CUS008483,RETAIL,SG,2023-12-06,VERIFIED
CUS008484,RETAIL,IN,2023-02-07,VERIFIED
CUS008485,SME,IN,2022-06-22,VERIFIED
CUS008486,RETAIL,IN,2022-06-03,VERIFIED
CUS008487,RETAIL,IN,2022-01-01,VERIFIED
CUS008488,RETAIL,IN,2022-11-26,VERIFIED
CUS008489,RETAIL,IN,2021-11-04,VERIFIED
CUS008490,RETAIL,SG,2024-11-08,VERIFIED
CUS008491,RETAIL,IN,2024-03-03,VERIFIED
CUS008492,RETAIL,SG,2023-01-13,VERIFIED
CUS008493,RETAIL,AE,2023-01-01,REJECTED
CUS008494,RETAIL,SG,2021-04-20,VERIFIED
CUS008495,RETAIL,SG,2022-06-23,VERIFIED
CUS008496,RETAIL,SG,2023-06-12,VERIFIED
CUS008497,RETAIL,IN,2022-10-03,VERIFIED
CUS008498,RETAIL,IN,2024-07-23,VERIFIED
CUS008499,RETAIL,AE,2023-07-04,VERIFIED
CUS008500,RETAIL,SG,2024-12-03,VERIFIED
CUS008501,RETAIL,SG,2024-06-05,PENDING
CUS008502,SME,AE,2023-06-04,VERIFIED
CUS008503,RETAIL,IN,2024-12-25,VERIFIED
CUS008504,SME,IN,2024-04-17,VERIFIED
CUS008505,RETAIL,SG,2021-07-30,VERIFIED
CUS008506,RETAIL,IN,2021-10-21,PENDING
CUS008507,RETAIL,IN,2022-10-29,VERIFIED
CUS008508,RETAIL,SG,2021-05-09,VERIFIED
CUS008509,SME,IN,2024-11-19,VERIFIED
CUS008510,RETAIL,IN,2021-05-26,VERIFIED
CUS008511,RETAIL,SG,2023-02-07,PENDING
CUS008512,SME,IN,2023-07-27,VERIFIED
CUS008513,RETAIL,AE,2021-12-22,VERIFIED
CUS008514,RETAIL,IN,2023-04-06,PENDING
CUS008515,RETAIL,AE,2022-09-13,VERIFIED
CUS008516,SME,IN,2023-10-18,VERIFIED
CUS008517,RETAIL,IN,2022-12-30,VERIFIED
CUS008518,RETAIL,IN,2024-07-05,VERIFIED
CUS008519,RETAIL,IN,2024-03-07,VERIFIED
CUS008520,SME,IN,2022-11-11,VERIFIED
CUS008521,SME,AE,2021-05-21,VERIFIED
CUS008522,SME,SG,2024-04-16,PENDING
CUS008523,RETAIL,IN,2022-10-15,VERIFIED
CUS008524,RETAIL,SG,2024-10-10,VERIFIED
CUS008525,SME,AE,2023-01-24,VERIFIED
CUS008526,RETAIL,SG,2021-09-30,VERIFIED
CUS008527,SME,IN,2023-09-14,VERIFIED
CUS008528,SME,IN,2021-12-11,PENDING
CUS008529,RETAIL,AE,2023-07-01,VERIFIED
CUS008530,RETAIL,IN,2021-06-15,VERIFIED
CUS008531,RETAIL,IN,2022-08-05,VERIFIED
CUS008532,RETAIL,SG,2023-10-01,VERIFIED
CUS008533,RETAIL,IN,2023-12-27,VERIFIED
CUS008534,RETAIL,AE,2021-08-31,VERIFIED
CUS008535,RETAIL,IN,2023-02-28,VERIFIED
CUS008536,RETAIL,SG,2023-06-24,VERIFIED
CUS008537,RETAIL,AE,2022-10-03,VERIFIED
CUS008538,RETAIL,AE,2024-09-22,VERIFIED
CUS008539,RETAIL,AE,2024-04-19,VERIFIED
CUS008540,RETAIL,AE,2023-04-02,VERIFIED
CUS008541,RETAIL,IN,2023-11-21,VERIFIED
CUS008542,SME,AE,2022-11-18,VERIFIED
CUS008543,RETAIL,AE,2023-09-02,VERIFIED
CUS008544,SME,IN,2023-05-08,VERIFIED
CUS008545,RETAIL,IN,2022-01-07,VERIFIED
CUS008546,RETAIL,IN,2021-12-29,VERIFIED
CUS008547,RETAIL,IN,2023-11-19,VERIFIED
CUS008548,RETAIL,SG,2023-08-28,VERIFIED
CUS008549,RETAIL,IN,2022-07-21,VERIFIED
CUS008550,SME,IN,2021-06-22,VERIFIED
CUS008551,RETAIL,IN,2022-12-01,VERIFIED
CUS008552,SME,IN,2024-09-20,VERIFIED
CUS008553,RETAIL,AE,2022-09-20,VERIFIED
CUS008554,RETAIL,IN,2022-03-30,VERIFIED
CUS008555,RETAIL,IN,2021-05-31,VERIFIED
CUS008556,RETAIL,IN,2021-06-11,VERIFIED
CUS008557,RETAIL,AE,2022-05-11,VERIFIED
CUS008558,RETAIL,AE,2022-11-19,REJECTED
CUS008559,SME,IN,2024-05-12,VERIFIED
CUS008560,RETAIL,IN,2021-08-20,VERIFIED
CUS008561,RETAIL,IN,2023-03-06,VERIFIED
CUS008562,RETAIL,IN,2022-05-09,VERIFIED
CUS008563,RETAIL,SG,2022-03-09,VERIFIED
CUS008564,RETAIL,IN,2024-12-12,VERIFIED
CUS008565,RETAIL,IN,2023-07-29,VERIFIED
CUS008566,RETAIL,IN,2022-06-07,VERIFIED
CUS008567,SME,IN,2023-03-11,VERIFIED
CUS008568,SME,IN,2022-06-27,VERIFIED
CUS008569,RETAIL,IN,2022-11-06,VERIFIED
CUS008570,RETAIL,IN,2025-01-01,VERIFIED
CUS008571,RETAIL,IN,2023-10-31,VERIFIED
CUS008572,RETAIL,IN,2023-06-09,VERIFIED
CUS008573,RETAIL,AE,2023-07-13,VERIFIED
CUS008574,SME,IN,2024-11-08,VERIFIED
CUS008575,SME,IN,2024-12-07,VERIFIED
CUS008576,RETAIL,IN,2023-11-18,VERIFIED
CUS008577,RETAIL,SG,2021-09-28,VERIFIED
CUS008578,RETAIL,AE,2021-03-22,VERIFIED
CUS008579,RETAIL,SG,2021-10-18,VERIFIED
CUS008580,RETAIL,IN,2021-05-26,VERIFIED
CUS008581,SME,SG,2021-06-15,VERIFIED
CUS008582,SME,IN,2022-05-19,VERIFIED
CUS008583,RETAIL,AE,2024-07-14,VERIFIED
CUS008584,SME,SG,2023-08-07,VERIFIED
CUS008585,RETAIL,IN,2022-03-08,REJECTED
CUS008586,RETAIL,IN,2023-06-26,VERIFIED
CUS008587,SME,IN,2023-12-22,VERIFIED
CUS008588,RETAIL,IN,2024-11-09,VERIFIED
CUS008589,RETAIL,AE,2023-09-15,VERIFIED
CUS008590,RETAIL,IN,2023-09-16,VERIFIED
CUS008591,RETAIL,SG,2021-11-19,VERIFIED
CUS008592,RETAIL,AE,2021-12-30,PENDING
CUS008593,RETAIL,IN,2024-07-27,VERIFIED
CUS008594,RETAIL,IN,2023-01-05,VERIFIED
CUS008595,RETAIL,IN,2021-07-17,VERIFIED
CUS008596,RETAIL,SG,2023-03-06,VERIFIED
CUS008597,RETAIL,IN,2021-05-04,REJECTED
CUS008598,SME,IN,2024-08-27,VERIFIED
CUS008599,RETAIL,IN,2023-10-09,VERIFIED
CUS008600,RETAIL,AE,2021-06-25,VERIFIED
CUS008601,SME,IN,2022-04-05,VERIFIED
CUS008602,SME,IN,2023-12-02,VERIFIED
CUS008603,RETAIL,AE,2021-08-02,VERIFIED
CUS008604,RETAIL,IN,2023-07-15,VERIFIED
CUS008605,RETAIL,IN,2021-12-19,VERIFIED
CUS008606,RETAIL,IN,2023-09-27,VERIFIED
CUS008607,RETAIL,IN,2023-09-15,VERIFIED
CUS008608,RETAIL,IN,2023-09-29,VERIFIED
CUS008609,RETAIL,SG,2023-08-09,VERIFIED
CUS008610,RETAIL,SG,2022-09-15,VERIFIED
CUS008611,RETAIL,IN,2021-11-26,VERIFIED
CUS008612,RETAIL,IN,2022-08-08,VERIFIED
CUS008613,SME,IN,2024-11-26,VERIFIED
CUS008614,RETAIL,SG,2022-09-17,VERIFIED
CUS008615,RETAIL,SG,2023-05-09,VERIFIED
CUS008616,RETAIL,SG,2024-09-28,VERIFIED
CUS008617,RETAIL,SG,2023-09-27,VERIFIED
CUS008618,RETAIL,AE,2021-04-15,VERIFIED
CUS008619,RETAIL,AE,2023-09-01,VERIFIED
CUS008620,RETAIL,IN,2022-04-08,VERIFIED
CUS008621,RETAIL,AE,2024-03-28,VERIFIED
CUS008622,RETAIL,AE,2021-08-15,VERIFIED
CUS008623,RETAIL,IN,2021-11-19,PENDING
CUS008624,RETAIL,IN,2024-05-23,VERIFIED
CUS008625,RETAIL,IN,2022-05-10,VERIFIED
CUS008626,RETAIL,IN,2021-06-07,VERIFIED
CUS008627,SME,SG,2021-07-15,VERIFIED
CUS008628,RETAIL,IN,2022-03-28,VERIFIED
CUS008629,RETAIL,IN,2022-03-17,VERIFIED
CUS008630,RETAIL,IN,2023-01-31,VERIFIED
CUS008631,RETAIL,AE,2024-06-07,VERIFIED
CUS008632,SME,IN,2024-11-30,VERIFIED
CUS008633,RETAIL,SG,2023-11-18,PENDING
CUS008634,SME,IN,2024-01-13,VERIFIED
CUS008635,RETAIL,IN,2021-07-02,VERIFIED
CUS008636,RETAIL,IN,2021-10-15,VERIFIED
CUS008637,RETAIL,IN,2023-10-05,VERIFIED
CUS008638,SME,SG,2023-07-21,PENDING
CUS008639,RETAIL,SG,2022-02-26,VERIFIED
CUS008640,RETAIL,IN,2022-05-28,VERIFIED
CUS008641,SME,IN,2021-08-09,VERIFIED
CUS008642,RETAIL,SG,2022-03-15,REJECTED
CUS008643,RETAIL,SG,2022-05-09,VERIFIED
CUS008644,RETAIL,IN,2022-01-12,PENDING
CUS008645,SME,SG,2021-07-30,VERIFIED
CUS008646,RETAIL,IN,2023-07-16,VERIFIED
CUS008647,RETAIL,IN,2024-01-16,VERIFIED
CUS008648,SME,SG,2021-07-08,VERIFIED
CUS008649,RETAIL,SG,2024-05-20,VERIFIED
CUS008650,RETAIL,SG,2023-11-19,VERIFIED
CUS008651,RETAIL,IN,2024-06-25,VERIFIED
CUS008652,RETAIL,IN,2021-10-19,VERIFIED
CUS008653,RETAIL,SG,2021-06-28,VERIFIED
CUS008654,RETAIL,IN,2023-05-18,VERIFIED
CUS008655,RETAIL,IN,2024-08-15,VERIFIED
CUS008656,RETAIL,SG,2024-02-09,VERIFIED
CUS008657,RETAIL,IN,2022-10-14,VERIFIED
CUS008658,RETAIL,IN,2023-09-09,VERIFIED
CUS008659,RETAIL,IN,2022-02-16,VERIFIED
CUS008660,RETAIL,AE,2021-12-09,VERIFIED
CUS008661,SME,IN,2023-05-01,REJECTED
CUS008662,SME,IN,2022-08-25,VERIFIED
CUS008663,SME,IN,2024-10-04,VERIFIED
CUS008664,SME,IN,2024-06-24,VERIFIED
CUS008665,SME,IN,2023-09-19,VERIFIED
CUS008666,RETAIL,IN,2024-07-12,PENDING
CUS008667,RETAIL,IN,2024-12-12,VERIFIED
CUS008668,RETAIL,IN,2022-05-15,VERIFIED
CUS008669,RETAIL,IN,2024-11-30,PENDING
CUS008670,RETAIL,IN,2024-02-01,VERIFIED
CUS008671,RETAIL,IN,2022-03-29,VERIFIED
CUS008672,RETAIL,IN,2024-03-15,VERIFIED
CUS008673,RETAIL,SG,2024-02-18,VERIFIED
CUS008674,RETAIL,SG,2022-02-17,VERIFIED
CUS008675,RETAIL,IN,2024-12-01,VERIFIED
CUS008676,SME,AE,2023-10-08,VERIFIED
CUS008677,RETAIL,SG,2022-12-13,VERIFIED
CUS008678,RETAIL,IN,2024-09-28,VERIFIED
CUS008679,RETAIL,IN,2022-07-03,VERIFIED
CUS008680,RETAIL,SG,2023-05-18,VERIFIED
CUS008681,SME,IN,2023-10-25,VERIFIED
CUS008682,RETAIL,IN,2022-10-28,VERIFIED
CUS008683,SME,SG,2024-11-08,VERIFIED
CUS008684,RETAIL,IN,2022-09-12,VERIFIED
CUS008685,SME,AE,2023-03-24,VERIFIED
CUS008686,RETAIL,IN,2024-10-12,VERIFIED
CUS008687,RETAIL,IN,2021-12-29,VERIFIED
CUS008688,RETAIL,IN,2023-04-08,VERIFIED
CUS008689,RETAIL,IN,2024-09-27,VERIFIED
CUS008690,SME,AE,2023-08-17,VERIFIED
CUS008691,RETAIL,SG,2022-02-23,VERIFIED
CUS008692,RETAIL,AE,2023-04-14,VERIFIED
CUS008693,RETAIL,IN,2023-07-09,VERIFIED
CUS008694,RETAIL,IN,2024-11-04,VERIFIED
CUS008695,SME,IN,2024-10-03,VERIFIED
CUS008696,RETAIL,IN,2023-11-15,PENDING
CUS008697,RETAIL,AE,2023-12-19,VERIFIED
CUS008698,RETAIL,IN,2022-07-16,VERIFIED
CUS008699,RETAIL,IN,2023-03-15,VERIFIED
CUS008700,SME,IN,2024-07-09,VERIFIED
CUS008701,RETAIL,SG,2022-07-04,VERIFIED
CUS008702,RETAIL,IN,2021-04-30,VERIFIED
CUS008703,SME,SG,2021-09-18,VERIFIED
CUS008704,RETAIL,SG,2021-03-12,VERIFIED
CUS008705,RETAIL,AE,2023-03-01,VERIFIED
CUS008706,RETAIL,IN,2023-08-16,VERIFIED
CUS008707,RETAIL,IN,2024-10-16,VERIFIED
CUS008708,SME,IN,2022-05-24,VERIFIED
CUS008709,RETAIL,AE,2023-04-26,VERIFIED
CUS008710,RETAIL,AE,2022-07-27,VERIFIED
CUS008711,RETAIL,IN,2023-11-07,VERIFIED
CUS008712,RETAIL,IN,2024-05-12,VERIFIED
CUS008713,RETAIL,IN,2022-05-11,VERIFIED
CUS008714,RETAIL,SG,2023-07-08,VERIFIED
CUS008715,RETAIL,IN,2022-12-23,VERIFIED
CUS008716,RETAIL,IN,2021-03-31,VERIFIED
CUS008717,SME,AE,2023-12-05,VERIFIED
CUS008718,RETAIL,IN,2024-07-07,VERIFIED
CUS008719,SME,IN,2022-04-11,VERIFIED
CUS008720,RETAIL,IN,2022-10-19,VERIFIED
CUS008721,SME,IN,2023-06-24,VERIFIED
CUS008722,RETAIL,SG,2022-09-16,VERIFIED
CUS008723,RETAIL,IN,2021-06-19,VERIFIED
CUS008724,RETAIL,IN,2024-05-12,VERIFIED
CUS008725,SME,IN,2021-12-21,VERIFIED
CUS008726,SME,IN,2022-12-14,VERIFIED
CUS008727,RETAIL,SG,2021-12-01,VERIFIED
CUS008728,RETAIL,IN,2021-06-27,VERIFIED
CUS008729,RETAIL,IN,2024-05-23,VERIFIED
CUS008730,RETAIL,IN,2024-07-24,PENDING
CUS008731,RETAIL,IN,2024-12-27,VERIFIED
CUS008732,RETAIL,IN,2024-04-11,VERIFIED
CUS008733,SME,IN,2023-09-04,VERIFIED
CUS008734,RETAIL,AE,2024-01-10,VERIFIED
CUS008735,RETAIL,IN,2021-11-06,VERIFIED
CUS008736,RETAIL,IN,2022-02-15,VERIFIED
CUS008737,RETAIL,IN,2023-08-28,VERIFIED
CUS008738,RETAIL,SG,2022-10-16,VERIFIED
CUS008739,RETAIL,IN,2023-10-22,VERIFIED
CUS008740,RETAIL,AE,2023-01-28,VERIFIED
CUS008741,RETAIL,IN,2023-11-21,VERIFIED
CUS008742,RETAIL,SG,2021-12-20,VERIFIED
CUS008743,RETAIL,SG,2024-02-17,VERIFIED
CUS008744,RETAIL,IN,2021-04-03,VERIFIED
CUS008745,SME,IN,2021-06-06,VERIFIED
CUS008746,SME,IN,2024-04-02,VERIFIED
CUS008747,RETAIL,SG,2022-10-25,VERIFIED
CUS008748,RETAIL,AE,2021-11-22,VERIFIED
CUS008749,SME,IN,2021-10-08,VERIFIED
CUS008750,RETAIL,IN,2023-08-02,VERIFIED
CUS008751,RETAIL,IN,2022-11-27,VERIFIED
CUS008752,SME,IN,2024-06-11,VERIFIED
CUS008753,RETAIL,SG,2024-01-15,VERIFIED
CUS008754,SME,IN,2024-01-08,VERIFIED
CUS008755,SME,IN,2023-11-29,VERIFIED
CUS008756,RETAIL,AE,2023-06-22,VERIFIED
CUS008757,RETAIL,SG,2022-05-15,VERIFIED
CUS008758,SME,SG,2021-07-23,PENDING
CUS008759,RETAIL,IN,2022-10-10,VERIFIED
CUS008760,RETAIL,AE,2023-03-04,VERIFIED
CUS008761,RETAIL,IN,2022-04-23,VERIFIED
CUS008762,RETAIL,IN,2022-08-25,VERIFIED
CUS008763,RETAIL,IN,2023-04-17,VERIFIED
CUS008764,SME,AE,2024-11-16,VERIFIED
CUS008765,RETAIL,IN,2022-12-05,VERIFIED
CUS008766,RETAIL,SG,2024-10-04,PENDING
CUS008767,RETAIL,SG,2022-08-30,VERIFIED
CUS008768,SME,SG,2021-05-29,VERIFIED
CUS008769,RETAIL,SG,2021-12-12,VERIFIED
CUS008770,RETAIL,AE,2021-10-16,VERIFIED
CUS008771,RETAIL,IN,2023-03-27,VERIFIED
CUS008772,RETAIL,IN,2023-02-16,VERIFIED
CUS008773,RETAIL,SG,2022-12-28,VERIFIED
CUS008774,SME,IN,2024-03-27,VERIFIED
CUS008775,RETAIL,IN,2021-03-30,VERIFIED
CUS008776,SME,SG,2024-11-06,VERIFIED
CUS008777,RETAIL,IN,2021-03-17,VERIFIED
CUS008778,RETAIL,SG,2021-04-07,VERIFIED
CUS008779,RETAIL,IN,2021-05-26,VERIFIED
CUS008780,RETAIL,AE,2024-12-25,VERIFIED
CUS008781,RETAIL,IN,2021-05-07,VERIFIED
CUS008782,RETAIL,SG,2024-02-04,VERIFIED
CUS008783,RETAIL,AE,2024-01-02,VERIFIED
CUS008784,RETAIL,IN,2022-05-20,VERIFIED
CUS008785,RETAIL,IN,2023-06-25,VERIFIED
CUS008786,RETAIL,IN,2021-05-29,VERIFIED
CUS008787,RETAIL,IN,2023-02-06,VERIFIED
CUS008788,RETAIL,IN,2024-07-22,VERIFIED
CUS008789,RETAIL,IN,2024-02-01,VERIFIED
CUS008790,RETAIL,AE,2022-01-14,VERIFIED
CUS008791,RETAIL,IN,2022-10-19,VERIFIED
CUS008792,RETAIL,IN,2023-09-25,VERIFIED
CUS008793,RETAIL,IN,2024-02-29,VERIFIED
CUS008794,RETAIL,IN,2022-05-26,VERIFIED
CUS008795,SME,IN,2023-12-25,VERIFIED
CUS008796,RETAIL,AE,2024-08-19,VERIFIED
CUS008797,RETAIL,SG,2022-11-15,VERIFIED
CUS008798,RETAIL,IN,2021-09-09,VERIFIED
CUS008799,RETAIL,SG,2023-10-28,VERIFIED
CUS008800,RETAIL,IN,2022-04-17,VERIFIED
CUS008801,SME,IN,2023-04-17,VERIFIED
CUS008802,RETAIL,SG,2021-05-05,VERIFIED
CUS008803,RETAIL,IN,2022-09-04,VERIFIED
CUS008804,SME,IN,2023-01-29,REJECTED
CUS008805,SME,AE,2024-02-17,VERIFIED
CUS008806,RETAIL,IN,2021-08-08,VERIFIED
CUS008807,RETAIL,IN,2024-10-29,VERIFIED
CUS008808,SME,IN,2022-12-07,VERIFIED
CUS008809,RETAIL,SG,2023-12-26,VERIFIED
CUS008810,RETAIL,SG,2023-01-15,VERIFIED
CUS008811,SME,AE,2021-03-27,VERIFIED
CUS008812,RETAIL,IN,2024-08-22,VERIFIED
CUS008813,RETAIL,SG,2024-10-20,VERIFIED
CUS008814,RETAIL,IN,2021-11-19,VERIFIED
CUS008815,RETAIL,IN,2022-04-30,VERIFIED
CUS008816,RETAIL,IN,2023-06-04,VERIFIED
CUS008817,RETAIL,SG,2024-02-25,VERIFIED
CUS008818,RETAIL,IN,2022-09-14,VERIFIED
CUS008819,SME,SG,2024-01-08,VERIFIED
CUS008820,RETAIL,IN,2022-07-06,VERIFIED
CUS008821,RETAIL,IN,2023-06-15,VERIFIED
CUS008822,SME,AE,2022-01-13,VERIFIED
CUS008823,RETAIL,SG,2022-06-25,VERIFIED
CUS008824,RETAIL,IN,2022-10-19,VERIFIED
CUS008825,RETAIL,SG,2024-08-18,VERIFIED
CUS008826,RETAIL,IN,2022-08-18,VERIFIED
CUS008827,RETAIL,SG,2022-04-30,VERIFIED
CUS008828,RETAIL,IN,2023-01-03,VERIFIED
CUS008829,RETAIL,IN,2022-09-24,VERIFIED
CUS008830,RETAIL,IN,2022-08-26,VERIFIED
CUS008831,RETAIL,IN,2024-02-09,VERIFIED
CUS008832,RETAIL,IN,2023-04-21,VERIFIED
CUS008833,RETAIL,IN,2024-07-09,VERIFIED
CUS008834,RETAIL,AE,2022-01-11,VERIFIED
CUS008835,RETAIL,IN,2024-06-12,VERIFIED
CUS008836,RETAIL,IN,2021-11-24,VERIFIED
CUS008837,RETAIL,IN,2022-07-26,PENDING
CUS008838,SME,SG,2023-01-09,VERIFIED
CUS008839,SME,IN,2023-01-26,VERIFIED
CUS008840,RETAIL,IN,2024-06-10,VERIFIED
CUS008841,RETAIL,SG,2022-07-04,VERIFIED
CUS008842,RETAIL,IN,2023-07-29,VERIFIED
CUS008843,SME,AE,2022-01-01,VERIFIED
CUS008844,RETAIL,IN,2021-10-14,VERIFIED
CUS008845,RETAIL,SG,2021-06-27,VERIFIED
CUS008846,SME,IN,2021-06-28,VERIFIED
CUS008847,RETAIL,SG,2022-01-31,VERIFIED
CUS008848,RETAIL,AE,2023-12-25,VERIFIED
CUS008849,RETAIL,IN,2023-12-15,VERIFIED
CUS008850,SME,IN,2021-05-25,VERIFIED
CUS008851,RETAIL,IN,2021-04-23,VERIFIED
CUS008852,RETAIL,IN,2023-12-11,PENDING
CUS008853,RETAIL,AE,2022-07-09,PENDING
CUS008854,RETAIL,IN,2021-06-25,VERIFIED
CUS008855,SME,IN,2021-10-03,PENDING
CUS008856,RETAIL,AE,2021-06-02,VERIFIED
CUS008857,RETAIL,AE,2023-08-28,VERIFIED
CUS008858,SME,SG,2023-01-26,VERIFIED
CUS008859,RETAIL,IN,2022-09-17,VERIFIED
CUS008860,RETAIL,IN,2021-05-12,VERIFIED
CUS008861,SME,IN,2021-03-27,VERIFIED
CUS008862,RETAIL,IN,2022-11-25,VERIFIED
CUS008863,RETAIL,IN,2021-09-26,VERIFIED
CUS008864,RETAIL,IN,2023-07-21,VERIFIED
CUS008865,RETAIL,IN,2022-09-09,VERIFIED
CUS008866,RETAIL,IN,2021-11-24,VERIFIED
CUS008867,RETAIL,IN,2021-08-08,VERIFIED
CUS008868,RETAIL,IN,2024-08-03,VERIFIED
CUS008869,RETAIL,IN,2024-09-21,VERIFIED
CUS008870,RETAIL,IN,2024-03-04,VERIFIED
CUS008871,SME,SG,2024-08-12,VERIFIED
CUS008872,SME,SG,2024-03-09,VERIFIED
CUS008873,SME,IN,2021-05-14,VERIFIED
CUS008874,RETAIL,IN,2022-08-15,VERIFIED
CUS008875,RETAIL,IN,2024-08-19,VERIFIED
CUS008876,RETAIL,IN,2022-04-15,VERIFIED
CUS008877,RETAIL,IN,2021-05-28,VERIFIED
CUS008878,SME,AE,2021-10-17,VERIFIED
CUS008879,RETAIL,IN,2021-09-22,VERIFIED
CUS008880,RETAIL,IN,2021-07-22,VERIFIED
CUS008881,RETAIL,SG,2022-02-15,VERIFIED
CUS008882,RETAIL,IN,2021-08-25,VERIFIED
CUS008883,SME,IN,2021-12-12,VERIFIED
CUS008884,RETAIL,IN,2022-05-23,VERIFIED
CUS008885,RETAIL,AE,2024-03-28,VERIFIED
CUS008886,RETAIL,IN,2021-07-01,VERIFIED
CUS008887,RETAIL,SG,2024-08-29,VERIFIED
CUS008888,RETAIL,SG,2023-12-13,VERIFIED
CUS008889,RETAIL,IN,2022-03-27,PENDING
CUS008890,SME,SG,2022-03-23,REJECTED
CUS008891,SME,IN,2021-08-14,VERIFIED
CUS008892,RETAIL,IN,2024-09-16,VERIFIED
CUS008893,SME,IN,2021-12-26,VERIFIED
CUS008894,RETAIL,AE,2024-07-10,PENDING
CUS008895,RETAIL,IN,2022-09-02,VERIFIED
CUS008896,RETAIL,IN,2024-02-20,VERIFIED
CUS008897,SME,AE,2022-10-29,VERIFIED
CUS008898,RETAIL,IN,2024-08-11,VERIFIED
CUS008899,RETAIL,AE,2024-11-15,VERIFIED
CUS008900,RETAIL,SG,2021-04-21,VERIFIED
CUS008901,SME,IN,2023-01-17,VERIFIED
CUS008902,RETAIL,SG,2023-03-21,VERIFIED
CUS008903,RETAIL,SG,2023-07-02,VERIFIED
CUS008904,RETAIL,IN,2021-07-12,VERIFIED
CUS008905,RETAIL,AE,2022-01-01,VERIFIED
CUS008906,RETAIL,AE,2023-03-06,VERIFIED
CUS008907,RETAIL,AE,2024-07-13,VERIFIED
CUS008908,SME,SG,2022-04-28,VERIFIED
CUS008909,RETAIL,IN,2024-03-22,VERIFIED
CUS008910,RETAIL,IN,2023-10-09,VERIFIED
CUS008911,RETAIL,IN,2022-06-21,VERIFIED
CUS008912,RETAIL,IN,2021-05-12,VERIFIED
CUS008913,RETAIL,SG,2024-02-26,VERIFIED
CUS008914,RETAIL,SG,2024-11-14,VERIFIED
CUS008915,RETAIL,IN,2023-05-18,VERIFIED
CUS008916,SME,IN,2022-05-01,VERIFIED
CUS008917,RETAIL,SG,2022-06-26,VERIFIED
CUS008918,RETAIL,IN,2021-05-12,VERIFIED
CUS008919,SME,AE,2024-03-16,VERIFIED
CUS008920,RETAIL,SG,2021-12-25,VERIFIED
CUS008921,RETAIL,IN,2022-01-14,VERIFIED
CUS008922,SME,IN,2021-10-31,VERIFIED
CUS008923,RETAIL,SG,2021-07-18,PENDING
CUS008924,RETAIL,IN,2023-11-10,VERIFIED
CUS008925,RETAIL,AE,2023-10-26,VERIFIED
CUS008926,SME,IN,2023-04-10,VERIFIED
CUS008927,RETAIL,IN,2023-08-31,VERIFIED
CUS008928,SME,IN,2024-06-25,VERIFIED
CUS008929,RETAIL,SG,2023-09-28,VERIFIED
CUS008930,RETAIL,AE,2023-07-25,PENDING
CUS008931,SME,AE,2022-02-05,VERIFIED
CUS008932,SME,IN,2024-12-21,VERIFIED
CUS008933,RETAIL,SG,2022-02-15,PENDING
CUS008934,RETAIL,IN,2022-01-07,PENDING
CUS008935,RETAIL,IN,2024-06-29,VERIFIED
CUS008936,RETAIL,AE,2021-05-08,VERIFIED
CUS008937,RETAIL,IN,2022-03-25,VERIFIED
CUS008938,RETAIL,AE,2022-04-26,VERIFIED
CUS008939,SME,IN,2022-01-24,VERIFIED
CUS008940,RETAIL,IN,2021-11-24,VERIFIED
CUS008941,RETAIL,IN,2023-06-18,VERIFIED
CUS008942,RETAIL,AE,2023-01-14,VERIFIED
CUS008943,RETAIL,IN,2022-08-31,VERIFIED
CUS008944,RETAIL,SG,2024-04-08,VERIFIED
CUS008945,RETAIL,IN,2024-10-08,VERIFIED
CUS008946,RETAIL,SG,2022-03-29,VERIFIED
CUS008947,RETAIL,IN,2024-01-18,VERIFIED
CUS008948,RETAIL,IN,2023-11-10,VERIFIED
CUS008949,SME,SG,2024-08-10,VERIFIED
CUS008950,RETAIL,SG,2023-03-30,VERIFIED
CUS008951,RETAIL,IN,2022-10-29,VERIFIED
CUS008952,RETAIL,IN,2021-07-21,VERIFIED
CUS008953,RETAIL,IN,2023-02-13,VERIFIED
CUS008954,SME,AE,2023-07-29,VERIFIED
CUS008955,RETAIL,SG,2021-12-16,VERIFIED
CUS008956,SME,SG,2023-11-23,PENDING
CUS008957,RETAIL,SG,2024-12-17,VERIFIED
CUS008958,SME,SG,2024-11-18,VERIFIED
CUS008959,RETAIL,IN,2021-10-07,VERIFIED
CUS008960,RETAIL,IN,2022-04-25,VERIFIED
CUS008961,RETAIL,SG,2024-04-24,PENDING
CUS008962,RETAIL,IN,2024-03-06,VERIFIED
CUS008963,RETAIL,IN,2021-10-18,PENDING
CUS008964,RETAIL,SG,2022-07-21,VERIFIED
CUS008965,RETAIL,AE,2023-02-27,VERIFIED
CUS008966,RETAIL,SG,2023-08-07,VERIFIED
CUS008967,RETAIL,IN,2023-07-17,VERIFIED
CUS008968,RETAIL,AE,2021-12-26,VERIFIED
CUS008969,RETAIL,IN,2024-03-31,VERIFIED
CUS008970,SME,IN,2021-08-05,VERIFIED
CUS008971,RETAIL,AE,2024-02-03,VERIFIED
CUS008972,RETAIL,SG,2024-02-07,VERIFIED
CUS008973,RETAIL,AE,2023-07-23,VERIFIED
CUS008974,RETAIL,SG,2021-12-19,VERIFIED
CUS008975,RETAIL,SG,2024-12-25,VERIFIED
CUS008976,RETAIL,IN,2024-06-02,VERIFIED
CUS008977,SME,IN,2023-07-26,VERIFIED
CUS008978,SME,AE,2024-06-18,VERIFIED
CUS008979,RETAIL,AE,2023-07-15,VERIFIED
CUS008980,RETAIL,IN,2023-05-13,VERIFIED
CUS008981,RETAIL,IN,2022-08-20,VERIFIED
CUS008982,RETAIL,IN,2023-10-05,VERIFIED
CUS008983,RETAIL,IN,2022-12-10,VERIFIED
CUS008984,RETAIL,AE,2021-03-21,VERIFIED
CUS008985,RETAIL,IN,2023-03-27,VERIFIED
CUS008986,RETAIL,IN,2021-12-03,VERIFIED
CUS008987,RETAIL,AE,2023-12-15,VERIFIED
CUS008988,RETAIL,IN,2021-08-04,VERIFIED
CUS008989,RETAIL,IN,2022-10-29,VERIFIED
CUS008990,RETAIL,IN,2024-06-25,VERIFIED
CUS008991,RETAIL,IN,2021-07-13,VERIFIED
CUS008992,SME,IN,2022-04-08,VERIFIED
CUS008993,SME,IN,2023-09-10,VERIFIED
CUS008994,SME,IN,2022-09-09,VERIFIED
CUS008995,SME,IN,2021-05-16,VERIFIED
CUS008996,RETAIL,IN,2024-08-16,VERIFIED
CUS008997,RETAIL,IN,2024-11-08,VERIFIED
CUS008998,RETAIL,AE,2021-12-17,VERIFIED
CUS008999,RETAIL,IN,2023-11-25,VERIFIED
CUS009000,RETAIL,IN,2021-09-24,VERIFIED
CUS009001,RETAIL,AE,2022-01-18,VERIFIED
CUS009002,SME,IN,2021-07-02,PENDING
CUS009003,RETAIL,IN,2022-02-04,VERIFIED
CUS009004,RETAIL,AE,2021-05-27,VERIFIED
CUS009005,SME,IN,2022-08-18,VERIFIED
CUS009006,RETAIL,IN,2024-08-04,VERIFIED
CUS009007,RETAIL,SG,2024-03-15,VERIFIED
CUS009008,RETAIL,SG,2021-08-15,VERIFIED
CUS009009,SME,IN,2023-11-20,VERIFIED
CUS009010,SME,IN,2021-05-19,VERIFIED
CUS009011,RETAIL,IN,2021-08-27,VERIFIED
CUS009012,RETAIL,SG,2022-05-10,VERIFIED
CUS009013,SME,IN,2024-06-25,VERIFIED
CUS009014,RETAIL,IN,2024-04-19,VERIFIED
CUS009015,RETAIL,IN,2022-02-25,VERIFIED
CUS009016,RETAIL,AE,2023-06-20,VERIFIED
CUS009017,RETAIL,IN,2023-06-19,PENDING
CUS009018,RETAIL,IN,2024-08-28,VERIFIED
CUS009019,SME,IN,2023-03-31,VERIFIED
CUS009020,RETAIL,SG,2024-12-27,VERIFIED
CUS009021,RETAIL,IN,2024-06-17,VERIFIED
CUS009022,RETAIL,AE,2021-06-23,PENDING
CUS009023,RETAIL,IN,2022-02-10,VERIFIED
CUS009024,RETAIL,IN,2021-04-11,VERIFIED
CUS009025,RETAIL,IN,2021-07-06,VERIFIED
CUS009026,RETAIL,IN,2021-06-24,VERIFIED
CUS009027,RETAIL,IN,2023-06-11,VERIFIED
CUS009028,RETAIL,SG,2024-01-12,VERIFIED
CUS009029,RETAIL,IN,2022-05-18,VERIFIED
CUS009030,SME,SG,2022-08-16,VERIFIED
CUS009031,SME,IN,2023-05-07,VERIFIED
CUS009032,RETAIL,IN,2023-02-02,VERIFIED
CUS009033,SME,IN,2024-03-26,VERIFIED
CUS009034,RETAIL,IN,2023-02-07,PENDING
CUS009035,SME,IN,2021-04-22,VERIFIED
CUS009036,RETAIL,AE,2023-05-13,VERIFIED
CUS009037,RETAIL,AE,2023-01-08,VERIFIED
CUS009038,RETAIL,SG,2021-05-25,VERIFIED
CUS009039,RETAIL,AE,2021-09-25,VERIFIED
CUS009040,RETAIL,IN,2021-12-21,VERIFIED
CUS009041,RETAIL,IN,2024-12-25,VERIFIED
CUS009042,RETAIL,IN,2021-10-04,VERIFIED
CUS009043,RETAIL,AE,2024-09-16,VERIFIED
CUS009044,SME,IN,2024-11-14,PENDING
CUS009045,RETAIL,IN,2023-08-26,VERIFIED
CUS009046,RETAIL,SG,2023-06-05,VERIFIED
CUS009047,RETAIL,IN,2024-07-17,VERIFIED
CUS009048,RETAIL,SG,2022-09-17,VERIFIED
CUS009049,RETAIL,IN,2021-06-23,VERIFIED
CUS009050,RETAIL,SG,2022-06-24,VERIFIED
CUS009051,RETAIL,AE,2021-04-27,VERIFIED
CUS009052,RETAIL,IN,2021-07-29,VERIFIED
CUS009053,RETAIL,IN,2021-11-17,VERIFIED
CUS009054,RETAIL,IN,2024-05-13,VERIFIED
CUS009055,SME,IN,2022-07-23,VERIFIED
CUS009056,SME,IN,2024-08-28,VERIFIED
CUS009057,RETAIL,IN,2022-01-16,VERIFIED
CUS009058,RETAIL,IN,2021-07-31,VERIFIED
CUS009059,SME,IN,2024-07-18,VERIFIED
CUS009060,RETAIL,IN,2023-01-23,VERIFIED
CUS009061,RETAIL,AE,2024-07-07,VERIFIED
CUS009062,RETAIL,IN,2022-12-09,VERIFIED
CUS009063,RETAIL,IN,2023-04-10,VERIFIED
CUS009064,SME,IN,2021-08-04,VERIFIED
CUS009065,SME,IN,2023-12-17,VERIFIED
CUS009066,RETAIL,AE,2022-02-17,VERIFIED
CUS009067,RETAIL,IN,2022-06-26,VERIFIED
CUS009068,SME,SG,2022-03-15,VERIFIED
CUS009069,RETAIL,SG,2021-04-27,VERIFIED
CUS009070,RETAIL,SG,2024-04-16,VERIFIED
CUS009071,RETAIL,SG,2024-12-14,VERIFIED
CUS009072,SME,SG,2022-08-16,VERIFIED
CUS009073,RETAIL,IN,2024-07-14,VERIFIED
CUS009074,RETAIL,IN,2023-04-12,VERIFIED
CUS009075,RETAIL,SG,2023-01-03,VERIFIED
CUS009076,RETAIL,IN,2022-08-30,VERIFIED
CUS009077,RETAIL,IN,2024-12-16,VERIFIED
CUS009078,SME,IN,2022-10-19,VERIFIED
CUS009079,SME,IN,2022-01-07,VERIFIED
CUS009080,RETAIL,IN,2024-11-26,VERIFIED
CUS009081,RETAIL,IN,2023-06-29,VERIFIED
CUS009082,SME,IN,2023-09-08,VERIFIED
CUS009083,RETAIL,IN,2023-09-13,VERIFIED
CUS009084,RETAIL,IN,2023-04-02,VERIFIED
CUS009085,RETAIL,SG,2024-06-17,VERIFIED
CUS009086,RETAIL,IN,2023-02-01,VERIFIED
CUS009087,RETAIL,SG,2024-09-16,VERIFIED
CUS009088,RETAIL,IN,2024-08-15,VERIFIED
CUS009089,RETAIL,IN,2022-12-12,VERIFIED
CUS009090,RETAIL,SG,2021-07-24,VERIFIED
CUS009091,RETAIL,SG,2022-04-17,VERIFIED
CUS009092,RETAIL,SG,2023-09-21,VERIFIED
CUS009093,RETAIL,SG,2023-09-05,VERIFIED
CUS009094,RETAIL,SG,2023-02-16,VERIFIED
CUS009095,SME,SG,2024-11-14,VERIFIED
CUS009096,SME,SG,2022-06-17,PENDING
CUS009097,RETAIL,SG,2024-06-28,VERIFIED
CUS009098,RETAIL,IN,2022-04-01,PENDING
CUS009099,SME,IN,2023-07-28,VERIFIED
CUS009100,RETAIL,IN,2023-07-22,VERIFIED
CUS009101,SME,IN,2023-04-26,VERIFIED
CUS009102,RETAIL,SG,2024-07-05,VERIFIED
CUS009103,RETAIL,IN,2024-02-01,VERIFIED
CUS009104,RETAIL,IN,2024-03-17,PENDING
CUS009105,RETAIL,SG,2021-10-03,VERIFIED
CUS009106,SME,IN,2024-05-15,VERIFIED
CUS009107,RETAIL,SG,2024-07-05,VERIFIED
CUS009108,RETAIL,IN,2024-01-26,VERIFIED
CUS009109,RETAIL,IN,2023-05-18,VERIFIED
CUS009110,SME,IN,2022-09-09,VERIFIED
CUS009111,SME,IN,2023-05-20,VERIFIED
CUS009112,RETAIL,IN,2022-12-13,VERIFIED
CUS009113,RETAIL,IN,2023-01-08,VERIFIED
CUS009114,RETAIL,IN,2024-05-10,VERIFIED
CUS009115,RETAIL,IN,2024-12-22,VERIFIED
CUS009116,SME,SG,2022-05-23,VERIFIED
CUS009117,RETAIL,IN,2021-05-21,VERIFIED
CUS009118,SME,IN,2024-10-04,VERIFIED
CUS009119,RETAIL,IN,2021-06-26,VERIFIED
CUS009120,SME,AE,2021-07-08,VERIFIED
CUS009121,SME,SG,2021-12-25,VERIFIED
CUS009122,RETAIL,AE,2022-11-01,VERIFIED
CUS009123,SME,AE,2023-09-14,VERIFIED
CUS009124,RETAIL,IN,2022-09-28,VERIFIED
CUS009125,RETAIL,SG,2024-12-17,VERIFIED
CUS009126,RETAIL,IN,2023-11-28,VERIFIED
CUS009127,RETAIL,AE,2023-06-30,VERIFIED
CUS009128,RETAIL,IN,2023-01-16,PENDING
CUS009129,RETAIL,IN,2023-12-17,REJECTED
CUS009130,RETAIL,AE,2023-05-16,VERIFIED
CUS009131,RETAIL,AE,2022-03-23,VERIFIED
CUS009132,RETAIL,AE,2021-05-11,VERIFIED
CUS009133,RETAIL,IN,2021-11-07,VERIFIED
CUS009134,SME,IN,2024-09-17,REJECTED
CUS009135,RETAIL,IN,2022-09-29,VERIFIED
CUS009136,RETAIL,IN,2023-03-31,VERIFIED
CUS009137,SME,IN,2023-01-01,VERIFIED
CUS009138,RETAIL,IN,2021-12-20,VERIFIED
CUS009139,RETAIL,SG,2023-10-02,VERIFIED
CUS009140,RETAIL,IN,2022-12-01,REJECTED
CUS009141,SME,SG,2021-08-09,VERIFIED
CUS009142,RETAIL,AE,2022-11-02,VERIFIED
CUS009143,SME,IN,2022-11-16,VERIFIED
CUS009144,RETAIL,IN,2021-07-06,VERIFIED
CUS009145,RETAIL,IN,2024-11-22,PENDING
CUS009146,RETAIL,IN,2023-07-26,VERIFIED
CUS009147,SME,SG,2023-02-12,VERIFIED
CUS009148,SME,IN,2024-12-30,VERIFIED
CUS009149,SME,IN,2023-03-09,VERIFIED
CUS009150,RETAIL,AE,2021-06-16,VERIFIED
CUS009151,RETAIL,SG,2021-12-25,VERIFIED
CUS009152,SME,AE,2024-11-16,VERIFIED
CUS009153,RETAIL,IN,2021-08-23,VERIFIED
CUS009154,RETAIL,AE,2021-12-12,VERIFIED
CUS009155,RETAIL,IN,2021-08-22,VERIFIED
CUS009156,RETAIL,IN,2024-06-20,VERIFIED
CUS009157,RETAIL,AE,2021-07-26,VERIFIED
CUS009158,SME,AE,2024-12-04,VERIFIED
CUS009159,RETAIL,IN,2024-11-14,VERIFIED
CUS009160,SME,IN,2023-08-24,VERIFIED
CUS009161,RETAIL,IN,2021-11-17,VERIFIED
CUS009162,SME,SG,2021-09-10,VERIFIED
CUS009163,RETAIL,AE,2022-07-30,VERIFIED
CUS009164,RETAIL,IN,2024-11-11,VERIFIED
CUS009165,RETAIL,IN,2021-08-27,VERIFIED
CUS009166,RETAIL,SG,2023-12-31,PENDING
CUS009167,RETAIL,SG,2022-02-24,VERIFIED
CUS009168,RETAIL,IN,2023-12-08,VERIFIED
CUS009169,RETAIL,IN,2022-11-01,VERIFIED
CUS009170,RETAIL,AE,2024-08-22,VERIFIED
CUS009171,RETAIL,IN,2021-03-07,VERIFIED
CUS009172,RETAIL,IN,2024-08-25,PENDING
CUS009173,RETAIL,IN,2021-05-04,VERIFIED
CUS009174,RETAIL,IN,2021-07-10,VERIFIED
CUS009175,RETAIL,AE,2024-06-05,PENDING
CUS009176,RETAIL,IN,2022-05-04,VERIFIED
CUS009177,SME,IN,2023-09-08,VERIFIED
CUS009178,RETAIL,IN,2023-10-24,PENDING
CUS009179,RETAIL,SG,2023-10-01,VERIFIED
CUS009180,SME,IN,2024-02-03,VERIFIED
CUS009181,SME,IN,2021-04-27,VERIFIED
CUS009182,RETAIL,IN,2024-11-02,VERIFIED
CUS009183,RETAIL,IN,2023-08-25,VERIFIED
CUS009184,RETAIL,AE,2023-08-18,VERIFIED
CUS009185,RETAIL,SG,2023-05-26,VERIFIED
CUS009186,RETAIL,AE,2023-11-07,VERIFIED
CUS009187,RETAIL,IN,2022-06-17,VERIFIED
CUS009188,RETAIL,IN,2021-06-28,VERIFIED
CUS009189,SME,AE,2022-06-13,VERIFIED
CUS009190,RETAIL,IN,2024-02-28,VERIFIED
CUS009191,SME,SG,2021-03-08,VERIFIED
CUS009192,SME,IN,2023-06-14,VERIFIED
CUS009193,RETAIL,IN,2023-10-25,PENDING
CUS009194,RETAIL,IN,2022-05-23,VERIFIED
CUS009195,SME,IN,2021-04-08,PENDING
CUS009196,RETAIL,IN,2023-10-10,VERIFIED
CUS009197,RETAIL,IN,2024-03-27,VERIFIED
CUS009198,RETAIL,IN,2022-01-03,VERIFIED
CUS009199,RETAIL,IN,2023-03-05,REJECTED
CUS009200,RETAIL,AE,2022-03-22,VERIFIED
CUS009201,SME,IN,2023-04-07,VERIFIED
CUS009202,RETAIL,AE,2024-11-13,VERIFIED
CUS009203,SME,IN,2023-08-14,VERIFIED
CUS009204,RETAIL,IN,2021-09-21,VERIFIED
CUS009205,SME,IN,2021-06-01,VERIFIED
CUS009206,RETAIL,AE,2023-08-11,VERIFIED
CUS009207,RETAIL,IN,2022-05-07,VERIFIED
CUS009208,SME,AE,2024-08-20,VERIFIED
CUS009209,SME,IN,2024-03-03,VERIFIED
CUS009210,RETAIL,SG,2022-04-30,VERIFIED
CUS009211,SME,SG,2024-11-04,VERIFIED
CUS009212,RETAIL,AE,2022-02-20,VERIFIED
CUS009213,RETAIL,IN,2021-04-24,VERIFIED
CUS009214,RETAIL,AE,2024-09-24,VERIFIED
CUS009215,RETAIL,IN,2022-10-09,VERIFIED
CUS009216,RETAIL,AE,2023-08-25,VERIFIED
CUS009217,RETAIL,IN,2022-07-16,VERIFIED
CUS009218,SME,IN,2021-07-28,VERIFIED
CUS009219,RETAIL,IN,2024-09-11,VERIFIED
CUS009220,SME,SG,2022-06-09,VERIFIED
CUS009221,RETAIL,IN,2024-04-21,VERIFIED
CUS009222,RETAIL,IN,2022-12-16,VERIFIED
CUS009223,SME,IN,2023-04-23,VERIFIED
CUS009224,RETAIL,SG,2023-01-27,VERIFIED
CUS009225,RETAIL,IN,2022-01-25,VERIFIED
CUS009226,SME,SG,2022-09-03,VERIFIED
CUS009227,RETAIL,IN,2023-09-05,VERIFIED
CUS009228,RETAIL,SG,2022-07-02,VERIFIED
CUS009229,RETAIL,SG,2022-09-19,VERIFIED
CUS009230,RETAIL,SG,2024-09-27,VERIFIED
CUS009231,RETAIL,SG,2022-08-27,VERIFIED
CUS009232,RETAIL,IN,2023-09-22,VERIFIED
CUS009233,RETAIL,IN,2024-06-11,VERIFIED
CUS009234,RETAIL,SG,2022-12-26,VERIFIED
CUS009235,RETAIL,IN,2023-01-09,VERIFIED
CUS009236,RETAIL,IN,2022-03-16,PENDING
CUS009237,SME,SG,2023-05-07,VERIFIED
CUS009238,RETAIL,IN,2022-02-27,VERIFIED
CUS009239,RETAIL,IN,2023-12-04,VERIFIED
CUS009240,SME,AE,2022-09-07,VERIFIED
CUS009241,SME,IN,2021-04-25,VERIFIED
CUS009242,RETAIL,IN,2022-10-03,VERIFIED
CUS009243,RETAIL,IN,2022-05-24,VERIFIED
CUS009244,RETAIL,IN,2023-08-06,VERIFIED
CUS009245,RETAIL,SG,2022-06-01,VERIFIED
CUS009246,RETAIL,SG,2021-10-21,VERIFIED
CUS009247,RETAIL,IN,2021-08-28,VERIFIED
CUS009248,SME,IN,2021-06-29,VERIFIED
CUS009249,RETAIL,IN,2023-10-30,VERIFIED
CUS009250,RETAIL,IN,2021-10-05,VERIFIED
CUS009251,SME,SG,2023-09-02,VERIFIED
CUS009252,RETAIL,IN,2021-08-30,VERIFIED
CUS009253,RETAIL,IN,2024-12-24,VERIFIED
CUS009254,RETAIL,SG,2021-07-09,VERIFIED
CUS009255,RETAIL,SG,2024-03-05,VERIFIED
CUS009256,RETAIL,IN,2024-03-25,VERIFIED
CUS009257,RETAIL,SG,2022-11-10,VERIFIED
CUS009258,SME,IN,2023-01-13,VERIFIED
CUS009259,RETAIL,IN,2024-05-26,VERIFIED
CUS009260,SME,IN,2022-12-15,VERIFIED
CUS009261,RETAIL,SG,2021-12-07,VERIFIED
CUS009262,RETAIL,AE,2023-02-22,VERIFIED
CUS009263,RETAIL,IN,2022-10-11,VERIFIED
CUS009264,RETAIL,IN,2021-10-02,VERIFIED
CUS009265,RETAIL,SG,2024-04-25,VERIFIED
CUS009266,RETAIL,IN,2023-10-04,VERIFIED
CUS009267,RETAIL,IN,2021-07-30,VERIFIED
CUS009268,RETAIL,IN,2024-05-21,VERIFIED
CUS009269,RETAIL,AE,2024-01-12,VERIFIED
CUS009270,RETAIL,SG,2023-12-14,VERIFIED
CUS009271,RETAIL,AE,2021-11-04,VERIFIED
CUS009272,SME,IN,2024-06-15,VERIFIED
CUS009273,RETAIL,IN,2023-07-27,VERIFIED
CUS009274,RETAIL,IN,2023-06-15,VERIFIED
CUS009275,RETAIL,IN,2024-09-10,VERIFIED
CUS009276,RETAIL,IN,2024-07-22,VERIFIED
CUS009277,SME,SG,2023-07-25,VERIFIED
CUS009278,SME,SG,2024-09-01,VERIFIED
CUS009279,RETAIL,SG,2021-04-02,VERIFIED
CUS009280,SME,IN,2023-04-11,VERIFIED
CUS009281,RETAIL,IN,2024-12-23,VERIFIED
CUS009282,SME,IN,2022-09-13,VERIFIED
CUS009283,SME,IN,2022-02-09,VERIFIED
CUS009284,RETAIL,IN,2022-09-04,VERIFIED
CUS009285,SME,IN,2022-10-25,PENDING
CUS009286,RETAIL,AE,2024-08-25,VERIFIED
CUS009287,RETAIL,IN,2022-03-17,VERIFIED
CUS009288,RETAIL,IN,2021-04-12,VERIFIED
CUS009289,RETAIL,IN,2023-08-11,VERIFIED
CUS009290,RETAIL,SG,2024-07-15,VERIFIED
CUS009291,RETAIL,IN,2024-03-08,VERIFIED
CUS009292,RETAIL,IN,2022-06-22,VERIFIED
CUS009293,RETAIL,IN,2022-07-17,VERIFIED
CUS009294,RETAIL,IN,2021-08-06,VERIFIED
CUS009295,RETAIL,IN,2023-06-13,VERIFIED
CUS009296,RETAIL,IN,2021-08-12,VERIFIED
CUS009297,RETAIL,IN,2023-12-13,VERIFIED
CUS009298,RETAIL,SG,2023-01-16,VERIFIED
CUS009299,RETAIL,IN,2022-06-25,VERIFIED
CUS009300,RETAIL,IN,2023-12-10,VERIFIED
CUS009301,RETAIL,IN,2023-08-04,VERIFIED
CUS009302,RETAIL,SG,2021-10-30,VERIFIED
CUS009303,RETAIL,IN,2022-10-15,VERIFIED
CUS009304,RETAIL,IN,2022-08-28,VERIFIED
CUS009305,RETAIL,IN,2022-08-12,VERIFIED
CUS009306,SME,AE,2021-12-21,VERIFIED
CUS009307,RETAIL,IN,2021-04-12,VERIFIED
CUS009308,RETAIL,AE,2023-06-22,VERIFIED
CUS009309,RETAIL,AE,2023-08-24,VERIFIED
CUS009310,RETAIL,IN,2021-07-03,VERIFIED
CUS009311,RETAIL,IN,2023-03-03,VERIFIED
CUS009312,RETAIL,IN,2021-06-10,VERIFIED
CUS009313,RETAIL,AE,2021-08-16,VERIFIED
CUS009314,RETAIL,IN,2022-03-06,VERIFIED
CUS009315,RETAIL,IN,2022-03-30,VERIFIED
CUS009316,RETAIL,IN,2021-05-23,VERIFIED
CUS009317,SME,AE,2023-12-15,VERIFIED
CUS009318,RETAIL,IN,2023-04-08,VERIFIED
CUS009319,RETAIL,IN,2022-11-29,VERIFIED
CUS009320,RETAIL,IN,2024-04-04,VERIFIED
CUS009321,RETAIL,IN,2023-01-08,VERIFIED
CUS009322,RETAIL,AE,2022-06-28,VERIFIED
CUS009323,RETAIL,SG,2023-01-28,VERIFIED
CUS009324,RETAIL,IN,2022-07-02,VERIFIED
CUS009325,RETAIL,IN,2024-08-12,VERIFIED
CUS009326,RETAIL,SG,2023-02-14,VERIFIED
CUS009327,SME,IN,2021-06-10,VERIFIED
CUS009328,RETAIL,IN,2024-01-03,VERIFIED
CUS009329,RETAIL,IN,2023-04-04,VERIFIED
CUS009330,SME,SG,2022-08-11,VERIFIED
CUS009331,RETAIL,AE,2022-08-10,VERIFIED
CUS009332,RETAIL,SG,2024-04-23,VERIFIED
CUS009333,RETAIL,IN,2024-07-27,VERIFIED
CUS009334,SME,SG,2022-02-12,VERIFIED
CUS009335,RETAIL,IN,2022-12-17,VERIFIED
CUS009336,RETAIL,AE,2021-07-12,VERIFIED
CUS009337,SME,IN,2021-03-17,VERIFIED
CUS009338,RETAIL,IN,2024-05-13,VERIFIED
CUS009339,RETAIL,IN,2023-08-15,VERIFIED
CUS009340,SME,IN,2021-11-10,VERIFIED
CUS009341,SME,IN,2023-11-16,VERIFIED
CUS009342,RETAIL,IN,2024-03-30,VERIFIED
CUS009343,RETAIL,SG,2024-05-28,VERIFIED
CUS009344,RETAIL,AE,2023-02-01,VERIFIED
CUS009345,SME,IN,2023-07-17,VERIFIED
CUS009346,RETAIL,IN,2021-06-11,VERIFIED
CUS009347,RETAIL,IN,2021-04-22,REJECTED
CUS009348,RETAIL,IN,2024-09-08,VERIFIED
CUS009349,RETAIL,IN,2021-07-17,VERIFIED
CUS009350,RETAIL,AE,2024-08-29,VERIFIED
CUS009351,RETAIL,AE,2022-04-01,VERIFIED
CUS009352,RETAIL,IN,2021-04-30,VERIFIED
CUS009353,RETAIL,SG,2023-09-06,VERIFIED
CUS009354,RETAIL,SG,2024-05-24,VERIFIED
CUS009355,RETAIL,IN,2024-10-01,VERIFIED
CUS009356,RETAIL,SG,2023-09-11,VERIFIED
CUS009357,RETAIL,IN,2021-05-09,VERIFIED
CUS009358,RETAIL,IN,2023-03-31,PENDING
CUS009359,RETAIL,AE,2023-05-27,VERIFIED
CUS009360,RETAIL,SG,2024-12-23,VERIFIED
CUS009361,RETAIL,IN,2022-06-13,VERIFIED
CUS009362,RETAIL,IN,2024-04-13,VERIFIED
CUS009363,SME,AE,2022-05-13,VERIFIED
CUS009364,RETAIL,IN,2021-10-30,VERIFIED
CUS009365,RETAIL,AE,2022-01-13,VERIFIED
CUS009366,RETAIL,AE,2023-01-06,VERIFIED
CUS009367,RETAIL,IN,2022-07-06,VERIFIED
CUS009368,SME,SG,2023-06-30,VERIFIED
CUS009369,RETAIL,SG,2022-04-15,VERIFIED
CUS009370,SME,SG,2022-05-23,PENDING
CUS009371,SME,IN,2024-04-13,VERIFIED
CUS009372,SME,IN,2023-10-05,VERIFIED
CUS009373,RETAIL,IN,2022-01-12,VERIFIED
CUS009374,SME,IN,2023-04-29,VERIFIED
CUS009375,RETAIL,SG,2024-02-07,PENDING
CUS009376,RETAIL,SG,2021-03-12,VERIFIED
CUS009377,RETAIL,IN,2021-09-04,VERIFIED
CUS009378,SME,IN,2022-01-13,VERIFIED
CUS009379,SME,IN,2023-05-22,VERIFIED
CUS009380,RETAIL,SG,2022-11-18,VERIFIED
CUS009381,SME,IN,2021-05-19,VERIFIED
CUS009382,RETAIL,SG,2022-12-26,VERIFIED
CUS009383,RETAIL,IN,2021-11-03,PENDING
CUS009384,RETAIL,IN,2021-10-08,VERIFIED
CUS009385,RETAIL,AE,2021-12-02,VERIFIED
CUS009386,RETAIL,IN,2022-09-13,PENDING
CUS009387,SME,IN,2023-09-06,VERIFIED
CUS009388,SME,SG,2023-09-15,VERIFIED
CUS009389,RETAIL,IN,2021-11-23,VERIFIED
CUS009390,RETAIL,AE,2023-05-28,VERIFIED
CUS009391,RETAIL,AE,2024-01-21,VERIFIED
CUS009392,RETAIL,SG,2024-04-20,VERIFIED
CUS009393,RETAIL,IN,2022-08-24,VERIFIED
CUS009394,RETAIL,IN,2021-04-29,VERIFIED
CUS009395,RETAIL,AE,2023-07-21,VERIFIED
CUS009396,RETAIL,IN,2022-07-03,PENDING
CUS009397,SME,AE,2023-10-27,VERIFIED
CUS009398,RETAIL,SG,2023-06-24,VERIFIED
CUS009399,RETAIL,IN,2023-06-10,VERIFIED
CUS009400,RETAIL,IN,2023-08-17,VERIFIED
CUS009401,RETAIL,SG,2021-10-03,VERIFIED
CUS009402,RETAIL,IN,2021-07-12,VERIFIED
CUS009403,RETAIL,IN,2023-12-22,VERIFIED
CUS009404,RETAIL,SG,2023-08-16,VERIFIED
CUS009405,RETAIL,IN,2024-12-05,VERIFIED
CUS009406,RETAIL,IN,2022-02-08,VERIFIED
CUS009407,RETAIL,SG,2022-04-16,VERIFIED
CUS009408,RETAIL,SG,2021-10-20,VERIFIED
CUS009409,RETAIL,IN,2022-11-10,VERIFIED
CUS009410,SME,AE,2021-07-08,VERIFIED
CUS009411,RETAIL,AE,2024-06-18,VERIFIED
CUS009412,SME,IN,2023-07-29,VERIFIED
CUS009413,RETAIL,IN,2023-04-15,VERIFIED
CUS009414,RETAIL,SG,2022-01-26,VERIFIED
CUS009415,RETAIL,IN,2024-02-29,VERIFIED
CUS009416,RETAIL,AE,2023-10-02,VERIFIED
CUS009417,RETAIL,IN,2024-08-23,VERIFIED
CUS009418,RETAIL,IN,2021-05-21,VERIFIED
CUS009419,RETAIL,IN,2023-04-08,VERIFIED
CUS009420,RETAIL,IN,2024-12-17,VERIFIED
CUS009421,RETAIL,AE,2024-02-07,VERIFIED
CUS009422,RETAIL,IN,2022-10-26,VERIFIED
CUS009423,RETAIL,AE,2023-02-14,VERIFIED
CUS009424,RETAIL,IN,2023-01-19,VERIFIED
CUS009425,RETAIL,SG,2024-10-06,VERIFIED
CUS009426,RETAIL,AE,2021-08-22,VERIFIED
CUS009427,RETAIL,IN,2021-10-28,VERIFIED
CUS009428,RETAIL,IN,2024-03-05,VERIFIED
CUS009429,RETAIL,SG,2023-08-07,VERIFIED
CUS009430,RETAIL,AE,2024-09-01,VERIFIED
CUS009431,RETAIL,IN,2024-07-07,VERIFIED
CUS009432,RETAIL,IN,2021-10-04,VERIFIED
CUS009433,RETAIL,SG,2024-07-26,VERIFIED
CUS009434,RETAIL,IN,2023-08-30,VERIFIED
CUS009435,RETAIL,SG,2021-03-13,VERIFIED
CUS009436,RETAIL,IN,2023-10-05,VERIFIED
CUS009437,RETAIL,IN,2022-05-16,VERIFIED
CUS009438,RETAIL,AE,2024-08-07,VERIFIED
CUS009439,RETAIL,IN,2021-08-27,VERIFIED
CUS009440,RETAIL,AE,2021-06-23,VERIFIED
CUS009441,SME,IN,2021-07-04,VERIFIED
CUS009442,RETAIL,IN,2022-07-30,VERIFIED
CUS009443,RETAIL,IN,2021-04-12,VERIFIED
CUS009444,SME,IN,2022-05-08,VERIFIED
CUS009445,RETAIL,SG,2023-07-25,VERIFIED
CUS009446,RETAIL,SG,2021-07-24,VERIFIED
CUS009447,RETAIL,SG,2023-12-16,VERIFIED
CUS009448,RETAIL,IN,2021-10-08,VERIFIED
CUS009449,SME,IN,2021-06-08,VERIFIED
CUS009450,SME,IN,2023-04-10,VERIFIED
CUS009451,RETAIL,SG,2024-02-11,VERIFIED
CUS009452,RETAIL,IN,2024-05-23,VERIFIED
CUS009453,RETAIL,IN,2022-12-11,VERIFIED
CUS009454,RETAIL,IN,2022-06-05,VERIFIED
CUS009455,RETAIL,IN,2022-09-28,VERIFIED
CUS009456,SME,SG,2022-07-05,VERIFIED
CUS009457,RETAIL,IN,2024-11-27,VERIFIED
CUS009458,SME,AE,2024-10-28,VERIFIED
CUS009459,RETAIL,IN,2023-12-30,VERIFIED
CUS009460,RETAIL,IN,2021-07-22,VERIFIED
CUS009461,SME,IN,2023-01-27,PENDING
CUS009462,RETAIL,SG,2023-09-20,VERIFIED
CUS009463,RETAIL,IN,2022-06-15,VERIFIED
CUS009464,RETAIL,IN,2023-05-12,VERIFIED
CUS009465,RETAIL,SG,2024-06-14,VERIFIED
CUS009466,RETAIL,IN,2023-01-13,PENDING
CUS009467,RETAIL,IN,2022-05-01,VERIFIED
CUS009468,SME,IN,2021-07-05,VERIFIED
CUS009469,RETAIL,IN,2023-08-05,VERIFIED
CUS009470,SME,AE,2024-05-08,VERIFIED
CUS009471,SME,SG,2021-09-08,VERIFIED
CUS009472,RETAIL,SG,2023-08-04,REJECTED
CUS009473,RETAIL,AE,2024-05-26,VERIFIED
CUS009474,RETAIL,SG,2023-01-31,VERIFIED
CUS009475,RETAIL,IN,2024-10-10,VERIFIED
CUS009476,RETAIL,IN,2021-03-15,VERIFIED
CUS009477,RETAIL,IN,2022-01-06,VERIFIED
CUS009478,SME,AE,2023-04-27,REJECTED
CUS009479,SME,AE,2022-11-30,VERIFIED
CUS009480,RETAIL,SG,2023-06-24,VERIFIED
CUS009481,SME,IN,2023-03-17,VERIFIED
CUS009482,RETAIL,IN,2021-06-02,VERIFIED
CUS009483,SME,AE,2022-03-22,VERIFIED
CUS009484,RETAIL,IN,2022-06-20,VERIFIED
CUS009485,SME,IN,2021-04-05,VERIFIED
CUS009486,SME,IN,2024-05-17,VERIFIED
CUS009487,RETAIL,IN,2021-07-10,VERIFIED
CUS009488,SME,SG,2024-04-30,VERIFIED
CUS009489,RETAIL,AE,2024-01-04,VERIFIED
CUS009490,RETAIL,SG,2022-07-14,VERIFIED
CUS009491,RETAIL,IN,2024-06-24,VERIFIED
CUS009492,RETAIL,IN,2023-03-20,VERIFIED
CUS009493,RETAIL,AE,2023-09-19,VERIFIED
CUS009494,RETAIL,IN,2024-12-20,VERIFIED
CUS009495,RETAIL,IN,2024-04-19,PENDING
CUS009496,RETAIL,SG,2023-04-14,VERIFIED
CUS009497,RETAIL,IN,2024-09-05,VERIFIED
CUS009498,SME,IN,2021-05-27,VERIFIED
CUS009499,RETAIL,AE,2023-05-12,PENDING
CUS009500,RETAIL,IN,2022-02-20,VERIFIED
CUS009501,RETAIL,IN,2024-03-21,VERIFIED
CUS009502,SME,IN,2022-11-11,VERIFIED
CUS009503,RETAIL,AE,2024-07-27,VERIFIED
CUS009504,SME,SG,2024-04-03,VERIFIED
CUS009505,RETAIL,SG,2022-05-20,VERIFIED
CUS009506,SME,IN,2023-09-20,VERIFIED
CUS009507,RETAIL,AE,2021-03-28,REJECTED
CUS009508,RETAIL,AE,2021-03-08,VERIFIED
CUS009509,RETAIL,IN,2024-07-01,VERIFIED
CUS009510,RETAIL,IN,2022-06-24,VERIFIED
CUS009511,RETAIL,SG,2022-01-02,VERIFIED
CUS009512,RETAIL,AE,2023-12-12,VERIFIED
CUS009513,RETAIL,SG,2021-10-12,VERIFIED
CUS009514,RETAIL,AE,2022-03-05,VERIFIED
CUS009515,RETAIL,SG,2023-10-05,VERIFIED
CUS009516,RETAIL,IN,2024-08-27,PENDING
CUS009517,RETAIL,IN,2023-04-22,VERIFIED
CUS009518,RETAIL,SG,2023-08-02,VERIFIED
CUS009519,RETAIL,IN,2022-12-24,VERIFIED
CUS009520,RETAIL,IN,2024-02-16,VERIFIED
CUS009521,RETAIL,SG,2023-10-23,VERIFIED
CUS009522,SME,IN,2021-07-27,VERIFIED
CUS009523,RETAIL,SG,2021-10-10,VERIFIED
CUS009524,RETAIL,IN,2022-03-09,VERIFIED
CUS009525,RETAIL,IN,2023-08-27,REJECTED
CUS009526,RETAIL,IN,2023-02-05,VERIFIED
CUS009527,RETAIL,SG,2023-11-18,VERIFIED
CUS009528,RETAIL,SG,2023-06-11,VERIFIED
CUS009529,RETAIL,IN,2023-01-08,VERIFIED
CUS009530,RETAIL,IN,2021-09-17,VERIFIED
CUS009531,RETAIL,IN,2021-12-14,VERIFIED
CUS009532,RETAIL,SG,2024-04-03,VERIFIED
CUS009533,RETAIL,AE,2021-05-19,VERIFIED
CUS009534,SME,SG,2024-09-19,VERIFIED
CUS009535,SME,IN,2024-10-27,VERIFIED
CUS009536,RETAIL,SG,2021-09-27,VERIFIED
CUS009537,RETAIL,IN,2023-12-02,VERIFIED
CUS009538,RETAIL,IN,2021-09-20,VERIFIED
CUS009539,SME,IN,2024-09-27,VERIFIED
CUS009540,RETAIL,IN,2024-01-27,VERIFIED
CUS009541,RETAIL,IN,2021-11-03,VERIFIED
CUS009542,SME,SG,2024-04-03,VERIFIED
CUS009543,RETAIL,IN,2023-01-06,VERIFIED
CUS009544,SME,SG,2022-03-29,VERIFIED
CUS009545,RETAIL,AE,2023-09-01,VERIFIED
CUS009546,RETAIL,IN,2024-06-15,VERIFIED
CUS009547,SME,IN,2021-10-23,VERIFIED
CUS009548,RETAIL,SG,2022-08-15,VERIFIED
CUS009549,RETAIL,IN,2021-07-05,VERIFIED
CUS009550,RETAIL,IN,2022-04-26,VERIFIED
CUS009551,RETAIL,IN,2022-02-24,VERIFIED
CUS009552,RETAIL,AE,2022-08-15,VERIFIED
CUS009553,RETAIL,SG,2022-06-08,VERIFIED
CUS009554,RETAIL,AE,2023-05-15,VERIFIED
CUS009555,RETAIL,SG,2021-06-14,VERIFIED
CUS009556,RETAIL,IN,2021-11-16,VERIFIED
CUS009557,SME,SG,2024-01-28,VERIFIED
CUS009558,SME,AE,2021-06-10,PENDING
CUS009559,RETAIL,IN,2024-02-09,VERIFIED
CUS009560,SME,AE,2022-04-20,VERIFIED
CUS009561,RETAIL,AE,2021-06-22,VERIFIED
CUS009562,RETAIL,IN,2023-05-26,VERIFIED
CUS009563,RETAIL,IN,2024-04-18,VERIFIED
CUS009564,SME,IN,2021-03-10,VERIFIED
CUS009565,RETAIL,SG,2021-12-17,VERIFIED
CUS009566,RETAIL,IN,2023-04-13,VERIFIED
CUS009567,SME,IN,2021-03-16,VERIFIED
CUS009568,RETAIL,IN,2024-07-23,VERIFIED
CUS009569,RETAIL,AE,2022-12-25,VERIFIED
CUS009570,RETAIL,AE,2024-04-21,VERIFIED
CUS009571,RETAIL,SG,2024-04-18,VERIFIED
CUS009572,RETAIL,IN,2023-09-02,VERIFIED
CUS009573,RETAIL,IN,2022-10-21,VERIFIED
CUS009574,RETAIL,SG,2024-05-07,VERIFIED
CUS009575,RETAIL,IN,2023-01-04,PENDING
CUS009576,SME,IN,2022-01-08,VERIFIED
CUS009577,RETAIL,AE,2024-06-10,VERIFIED
CUS009578,RETAIL,IN,2024-12-13,VERIFIED
CUS009579,RETAIL,SG,2022-02-21,VERIFIED
CUS009580,SME,SG,2023-06-13,VERIFIED
CUS009581,SME,AE,2024-04-10,VERIFIED
CUS009582,RETAIL,IN,2021-08-21,VERIFIED
CUS009583,RETAIL,IN,2023-05-14,VERIFIED
CUS009584,RETAIL,IN,2024-07-21,VERIFIED
CUS009585,RETAIL,IN,2023-10-27,VERIFIED
CUS009586,RETAIL,IN,2022-10-18,VERIFIED
CUS009587,RETAIL,IN,2023-11-21,PENDING
CUS009588,RETAIL,SG,2021-06-04,VERIFIED
CUS009589,RETAIL,IN,2022-08-07,VERIFIED
CUS009590,RETAIL,IN,2024-09-23,VERIFIED
CUS009591,RETAIL,IN,2023-09-04,VERIFIED
CUS009592,SME,IN,2023-08-31,VERIFIED
CUS009593,RETAIL,IN,2024-06-11,VERIFIED
CUS009594,RETAIL,IN,2024-11-10,VERIFIED
CUS009595,RETAIL,AE,2024-07-29,VERIFIED
CUS009596,RETAIL,AE,2022-05-22,PENDING
CUS009597,RETAIL,SG,2024-01-20,VERIFIED
CUS009598,RETAIL,IN,2023-05-28,VERIFIED
CUS009599,RETAIL,SG,2024-06-16,VERIFIED
CUS009600,SME,AE,2021-05-16,VERIFIED
CUS009601,RETAIL,IN,2021-03-22,VERIFIED
CUS009602,SME,IN,2022-05-10,VERIFIED
CUS009603,RETAIL,SG,2023-09-25,VERIFIED
CUS009604,RETAIL,AE,2022-09-12,PENDING
CUS009605,RETAIL,IN,2023-07-11,VERIFIED
CUS009606,SME,IN,2021-07-07,VERIFIED
CUS009607,RETAIL,IN,2022-09-07,VERIFIED
CUS009608,RETAIL,IN,2024-07-04,VERIFIED
CUS009609,RETAIL,SG,2024-08-19,VERIFIED
CUS009610,RETAIL,IN,2022-01-01,VERIFIED
CUS009611,RETAIL,AE,2022-03-20,VERIFIED
CUS009612,RETAIL,SG,2022-03-17,VERIFIED
CUS009613,RETAIL,IN,2023-09-23,VERIFIED
CUS009614,RETAIL,SG,2022-06-04,VERIFIED
CUS009615,RETAIL,SG,2023-12-19,VERIFIED
CUS009616,SME,IN,2022-07-23,VERIFIED
CUS009617,SME,IN,2023-09-29,VERIFIED
CUS009618,SME,AE,2024-07-11,VERIFIED
CUS009619,RETAIL,IN,2021-10-25,VERIFIED
CUS009620,RETAIL,IN,2021-11-19,VERIFIED
CUS009621,RETAIL,IN,2021-12-31,VERIFIED
CUS009622,RETAIL,IN,2022-07-27,VERIFIED
CUS009623,RETAIL,SG,2022-07-22,VERIFIED
CUS009624,RETAIL,IN,2022-01-17,VERIFIED
CUS009625,RETAIL,SG,2022-11-05,VERIFIED
CUS009626,SME,IN,2021-08-24,VERIFIED
CUS009627,RETAIL,AE,2022-01-25,VERIFIED
CUS009628,SME,IN,2022-12-04,VERIFIED
CUS009629,RETAIL,AE,2022-10-03,VERIFIED
CUS009630,SME,AE,2021-05-03,VERIFIED
CUS009631,RETAIL,IN,2023-01-26,VERIFIED
CUS009632,RETAIL,SG,2024-08-02,VERIFIED
CUS009633,RETAIL,IN,2021-10-09,VERIFIED
CUS009634,RETAIL,SG,2024-12-27,VERIFIED
CUS009635,SME,SG,2024-01-22,VERIFIED
CUS009636,RETAIL,IN,2023-09-28,VERIFIED
CUS009637,SME,IN,2024-11-26,VERIFIED
CUS009638,RETAIL,IN,2024-03-04,VERIFIED
CUS009639,SME,SG,2024-04-30,VERIFIED
CUS009640,RETAIL,SG,2022-11-18,VERIFIED
CUS009641,RETAIL,IN,2021-08-18,VERIFIED
CUS009642,SME,IN,2023-12-06,VERIFIED
CUS009643,RETAIL,IN,2023-07-04,VERIFIED
CUS009644,RETAIL,IN,2022-05-14,VERIFIED
CUS009645,RETAIL,IN,2022-06-03,VERIFIED
CUS009646,RETAIL,IN,2021-05-19,PENDING
CUS009647,SME,AE,2023-01-01,VERIFIED
CUS009648,RETAIL,IN,2022-01-21,VERIFIED
CUS009649,SME,SG,2021-10-06,VERIFIED
CUS009650,SME,IN,2023-05-24,VERIFIED
CUS009651,RETAIL,IN,2021-10-18,VERIFIED
CUS009652,RETAIL,SG,2021-03-24,VERIFIED
CUS009653,RETAIL,IN,2024-07-18,VERIFIED
CUS009654,SME,IN,2022-01-18,VERIFIED
CUS009655,RETAIL,AE,2022-08-13,VERIFIED
CUS009656,RETAIL,AE,2021-11-23,VERIFIED
CUS009657,SME,SG,2022-11-25,VERIFIED
CUS009658,RETAIL,IN,2024-03-21,VERIFIED
CUS009659,RETAIL,IN,2023-05-12,REJECTED
CUS009660,RETAIL,IN,2022-05-16,VERIFIED
CUS009661,SME,AE,2021-07-26,VERIFIED
CUS009662,RETAIL,SG,2024-09-25,VERIFIED
CUS009663,RETAIL,IN,2024-04-14,VERIFIED
CUS009664,RETAIL,AE,2024-02-07,VERIFIED
CUS009665,SME,IN,2022-09-27,PENDING
CUS009666,RETAIL,IN,2024-12-09,VERIFIED
CUS009667,RETAIL,IN,2021-05-09,VERIFIED
CUS009668,SME,IN,2022-04-20,VERIFIED
CUS009669,RETAIL,AE,2021-07-14,VERIFIED
CUS009670,RETAIL,AE,2024-12-03,VERIFIED
CUS009671,SME,IN,2023-12-14,VERIFIED
CUS009672,RETAIL,IN,2023-04-14,VERIFIED
CUS009673,SME,IN,2022-01-19,VERIFIED
CUS009674,SME,IN,2022-07-08,VERIFIED
CUS009675,RETAIL,IN,2023-05-27,PENDING
CUS009676,RETAIL,IN,2023-11-02,REJECTED
CUS009677,SME,IN,2023-09-27,VERIFIED
CUS009678,RETAIL,IN,2023-08-06,VERIFIED
CUS009679,RETAIL,IN,2022-05-12,VERIFIED
CUS009680,RETAIL,AE,2021-09-04,VERIFIED
CUS009681,RETAIL,IN,2023-03-06,VERIFIED
CUS009682,RETAIL,IN,2021-07-20,VERIFIED
CUS009683,RETAIL,IN,2023-11-09,VERIFIED
CUS009684,SME,SG,2021-09-17,VERIFIED
CUS009685,RETAIL,IN,2024-12-31,PENDING
CUS009686,RETAIL,IN,2022-02-17,VERIFIED
CUS009687,RETAIL,SG,2021-05-13,VERIFIED
CUS009688,RETAIL,SG,2023-12-10,VERIFIED
CUS009689,RETAIL,IN,2022-05-23,VERIFIED
CUS009690,RETAIL,IN,2024-09-19,VERIFIED
CUS009691,RETAIL,AE,2021-09-28,PENDING
CUS009692,RETAIL,IN,2023-02-17,VERIFIED
CUS009693,RETAIL,IN,2023-05-18,VERIFIED
CUS009694,SME,IN,2021-06-17,VERIFIED
CUS009695,RETAIL,IN,2021-06-16,VERIFIED
CUS009696,RETAIL,SG,2024-02-24,VERIFIED
CUS009697,RETAIL,SG,2021-04-29,REJECTED
CUS009698,RETAIL,IN,2024-03-14,VERIFIED
CUS009699,SME,IN,2021-11-21,VERIFIED
CUS009700,RETAIL,IN,2022-01-06,VERIFIED
CUS009701,SME,SG,2023-01-27,VERIFIED
CUS009702,RETAIL,IN,2022-09-26,VERIFIED
CUS009703,RETAIL,IN,2023-06-30,VERIFIED
CUS009704,RETAIL,SG,2023-06-15,VERIFIED
CUS009705,RETAIL,IN,2023-01-11,VERIFIED
CUS009706,RETAIL,IN,2021-09-12,VERIFIED
CUS009707,RETAIL,IN,2023-02-25,VERIFIED
CUS009708,RETAIL,SG,2022-10-09,VERIFIED
CUS009709,RETAIL,IN,2022-04-17,VERIFIED
CUS009710,RETAIL,SG,2021-06-23,VERIFIED
CUS009711,RETAIL,SG,2021-09-15,VERIFIED
CUS009712,RETAIL,SG,2023-08-05,VERIFIED
CUS009713,SME,IN,2021-09-11,VERIFIED
CUS009714,RETAIL,SG,2023-04-21,VERIFIED
CUS009715,SME,IN,2024-08-23,VERIFIED
CUS009716,RETAIL,AE,2024-09-19,VERIFIED
CUS009717,RETAIL,SG,2024-03-20,VERIFIED
CUS009718,SME,IN,2023-08-06,VERIFIED
CUS009719,SME,SG,2023-06-21,VERIFIED
CUS009720,SME,IN,2024-04-25,VERIFIED
CUS009721,RETAIL,IN,2024-04-27,VERIFIED
CUS009722,RETAIL,IN,2024-11-17,VERIFIED
CUS009723,RETAIL,IN,2021-07-05,VERIFIED
CUS009724,SME,SG,2024-01-09,VERIFIED
CUS009725,RETAIL,AE,2022-07-08,VERIFIED
CUS009726,RETAIL,IN,2023-02-15,VERIFIED
CUS009727,RETAIL,SG,2023-08-16,VERIFIED
CUS009728,RETAIL,SG,2024-01-21,VERIFIED
CUS009729,RETAIL,SG,2024-10-04,VERIFIED
CUS009730,RETAIL,IN,2024-08-02,VERIFIED
CUS009731,RETAIL,IN,2022-05-29,REJECTED
CUS009732,RETAIL,SG,2023-04-10,VERIFIED
CUS009733,RETAIL,IN,2021-04-17,PENDING
CUS009734,RETAIL,IN,2024-06-09,VERIFIED
CUS009735,RETAIL,IN,2021-06-09,VERIFIED
CUS009736,SME,IN,2024-09-03,VERIFIED
CUS009737,RETAIL,IN,2022-03-13,VERIFIED
CUS009738,SME,IN,2021-04-28,VERIFIED
CUS009739,RETAIL,SG,2024-05-31,VERIFIED
CUS009740,RETAIL,AE,2023-03-07,PENDING
CUS009741,SME,IN,2021-06-23,VERIFIED
CUS009742,RETAIL,IN,2021-12-05,VERIFIED
CUS009743,RETAIL,SG,2024-03-02,VERIFIED
CUS009744,SME,IN,2024-05-07,VERIFIED
CUS009745,RETAIL,AE,2023-09-17,VERIFIED
CUS009746,RETAIL,IN,2023-03-27,VERIFIED
CUS009747,SME,IN,2023-11-17,VERIFIED
CUS009748,RETAIL,IN,2024-08-29,VERIFIED
CUS009749,RETAIL,IN,2023-02-05,VERIFIED
CUS009750,SME,SG,2023-06-05,VERIFIED
CUS009751,SME,IN,2023-11-01,VERIFIED
CUS009752,RETAIL,AE,2021-11-02,VERIFIED
CUS009753,RETAIL,SG,2023-11-23,PENDING
CUS009754,SME,AE,2021-08-01,VERIFIED
CUS009755,SME,AE,2024-12-17,VERIFIED
CUS009756,RETAIL,IN,2023-01-06,VERIFIED
CUS009757,RETAIL,IN,2021-05-12,VERIFIED
CUS009758,RETAIL,AE,2023-11-28,VERIFIED
CUS009759,RETAIL,IN,2022-06-29,VERIFIED
CUS009760,SME,IN,2022-03-12,VERIFIED
CUS009761,SME,IN,2023-09-10,VERIFIED
CUS009762,RETAIL,IN,2022-07-22,PENDING
CUS009763,SME,AE,2022-07-03,VERIFIED
CUS009764,SME,IN,2023-03-15,VERIFIED
CUS009765,RETAIL,SG,2023-07-24,VERIFIED
CUS009766,SME,AE,2023-03-08,PENDING
CUS009767,RETAIL,IN,2024-06-07,VERIFIED
CUS009768,SME,SG,2023-02-11,VERIFIED
CUS009769,RETAIL,IN,2023-10-04,VERIFIED
CUS009770,RETAIL,IN,2023-09-15,VERIFIED
CUS009771,RETAIL,IN,2024-01-24,VERIFIED
CUS009772,RETAIL,IN,2023-01-06,REJECTED
CUS009773,RETAIL,IN,2024-12-22,VERIFIED
CUS009774,RETAIL,IN,2024-10-13,VERIFIED
CUS009775,RETAIL,IN,2024-03-15,VERIFIED
CUS009776,RETAIL,IN,2022-10-26,VERIFIED
CUS009777,RETAIL,SG,2024-01-08,PENDING
CUS009778,RETAIL,IN,2023-02-07,VERIFIED
CUS009779,RETAIL,SG,2024-06-08,VERIFIED
CUS009780,SME,AE,2023-05-24,VERIFIED
CUS009781,RETAIL,SG,2023-04-08,VERIFIED
CUS009782,RETAIL,IN,2023-10-06,VERIFIED
CUS009783,RETAIL,SG,2024-10-24,VERIFIED
CUS009784,RETAIL,SG,2022-08-15,VERIFIED
CUS009785,RETAIL,AE,2024-03-22,VERIFIED
CUS009786,RETAIL,AE,2023-02-23,VERIFIED
CUS009787,RETAIL,IN,2022-04-14,VERIFIED
CUS009788,RETAIL,IN,2024-08-13,PENDING
CUS009789,SME,SG,2022-05-27,VERIFIED
CUS009790,RETAIL,IN,2023-07-27,VERIFIED
CUS009791,RETAIL,IN,2023-01-28,VERIFIED
CUS009792,RETAIL,SG,2024-09-16,VERIFIED
CUS009793,RETAIL,SG,2023-02-02,PENDING
CUS009794,SME,IN,2023-07-21,VERIFIED
CUS009795,RETAIL,IN,2024-04-27,VERIFIED
CUS009796,RETAIL,IN,2022-12-18,VERIFIED
CUS009797,RETAIL,IN,2022-07-06,VERIFIED
CUS009798,RETAIL,AE,2023-07-04,VERIFIED
CUS009799,RETAIL,AE,2022-07-28,VERIFIED
CUS009800,RETAIL,IN,2023-09-11,VERIFIED
CUS009801,RETAIL,IN,2021-10-27,VERIFIED
CUS009802,RETAIL,SG,2023-12-05,PENDING
CUS009803,RETAIL,SG,2021-12-11,VERIFIED
CUS009804,RETAIL,IN,2023-07-17,VERIFIED
CUS009805,SME,IN,2022-11-12,VERIFIED
CUS009806,RETAIL,IN,2024-09-26,VERIFIED
CUS009807,RETAIL,SG,2024-09-19,PENDING
CUS009808,RETAIL,IN,2021-03-12,VERIFIED
CUS009809,SME,IN,2024-12-22,VERIFIED
CUS009810,RETAIL,AE,2022-11-16,VERIFIED
CUS009811,RETAIL,SG,2023-04-02,VERIFIED
CUS009812,RETAIL,AE,2022-07-26,VERIFIED
CUS009813,RETAIL,IN,2024-12-27,VERIFIED
CUS009814,RETAIL,IN,2024-04-20,VERIFIED
CUS009815,RETAIL,AE,2023-09-15,VERIFIED
CUS009816,RETAIL,AE,2021-06-19,VERIFIED
CUS009817,RETAIL,AE,2023-08-31,VERIFIED
CUS009818,RETAIL,SG,2022-10-25,VERIFIED
CUS009819,RETAIL,IN,2022-10-22,VERIFIED
CUS009820,RETAIL,IN,2023-06-01,VERIFIED
CUS009821,RETAIL,IN,2021-10-29,VERIFIED
CUS009822,SME,AE,2022-04-09,VERIFIED
CUS009823,RETAIL,IN,2023-04-21,VERIFIED
CUS009824,RETAIL,SG,2023-11-02,VERIFIED
CUS009825,RETAIL,AE,2023-12-10,PENDING
CUS009826,SME,AE,2021-06-03,VERIFIED
CUS009827,RETAIL,AE,2024-07-09,REJECTED
CUS009828,RETAIL,IN,2024-05-09,VERIFIED
CUS009829,RETAIL,IN,2024-01-01,VERIFIED
CUS009830,RETAIL,AE,2021-10-23,VERIFIED
CUS009831,RETAIL,IN,2022-05-14,VERIFIED
CUS009832,SME,IN,2021-04-19,VERIFIED
CUS009833,SME,AE,2022-03-28,VERIFIED
CUS009834,RETAIL,SG,2023-02-13,VERIFIED
CUS009835,RETAIL,IN,2024-11-06,VERIFIED
CUS009836,SME,IN,2021-08-23,VERIFIED
CUS009837,SME,IN,2022-06-09,PENDING
CUS009838,RETAIL,AE,2024-09-23,PENDING
CUS009839,RETAIL,IN,2021-04-13,VERIFIED
CUS009840,SME,IN,2022-08-17,VERIFIED
CUS009841,RETAIL,IN,2022-08-18,VERIFIED
CUS009842,RETAIL,AE,2023-08-22,VERIFIED
CUS009843,RETAIL,AE,2023-09-27,VERIFIED
CUS009844,RETAIL,IN,2023-08-10,VERIFIED
CUS009845,RETAIL,IN,2024-10-23,VERIFIED
CUS009846,RETAIL,IN,2023-04-12,VERIFIED
CUS009847,SME,IN,2024-10-06,VERIFIED
CUS009848,RETAIL,IN,2022-09-19,VERIFIED
CUS009849,SME,IN,2024-03-18,VERIFIED
CUS009850,SME,IN,2022-08-23,VERIFIED
CUS009851,SME,IN,2023-07-29,VERIFIED
CUS009852,RETAIL,IN,2023-12-09,VERIFIED
CUS009853,SME,IN,2024-06-13,VERIFIED
CUS009854,RETAIL,IN,2023-07-14,PENDING
CUS009855,RETAIL,SG,2024-09-27,PENDING
CUS009856,SME,IN,2024-01-18,VERIFIED
CUS009857,RETAIL,IN,2023-03-24,VERIFIED
CUS009858,SME,AE,2022-07-31,VERIFIED
CUS009859,RETAIL,IN,2023-03-30,PENDING
CUS009860,RETAIL,AE,2024-08-12,VERIFIED
CUS009861,RETAIL,IN,2022-03-29,VERIFIED
CUS009862,RETAIL,SG,2023-05-19,VERIFIED
CUS009863,RETAIL,IN,2022-08-08,VERIFIED
CUS009864,SME,IN,2021-04-03,VERIFIED
CUS009865,RETAIL,AE,2024-10-25,VERIFIED
CUS009866,RETAIL,SG,2021-03-19,VERIFIED
CUS009867,RETAIL,IN,2021-05-10,VERIFIED
CUS009868,RETAIL,SG,2023-01-07,VERIFIED
CUS009869,RETAIL,IN,2024-11-25,VERIFIED
CUS009870,RETAIL,AE,2024-01-21,VERIFIED
CUS009871,RETAIL,SG,2024-02-20,VERIFIED
CUS009872,SME,IN,2022-10-08,VERIFIED
CUS009873,RETAIL,AE,2022-05-09,VERIFIED
CUS009874,RETAIL,AE,2023-02-18,VERIFIED
CUS009875,RETAIL,SG,2023-08-22,VERIFIED
CUS009876,RETAIL,IN,2024-11-03,VERIFIED
CUS009877,SME,SG,2021-05-28,VERIFIED
CUS009878,RETAIL,SG,2021-03-19,VERIFIED
CUS009879,RETAIL,IN,2024-11-17,VERIFIED
CUS009880,SME,AE,2023-10-01,VERIFIED
CUS009881,RETAIL,IN,2021-03-28,VERIFIED
CUS009882,RETAIL,AE,2023-06-23,VERIFIED
CUS009883,SME,SG,2022-08-14,VERIFIED
CUS009884,SME,IN,2023-01-14,VERIFIED
CUS009885,RETAIL,AE,2022-07-30,VERIFIED
CUS009886,RETAIL,IN,2021-08-18,VERIFIED
CUS009887,RETAIL,IN,2023-07-20,VERIFIED
CUS009888,RETAIL,IN,2021-12-10,VERIFIED
CUS009889,RETAIL,IN,2023-04-04,VERIFIED
CUS009890,RETAIL,SG,2024-03-20,VERIFIED
CUS009891,RETAIL,IN,2024-09-19,VERIFIED
CUS009892,RETAIL,AE,2022-04-04,PENDING
CUS009893,RETAIL,AE,2022-09-11,VERIFIED
CUS009894,RETAIL,SG,2021-08-26,VERIFIED
CUS009895,RETAIL,IN,2024-02-07,VERIFIED
CUS009896,RETAIL,SG,2022-04-08,VERIFIED
CUS009897,RETAIL,IN,2024-11-30,VERIFIED
CUS009898,RETAIL,SG,2024-06-21,VERIFIED
CUS009899,RETAIL,IN,2022-09-22,VERIFIED
CUS009900,RETAIL,AE,2022-12-09,VERIFIED
CUS009901,RETAIL,IN,2022-09-25,VERIFIED
CUS009902,RETAIL,IN,2021-10-16,VERIFIED
CUS009903,RETAIL,AE,2021-10-22,VERIFIED
CUS009904,RETAIL,IN,2024-04-03,VERIFIED
CUS009905,RETAIL,AE,2024-03-24,VERIFIED
CUS009906,RETAIL,AE,2022-12-10,VERIFIED
CUS009907,RETAIL,IN,2021-05-02,VERIFIED
CUS009908,RETAIL,IN,2022-06-09,VERIFIED
CUS009909,RETAIL,IN,2024-06-11,VERIFIED
CUS009910,SME,AE,2022-07-27,VERIFIED
CUS009911,RETAIL,AE,2023-09-16,VERIFIED
CUS009912,RETAIL,IN,2024-08-05,VERIFIED
CUS009913,SME,SG,2022-04-10,VERIFIED
CUS009914,SME,IN,2023-12-10,VERIFIED
CUS009915,RETAIL,IN,2022-01-11,VERIFIED
CUS009916,RETAIL,SG,2022-11-21,VERIFIED
CUS009917,RETAIL,AE,2023-04-17,VERIFIED
CUS009918,SME,IN,2024-03-15,VERIFIED
CUS009919,RETAIL,IN,2023-11-19,VERIFIED
CUS009920,RETAIL,IN,2023-09-22,VERIFIED
CUS009921,RETAIL,IN,2022-05-07,VERIFIED
CUS009922,RETAIL,IN,2023-05-31,VERIFIED
CUS009923,RETAIL,AE,2024-11-15,VERIFIED
CUS009924,RETAIL,IN,2024-12-13,VERIFIED
CUS009925,RETAIL,IN,2023-12-14,VERIFIED
CUS009926,RETAIL,SG,2023-01-18,VERIFIED
CUS009927,RETAIL,IN,2023-09-23,VERIFIED
CUS009928,RETAIL,IN,2021-03-11,VERIFIED
CUS009929,SME,AE,2024-02-13,VERIFIED
CUS009930,RETAIL,IN,2023-06-10,VERIFIED
CUS009931,RETAIL,IN,2023-06-25,VERIFIED
CUS009932,RETAIL,IN,2023-12-14,VERIFIED
CUS009933,RETAIL,IN,2021-08-14,VERIFIED
CUS009934,RETAIL,IN,2024-01-13,VERIFIED
CUS009935,RETAIL,IN,2024-12-18,VERIFIED
CUS009936,RETAIL,IN,2023-01-11,VERIFIED
CUS009937,RETAIL,AE,2022-07-28,VERIFIED
CUS009938,SME,IN,2023-04-04,VERIFIED
CUS009939,RETAIL,IN,2023-05-23,VERIFIED
CUS009940,SME,IN,2021-09-13,VERIFIED
CUS009941,SME,AE,2023-07-28,VERIFIED
CUS009942,RETAIL,IN,2022-07-22,VERIFIED
CUS009943,RETAIL,AE,2021-10-17,VERIFIED
CUS009944,RETAIL,IN,2023-06-23,VERIFIED
CUS009945,SME,AE,2022-12-07,VERIFIED
CUS009946,RETAIL,IN,2023-07-11,VERIFIED
CUS009947,RETAIL,IN,2022-08-25,REJECTED
CUS009948,RETAIL,IN,2022-11-27,VERIFIED
CUS009949,RETAIL,IN,2021-09-26,VERIFIED
CUS009950,RETAIL,SG,2024-01-13,VERIFIED
CUS009951,RETAIL,SG,2024-05-20,VERIFIED
CUS009952,RETAIL,SG,2023-05-21,VERIFIED
CUS009953,RETAIL,IN,2022-08-28,VERIFIED
CUS009954,RETAIL,SG,2023-11-29,VERIFIED
CUS009955,SME,IN,2021-03-06,VERIFIED
CUS009956,RETAIL,AE,2023-01-11,VERIFIED
CUS009957,RETAIL,SG,2021-11-22,VERIFIED
CUS009958,RETAIL,IN,2022-11-28,PENDING
CUS009959,RETAIL,AE,2023-07-01,VERIFIED
CUS009960,RETAIL,IN,2021-10-04,VERIFIED
CUS009961,RETAIL,IN,2024-05-26,PENDING
CUS009962,SME,IN,2024-01-16,VERIFIED
CUS009963,SME,SG,2022-01-26,VERIFIED
CUS009964,RETAIL,IN,2021-07-15,VERIFIED
CUS009965,RETAIL,IN,2023-11-21,VERIFIED
CUS009966,RETAIL,SG,2022-12-14,VERIFIED
CUS009967,SME,IN,2023-02-21,VERIFIED
CUS009968,RETAIL,SG,2022-03-21,VERIFIED
CUS009969,RETAIL,IN,2023-02-02,VERIFIED
CUS009970,RETAIL,IN,2022-08-29,VERIFIED
CUS009971,RETAIL,AE,2022-06-10,VERIFIED
CUS009972,SME,IN,2021-10-29,VERIFIED
CUS009973,RETAIL,SG,2024-06-21,VERIFIED
CUS009974,RETAIL,IN,2022-06-18,VERIFIED
CUS009975,RETAIL,AE,2024-04-23,VERIFIED
CUS009976,SME,IN,2024-12-17,VERIFIED
CUS009977,RETAIL,SG,2022-04-04,VERIFIED
CUS009978,RETAIL,IN,2023-07-05,VERIFIED
CUS009979,RETAIL,IN,2022-04-04,VERIFIED
CUS009980,RETAIL,IN,2021-05-29,VERIFIED
CUS009981,RETAIL,IN,2024-07-05,VERIFIED
CUS009982,RETAIL,IN,2023-04-10,VERIFIED
CUS009983,SME,IN,2024-08-16,VERIFIED
CUS009984,RETAIL,IN,2021-10-30,VERIFIED
CUS009985,RETAIL,SG,2021-03-04,VERIFIED
CUS009986,RETAIL,IN,2021-09-03,VERIFIED
CUS009987,SME,IN,2021-03-12,VERIFIED
CUS009988,RETAIL,IN,2023-09-24,VERIFIED
CUS009989,RETAIL,IN,2023-12-09,VERIFIED
CUS009990,RETAIL,SG,2021-09-19,VERIFIED
CUS009991,SME,AE,2022-07-04,PENDING
CUS009992,RETAIL,IN,2023-07-23,VERIFIED
CUS009993,SME,SG,2024-03-13,VERIFIED
CUS009994,RETAIL,IN,2024-11-27,VERIFIED
CUS009995,RETAIL,AE,2024-11-09,VERIFIED
CUS009996,RETAIL,IN,2022-05-05,VERIFIED
CUS009997,RETAIL,IN,2023-12-29,VERIFIED
CUS009998,RETAIL,IN,2021-11-10,VERIFIED
CUS009999,RETAIL,IN,2021-10-05,VERIFIED
CUS010000,RETAIL,SG,2023-04-10,VERIFIED
CUS010001,RETAIL,IN,2023-11-09,VERIFIED
CUS010002,SME,IN,2024-05-04,VERIFIED
CUS010003,SME,IN,2024-01-08,VERIFIED
CUS010004,RETAIL,AE,2022-08-24,VERIFIED
CUS010005,RETAIL,SG,2022-02-08,VERIFIED
CUS010006,RETAIL,AE,2022-03-05,VERIFIED
CUS010007,RETAIL,AE,2021-04-30,VERIFIED
CUS010008,RETAIL,AE,2022-06-30,VERIFIED
CUS010009,RETAIL,IN,2023-01-21,VERIFIED
CUS010010,SME,IN,2023-08-22,VERIFIED
CUS010011,RETAIL,IN,2023-09-19,VERIFIED
CUS010012,RETAIL,IN,2023-08-05,VERIFIED
CUS010013,RETAIL,SG,2021-08-19,VERIFIED
CUS010014,RETAIL,IN,2022-11-25,VERIFIED
CUS010015,RETAIL,IN,2024-02-27,VERIFIED
CUS010016,RETAIL,SG,2024-04-06,VERIFIED
CUS010017,RETAIL,IN,2024-11-23,VERIFIED
CUS010018,RETAIL,IN,2021-10-05,VERIFIED
CUS010019,RETAIL,IN,2024-02-29,VERIFIED
CUS010020,SME,SG,2024-08-11,VERIFIED
CUS010021,RETAIL,IN,2023-11-23,VERIFIED
CUS010022,RETAIL,IN,2023-02-20,VERIFIED
CUS010023,RETAIL,IN,2021-04-29,VERIFIED
CUS010024,SME,SG,2021-09-16,VERIFIED
CUS010025,RETAIL,IN,2024-05-07,VERIFIED
CUS010026,RETAIL,IN,2022-12-22,VERIFIED
CUS010027,RETAIL,AE,2021-11-05,VERIFIED
CUS010028,SME,AE,2022-02-01,VERIFIED
CUS010029,RETAIL,IN,2023-03-16,VERIFIED
CUS010030,RETAIL,IN,2024-02-01,VERIFIED
CUS010031,RETAIL,IN,2021-12-29,VERIFIED
CUS010032,RETAIL,SG,2023-04-19,PENDING
CUS010033,RETAIL,IN,2024-02-05,VERIFIED
CUS010034,SME,AE,2022-04-09,VERIFIED
CUS010035,RETAIL,SG,2021-08-15,VERIFIED
CUS010036,SME,IN,2021-08-07,VERIFIED
CUS010037,SME,IN,2021-05-30,VERIFIED
CUS010038,RETAIL,AE,2022-07-16,VERIFIED
CUS010039,SME,SG,2022-01-22,VERIFIED
CUS010040,RETAIL,SG,2024-01-28,PENDING
CUS010041,RETAIL,IN,2023-10-06,VERIFIED
CUS010042,RETAIL,SG,2024-06-11,VERIFIED
CUS010043,SME,SG,2024-09-10,VERIFIED
CUS010044,RETAIL,AE,2021-10-11,VERIFIED
CUS010045,RETAIL,IN,2023-04-02,VERIFIED
CUS010046,RETAIL,IN,2022-11-18,VERIFIED
CUS010047,SME,IN,2024-09-01,PENDING
CUS010048,RETAIL,SG,2024-04-19,VERIFIED
CUS010049,RETAIL,AE,2024-09-17,VERIFIED
CUS010050,RETAIL,IN,2023-02-22,VERIFIED
CUS010051,RETAIL,IN,2022-10-11,VERIFIED
CUS010052,RETAIL,IN,2024-07-09,VERIFIED
CUS010053,RETAIL,IN,2022-04-16,VERIFIED
CUS010054,RETAIL,AE,2024-08-07,VERIFIED
CUS010055,RETAIL,IN,2021-10-15,VERIFIED
CUS010056,RETAIL,IN,2021-06-24,VERIFIED
CUS010057,RETAIL,AE,2022-07-20,VERIFIED
CUS010058,RETAIL,IN,2022-12-01,VERIFIED
CUS010059,RETAIL,IN,2022-03-14,VERIFIED
CUS010060,SME,IN,2024-01-19,VERIFIED
CUS010061,RETAIL,IN,2021-06-22,VERIFIED
CUS010062,SME,IN,2021-08-17,VERIFIED
CUS010063,RETAIL,SG,2022-05-04,PENDING
CUS010064,RETAIL,IN,2021-03-05,VERIFIED
CUS010065,RETAIL,SG,2023-11-05,VERIFIED
CUS010066,RETAIL,IN,2021-08-13,VERIFIED
CUS010067,SME,IN,2024-11-15,VERIFIED
CUS010068,RETAIL,IN,2022-02-20,VERIFIED
CUS010069,SME,IN,2023-11-23,VERIFIED
CUS010070,RETAIL,IN,2021-04-26,VERIFIED
CUS010071,SME,SG,2022-10-30,VERIFIED
CUS010072,RETAIL,IN,2024-03-31,VERIFIED
CUS010073,RETAIL,SG,2023-10-19,VERIFIED
CUS010074,RETAIL,IN,2021-08-22,VERIFIED
CUS010075,SME,IN,2021-12-02,VERIFIED
CUS010076,RETAIL,IN,2023-08-18,VERIFIED
CUS010077,RETAIL,IN,2023-12-31,VERIFIED
CUS010078,RETAIL,SG,2024-11-17,VERIFIED
CUS010079,RETAIL,SG,2024-07-13,VERIFIED
CUS010080,RETAIL,IN,2024-11-17,VERIFIED
CUS010081,RETAIL,IN,2023-09-28,VERIFIED
CUS010082,RETAIL,SG,2024-04-14,VERIFIED
CUS010083,RETAIL,IN,2024-12-04,VERIFIED
CUS010084,RETAIL,IN,2022-01-06,VERIFIED
CUS010085,RETAIL,IN,2021-08-20,VERIFIED
CUS010086,RETAIL,IN,2021-07-26,VERIFIED
CUS010087,RETAIL,AE,2021-10-18,VERIFIED
CUS010088,SME,IN,2024-07-06,VERIFIED
CUS010089,SME,IN,2024-05-16,VERIFIED
CUS010090,SME,SG,2021-10-06,VERIFIED
CUS010091,RETAIL,IN,2024-12-11,VERIFIED
CUS010092,RETAIL,SG,2022-02-09,VERIFIED
CUS010093,RETAIL,IN,2024-07-09,VERIFIED
CUS010094,RETAIL,IN,2024-10-20,VERIFIED
CUS010095,RETAIL,IN,2022-01-05,VERIFIED
CUS010096,RETAIL,IN,2022-03-15,VERIFIED
CUS010097,SME,IN,2024-09-04,VERIFIED
CUS010098,RETAIL,SG,2024-11-09,PENDING
CUS010099,RETAIL,SG,2021-08-14,VERIFIED
CUS010100,SME,SG,2023-12-31,PENDING
CUS010101,RETAIL,IN,2021-04-16,VERIFIED
CUS010102,RETAIL,AE,2022-12-20,VERIFIED
CUS010103,RETAIL,IN,2021-04-02,VERIFIED
CUS010104,SME,SG,2021-07-09,VERIFIED
CUS010105,RETAIL,SG,2022-08-23,VERIFIED
CUS010106,RETAIL,IN,2024-08-07,VERIFIED
CUS010107,RETAIL,IN,2021-07-25,VERIFIED
CUS010108,RETAIL,SG,2023-09-02,VERIFIED
CUS010109,RETAIL,SG,2024-01-15,VERIFIED
CUS010110,RETAIL,IN,2022-10-17,VERIFIED
CUS010111,RETAIL,SG,2023-08-20,PENDING
CUS010112,SME,IN,2022-03-02,VERIFIED
CUS010113,RETAIL,IN,2023-12-28,VERIFIED
CUS010114,RETAIL,SG,2021-06-30,VERIFIED
CUS010115,RETAIL,SG,2024-08-15,VERIFIED
CUS010116,RETAIL,IN,2023-03-17,VERIFIED
CUS010117,RETAIL,IN,2021-04-28,VERIFIED
CUS010118,RETAIL,IN,2021-10-12,VERIFIED
CUS010119,RETAIL,IN,2021-11-10,VERIFIED
CUS010120,RETAIL,IN,2022-08-22,VERIFIED
CUS010121,RETAIL,IN,2022-10-27,VERIFIED
CUS010122,RETAIL,SG,2024-03-22,VERIFIED
CUS010123,RETAIL,IN,2023-11-12,VERIFIED
CUS010124,RETAIL,IN,2022-10-13,VERIFIED
CUS010125,SME,IN,2023-10-30,VERIFIED
CUS010126,RETAIL,IN,2023-10-20,PENDING
CUS010127,SME,IN,2022-05-27,PENDING
CUS010128,RETAIL,IN,2022-04-22,VERIFIED
CUS010129,SME,IN,2023-02-07,VERIFIED
CUS010130,RETAIL,IN,2023-11-30,VERIFIED
CUS010131,RETAIL,IN,2024-04-30,VERIFIED
CUS010132,RETAIL,AE,2023-12-31,VERIFIED
CUS010133,RETAIL,IN,2023-09-28,VERIFIED
CUS010134,RETAIL,IN,2021-05-19,VERIFIED
CUS010135,RETAIL,IN,2023-10-08,VERIFIED
CUS010136,SME,IN,2021-07-09,VERIFIED
CUS010137,SME,IN,2022-12-10,VERIFIED
CUS010138,RETAIL,SG,2023-04-10,VERIFIED
CUS010139,SME,IN,2023-12-24,PENDING
CUS010140,RETAIL,IN,2022-01-26,VERIFIED
CUS010141,RETAIL,IN,2021-10-10,VERIFIED
CUS010142,RETAIL,IN,2021-03-29,VERIFIED
CUS010143,RETAIL,AE,2021-11-10,VERIFIED
CUS010144,SME,IN,2024-08-30,VERIFIED
CUS010145,SME,IN,2021-08-19,VERIFIED
CUS010146,SME,IN,2022-09-06,VERIFIED
CUS010147,RETAIL,IN,2023-01-14,VERIFIED
CUS010148,RETAIL,IN,2024-01-13,VERIFIED
CUS010149,RETAIL,IN,2023-01-23,VERIFIED
CUS010150,RETAIL,IN,2021-12-08,VERIFIED
CUS010151,SME,IN,2022-09-30,VERIFIED
CUS010152,RETAIL,IN,2024-08-13,PENDING
CUS010153,SME,IN,2022-02-09,VERIFIED
CUS010154,RETAIL,IN,2021-12-24,VERIFIED
CUS010155,RETAIL,AE,2022-06-05,VERIFIED
CUS010156,RETAIL,IN,2024-03-27,VERIFIED
CUS010157,RETAIL,AE,2023-11-15,VERIFIED
CUS010158,RETAIL,AE,2023-04-04,VERIFIED
CUS010159,SME,IN,2021-09-03,VERIFIED
CUS010160,RETAIL,IN,2021-11-19,VERIFIED
CUS010161,RETAIL,AE,2024-08-21,VERIFIED
CUS010162,RETAIL,IN,2024-09-29,VERIFIED
CUS010163,RETAIL,IN,2024-10-24,VERIFIED
CUS010164,RETAIL,IN,2021-06-12,PENDING
CUS010165,SME,IN,2021-09-10,VERIFIED
CUS010166,RETAIL,AE,2024-03-03,VERIFIED
CUS010167,SME,SG,2021-06-29,VERIFIED
CUS010168,RETAIL,AE,2023-01-31,VERIFIED
CUS010169,RETAIL,SG,2023-10-21,VERIFIED
CUS010170,RETAIL,SG,2022-03-10,VERIFIED
CUS010171,RETAIL,IN,2024-09-27,PENDING
CUS010172,RETAIL,AE,2024-07-13,VERIFIED
CUS010173,RETAIL,AE,2024-01-09,VERIFIED
CUS010174,RETAIL,AE,2022-09-02,VERIFIED
CUS010175,RETAIL,SG,2021-10-16,VERIFIED
CUS010176,RETAIL,IN,2023-01-11,VERIFIED
CUS010177,RETAIL,IN,2023-04-27,VERIFIED
CUS010178,RETAIL,AE,2022-10-04,VERIFIED
CUS010179,RETAIL,IN,2024-12-16,VERIFIED
CUS010180,RETAIL,IN,2022-06-19,VERIFIED
CUS010181,RETAIL,IN,2021-12-02,PENDING
CUS010182,RETAIL,IN,2023-05-24,VERIFIED
CUS010183,RETAIL,IN,2022-07-10,VERIFIED
CUS010184,RETAIL,IN,2023-11-10,VERIFIED
CUS010185,RETAIL,IN,2021-05-31,VERIFIED
CUS010186,RETAIL,IN,2024-04-19,VERIFIED
CUS010187,SME,IN,2024-06-23,VERIFIED
CUS010188,RETAIL,IN,2021-05-28,VERIFIED
CUS010189,RETAIL,SG,2023-01-22,VERIFIED
CUS010190,RETAIL,IN,2023-06-20,VERIFIED
CUS010191,SME,IN,2021-11-16,VERIFIED
CUS010192,RETAIL,IN,2023-12-03,PENDING
CUS010193,RETAIL,IN,2023-11-15,VERIFIED
CUS010194,RETAIL,AE,2024-10-20,VERIFIED
CUS010195,SME,IN,2023-01-07,VERIFIED
CUS010196,RETAIL,IN,2022-02-15,PENDING
CUS010197,RETAIL,SG,2021-03-23,VERIFIED
CUS010198,RETAIL,IN,2022-12-25,VERIFIED
CUS010199,RETAIL,SG,2024-09-19,VERIFIED
CUS010200,RETAIL,AE,2024-04-09,PENDING
CUS010201,SME,IN,2023-12-05,PENDING
CUS010202,SME,AE,2021-07-31,VERIFIED
CUS010203,RETAIL,IN,2022-10-12,VERIFIED
CUS010204,SME,IN,2021-06-04,VERIFIED
CUS010205,SME,IN,2021-10-08,VERIFIED
CUS010206,RETAIL,IN,2021-08-18,VERIFIED
CUS010207,RETAIL,IN,2023-12-07,VERIFIED
CUS010208,RETAIL,IN,2022-11-08,VERIFIED
CUS010209,RETAIL,IN,2024-10-09,VERIFIED
CUS010210,RETAIL,IN,2023-07-29,VERIFIED
CUS010211,SME,IN,2023-10-21,VERIFIED
CUS010212,SME,IN,2024-05-20,VERIFIED
CUS010213,RETAIL,IN,2024-10-07,VERIFIED
CUS010214,RETAIL,IN,2023-07-23,VERIFIED
CUS010215,RETAIL,SG,2024-09-25,VERIFIED
CUS010216,SME,IN,2022-08-28,VERIFIED
CUS010217,RETAIL,SG,2023-12-10,VERIFIED
CUS010218,RETAIL,IN,2024-02-19,VERIFIED
CUS010219,RETAIL,IN,2024-07-30,VERIFIED
CUS010220,RETAIL,AE,2023-03-24,VERIFIED
CUS010221,RETAIL,IN,2024-05-10,VERIFIED
CUS010222,RETAIL,IN,2022-10-22,VERIFIED
CUS010223,RETAIL,IN,2021-03-23,VERIFIED
CUS010224,SME,IN,2022-03-14,REJECTED
CUS010225,RETAIL,IN,2024-07-23,VERIFIED
CUS010226,RETAIL,IN,2024-08-27,VERIFIED
CUS010227,RETAIL,IN,2021-08-25,VERIFIED
CUS010228,RETAIL,AE,2021-09-06,VERIFIED
CUS010229,RETAIL,IN,2023-08-13,VERIFIED
CUS010230,SME,IN,2023-04-04,VERIFIED
CUS010231,RETAIL,SG,2023-07-24,VERIFIED
CUS010232,RETAIL,IN,2022-10-10,VERIFIED
CUS010233,RETAIL,AE,2024-03-15,VERIFIED
CUS010234,RETAIL,IN,2021-05-26,VERIFIED
CUS010235,RETAIL,SG,2023-06-16,VERIFIED
CUS010236,RETAIL,AE,2024-05-11,VERIFIED
CUS010237,RETAIL,IN,2023-11-07,VERIFIED
CUS010238,RETAIL,SG,2021-08-12,VERIFIED
CUS010239,RETAIL,SG,2023-11-24,VERIFIED
CUS010240,RETAIL,SG,2021-12-02,VERIFIED
CUS010241,RETAIL,IN,2022-01-25,VERIFIED
CUS010242,RETAIL,IN,2021-03-12,VERIFIED
CUS010243,RETAIL,IN,2024-06-01,VERIFIED
CUS010244,SME,AE,2023-07-01,VERIFIED
CUS010245,RETAIL,IN,2021-10-12,VERIFIED
CUS010246,RETAIL,IN,2024-07-08,VERIFIED
CUS010247,RETAIL,AE,2024-11-15,VERIFIED
CUS010248,RETAIL,IN,2024-12-13,VERIFIED
CUS010249,RETAIL,IN,2024-09-08,VERIFIED
CUS010250,SME,IN,2021-12-19,VERIFIED
CUS010251,RETAIL,SG,2023-09-01,VERIFIED
CUS010252,RETAIL,IN,2024-06-24,VERIFIED
CUS010253,RETAIL,IN,2022-04-22,VERIFIED
CUS010254,SME,IN,2023-10-31,VERIFIED
CUS010255,RETAIL,IN,2024-06-21,VERIFIED
CUS010256,SME,IN,2021-03-21,VERIFIED
CUS010257,RETAIL,IN,2022-10-07,VERIFIED
CUS010258,SME,SG,2023-04-24,VERIFIED
CUS010259,RETAIL,IN,2021-06-22,VERIFIED
CUS010260,SME,IN,2024-02-13,VERIFIED
CUS010261,SME,IN,2022-09-29,VERIFIED
CUS010262,SME,IN,2022-02-12,VERIFIED
CUS010263,SME,SG,2024-12-24,VERIFIED
CUS010264,RETAIL,IN,2023-12-18,VERIFIED
CUS010265,RETAIL,AE,2024-08-20,VERIFIED
CUS010266,RETAIL,SG,2022-12-20,VERIFIED
CUS010267,RETAIL,AE,2022-05-25,VERIFIED
CUS010268,RETAIL,SG,2024-05-26,VERIFIED
CUS010269,RETAIL,IN,2024-06-17,VERIFIED
CUS010270,RETAIL,AE,2023-03-28,VERIFIED
CUS010271,SME,SG,2023-06-25,REJECTED
CUS010272,SME,IN,2024-08-02,VERIFIED
CUS010273,RETAIL,IN,2022-05-24,VERIFIED
CUS010274,RETAIL,IN,2022-01-15,VERIFIED
CUS010275,SME,IN,2023-05-13,VERIFIED
CUS010276,RETAIL,IN,2023-08-09,VERIFIED
CUS010277,RETAIL,SG,2024-05-22,VERIFIED
CUS010278,RETAIL,IN,2023-10-13,VERIFIED
CUS010279,RETAIL,IN,2023-01-22,VERIFIED
CUS010280,RETAIL,IN,2021-03-12,VERIFIED
CUS010281,RETAIL,IN,2024-04-17,VERIFIED
CUS010282,RETAIL,IN,2021-10-28,VERIFIED
CUS010283,SME,SG,2023-01-29,VERIFIED
CUS010284,SME,IN,2022-11-18,VERIFIED
CUS010285,RETAIL,AE,2023-11-08,VERIFIED
CUS010286,SME,SG,2021-05-21,VERIFIED
CUS010287,RETAIL,SG,2024-10-03,VERIFIED
CUS010288,RETAIL,IN,2024-03-12,VERIFIED
CUS010289,RETAIL,SG,2023-10-16,VERIFIED
CUS010290,RETAIL,AE,2022-10-22,VERIFIED
CUS010291,RETAIL,SG,2023-05-20,VERIFIED
CUS010292,SME,IN,2021-06-11,VERIFIED
CUS010293,RETAIL,SG,2024-04-18,VERIFIED
CUS010294,RETAIL,IN,2022-10-27,VERIFIED
CUS010295,RETAIL,IN,2023-02-23,PENDING
CUS010296,RETAIL,SG,2023-10-28,PENDING
CUS010297,RETAIL,AE,2024-11-30,VERIFIED
CUS010298,RETAIL,IN,2021-11-22,VERIFIED
CUS010299,RETAIL,IN,2024-03-27,VERIFIED
CUS010300,RETAIL,AE,2024-06-21,VERIFIED
CUS010301,RETAIL,IN,2022-10-26,VERIFIED
CUS010302,SME,IN,2024-06-03,REJECTED
CUS010303,RETAIL,SG,2022-07-21,VERIFIED
CUS010304,SME,AE,2022-03-15,VERIFIED
CUS010305,SME,IN,2024-02-15,VERIFIED
CUS010306,RETAIL,IN,2024-09-26,VERIFIED
CUS010307,RETAIL,IN,2024-08-19,VERIFIED
CUS010308,RETAIL,IN,2024-10-23,VERIFIED
CUS010309,SME,SG,2023-02-23,VERIFIED
CUS010310,RETAIL,AE,2023-07-21,VERIFIED
CUS010311,RETAIL,IN,2022-01-09,VERIFIED
CUS010312,RETAIL,IN,2023-06-24,VERIFIED
CUS010313,SME,IN,2022-07-05,VERIFIED
CUS010314,RETAIL,IN,2023-03-16,VERIFIED
CUS010315,RETAIL,IN,2023-05-13,VERIFIED
CUS010316,RETAIL,IN,2022-03-01,VERIFIED
CUS010317,SME,SG,2023-01-20,VERIFIED
CUS010318,RETAIL,IN,2022-10-28,VERIFIED
CUS010319,RETAIL,SG,2023-04-12,VERIFIED
CUS010320,SME,IN,2022-04-09,VERIFIED
CUS010321,RETAIL,AE,2023-11-02,PENDING
CUS010322,SME,AE,2024-10-24,VERIFIED
CUS010323,RETAIL,IN,2023-05-19,VERIFIED
CUS010324,RETAIL,IN,2023-10-18,VERIFIED
CUS010325,RETAIL,SG,2021-07-26,VERIFIED
CUS010326,RETAIL,IN,2021-04-20,VERIFIED
CUS010327,SME,IN,2024-03-03,VERIFIED
CUS010328,RETAIL,IN,2023-05-14,VERIFIED
CUS010329,RETAIL,AE,2023-05-07,VERIFIED
CUS010330,RETAIL,IN,2024-02-25,VERIFIED
CUS010331,RETAIL,IN,2024-12-19,VERIFIED
CUS010332,RETAIL,IN,2021-03-15,VERIFIED
CUS010333,RETAIL,SG,2022-07-04,VERIFIED
CUS010334,SME,IN,2023-06-06,VERIFIED
CUS010335,RETAIL,AE,2024-04-19,VERIFIED
CUS010336,SME,SG,2023-03-03,PENDING
CUS010337,RETAIL,IN,2023-12-17,VERIFIED
CUS010338,RETAIL,IN,2024-02-23,VERIFIED
CUS010339,RETAIL,SG,2021-05-02,VERIFIED
CUS010340,RETAIL,SG,2022-06-28,VERIFIED
CUS010341,RETAIL,IN,2023-10-28,VERIFIED
CUS010342,SME,IN,2024-03-17,VERIFIED
CUS010343,RETAIL,IN,2022-01-21,VERIFIED
CUS010344,RETAIL,IN,2022-09-01,VERIFIED
CUS010345,RETAIL,IN,2021-09-23,VERIFIED
CUS010346,RETAIL,IN,2022-02-06,VERIFIED
CUS010347,RETAIL,IN,2023-06-18,VERIFIED
CUS010348,SME,AE,2022-07-03,VERIFIED
CUS010349,RETAIL,SG,2023-07-19,VERIFIED
CUS010350,SME,AE,2024-08-28,VERIFIED
CUS010351,RETAIL,SG,2024-11-18,VERIFIED
CUS010352,RETAIL,SG,2024-09-12,VERIFIED
CUS010353,SME,IN,2021-06-24,VERIFIED
CUS010354,RETAIL,SG,2021-10-10,VERIFIED
CUS010355,RETAIL,IN,2023-07-04,VERIFIED
CUS010356,RETAIL,IN,2021-07-15,VERIFIED
CUS010357,RETAIL,AE,2022-03-06,VERIFIED
CUS010358,RETAIL,AE,2024-06-26,VERIFIED
CUS010359,RETAIL,IN,2024-02-21,VERIFIED
CUS010360,RETAIL,SG,2023-07-26,PENDING
CUS010361,RETAIL,IN,2021-12-02,VERIFIED
CUS010362,RETAIL,IN,2022-07-01,VERIFIED
CUS010363,RETAIL,IN,2023-07-01,VERIFIED
CUS010364,SME,IN,2021-10-20,VERIFIED
CUS010365,SME,SG,2023-10-04,VERIFIED
CUS010366,RETAIL,IN,2021-07-09,VERIFIED
CUS010367,SME,IN,2022-03-29,VERIFIED
CUS010368,SME,AE,2022-04-29,VERIFIED
CUS010369,RETAIL,IN,2024-09-01,VERIFIED
CUS010370,RETAIL,IN,2024-06-09,VERIFIED
CUS010371,SME,IN,2021-03-27,VERIFIED
CUS010372,RETAIL,IN,2022-01-22,VERIFIED
CUS010373,RETAIL,IN,2024-01-07,REJECTED
CUS010374,RETAIL,IN,2021-09-17,VERIFIED
CUS010375,RETAIL,AE,2023-10-28,VERIFIED
CUS010376,SME,IN,2023-08-29,VERIFIED
CUS010377,RETAIL,IN,2023-11-03,VERIFIED
CUS010378,RETAIL,IN,2023-02-10,VERIFIED
CUS010379,RETAIL,AE,2022-01-31,VERIFIED
CUS010380,SME,IN,2024-05-14,VERIFIED
CUS010381,RETAIL,IN,2021-04-18,VERIFIED
CUS010382,RETAIL,AE,2023-11-02,VERIFIED
CUS010383,RETAIL,IN,2021-04-17,VERIFIED
CUS010384,RETAIL,IN,2021-09-02,VERIFIED
CUS010385,SME,IN,2022-11-27,VERIFIED
CUS010386,RETAIL,IN,2024-08-30,VERIFIED
CUS010387,SME,AE,2022-10-21,VERIFIED
CUS010388,RETAIL,IN,2022-01-30,VERIFIED
CUS010389,SME,IN,2021-03-29,VERIFIED
CUS010390,RETAIL,IN,2024-08-18,VERIFIED
CUS010391,RETAIL,IN,2022-02-24,VERIFIED
CUS010392,RETAIL,IN,2023-11-19,VERIFIED
CUS010393,RETAIL,AE,2022-02-17,VERIFIED
CUS010394,SME,IN,2022-10-09,VERIFIED
CUS010395,RETAIL,AE,2021-09-06,VERIFIED
CUS010396,RETAIL,SG,2024-12-28,VERIFIED
CUS010397,RETAIL,IN,2023-01-25,VERIFIED
CUS010398,RETAIL,SG,2022-06-01,VERIFIED
CUS010399,RETAIL,SG,2023-07-21,VERIFIED
CUS010400,RETAIL,IN,2023-10-17,VERIFIED
CUS010401,SME,IN,2023-10-01,VERIFIED
CUS010402,RETAIL,IN,2022-02-19,VERIFIED
CUS010403,RETAIL,IN,2024-03-17,VERIFIED
CUS010404,RETAIL,SG,2021-04-07,VERIFIED
CUS010405,RETAIL,IN,2024-03-15,VERIFIED
CUS010406,RETAIL,IN,2023-05-29,VERIFIED
CUS010407,SME,IN,2021-03-13,VERIFIED
CUS010408,RETAIL,IN,2024-11-21,VERIFIED
CUS010409,RETAIL,SG,2023-09-18,VERIFIED
CUS010410,RETAIL,SG,2021-10-01,VERIFIED
CUS010411,SME,AE,2023-10-17,VERIFIED
CUS010412,SME,IN,2023-12-14,VERIFIED
CUS010413,RETAIL,IN,2024-12-31,VERIFIED
CUS010414,RETAIL,AE,2024-06-07,VERIFIED
CUS010415,RETAIL,IN,2024-04-02,VERIFIED
CUS010416,RETAIL,SG,2021-08-20,VERIFIED
CUS010417,RETAIL,IN,2022-11-29,VERIFIED
CUS010418,RETAIL,IN,2024-02-11,VERIFIED
CUS010419,RETAIL,IN,2021-11-25,VERIFIED
CUS010420,SME,SG,2022-09-07,VERIFIED
CUS010421,RETAIL,IN,2023-10-17,PENDING
CUS010422,RETAIL,AE,2024-01-12,VERIFIED
CUS010423,SME,IN,2024-02-28,VERIFIED
CUS010424,RETAIL,IN,2022-04-10,VERIFIED
CUS010425,RETAIL,SG,2022-04-05,VERIFIED
CUS010426,RETAIL,IN,2022-07-08,VERIFIED
CUS010427,RETAIL,IN,2023-04-16,VERIFIED
CUS010428,SME,AE,2023-01-20,VERIFIED
CUS010429,SME,SG,2021-07-24,VERIFIED
CUS010430,RETAIL,IN,2022-11-16,VERIFIED
CUS010431,SME,AE,2022-08-25,VERIFIED
CUS010432,RETAIL,IN,2024-02-18,VERIFIED
CUS010433,RETAIL,IN,2023-04-05,VERIFIED
CUS010434,RETAIL,IN,2024-12-02,VERIFIED
CUS010435,RETAIL,IN,2023-03-27,REJECTED
CUS010436,RETAIL,IN,2021-12-08,VERIFIED
CUS010437,RETAIL,IN,2022-06-07,VERIFIED
CUS010438,SME,SG,2021-08-05,VERIFIED
CUS010439,RETAIL,IN,2023-09-13,VERIFIED
CUS010440,RETAIL,IN,2022-01-08,VERIFIED
CUS010441,RETAIL,AE,2022-03-13,VERIFIED
CUS010442,RETAIL,AE,2022-04-16,VERIFIED
CUS010443,RETAIL,IN,2021-12-10,VERIFIED
CUS010444,RETAIL,AE,2023-03-13,VERIFIED
CUS010445,RETAIL,SG,2023-09-11,VERIFIED
CUS010446,SME,IN,2022-10-07,VERIFIED
CUS010447,RETAIL,IN,2023-07-14,VERIFIED
CUS010448,RETAIL,IN,2022-05-09,VERIFIED
CUS010449,RETAIL,SG,2021-09-07,VERIFIED
CUS010450,SME,IN,2024-11-26,VERIFIED
CUS010451,SME,IN,2022-08-16,VERIFIED
CUS010452,RETAIL,SG,2023-05-19,VERIFIED
CUS010453,RETAIL,IN,2024-08-08,VERIFIED
CUS010454,RETAIL,IN,2024-02-22,VERIFIED
CUS010455,RETAIL,AE,2021-11-03,VERIFIED
CUS010456,SME,AE,2023-08-10,VERIFIED
CUS010457,RETAIL,SG,2024-09-01,PENDING
CUS010458,RETAIL,IN,2022-02-18,VERIFIED
CUS010459,RETAIL,IN,2024-02-04,VERIFIED
CUS010460,SME,IN,2023-08-12,VERIFIED
CUS010461,RETAIL,IN,2024-04-02,VERIFIED
CUS010462,RETAIL,IN,2022-03-04,VERIFIED
CUS010463,SME,AE,2021-06-26,VERIFIED
CUS010464,RETAIL,SG,2021-04-12,VERIFIED
CUS010465,RETAIL,IN,2024-09-19,VERIFIED
CUS010466,RETAIL,IN,2021-06-19,VERIFIED
CUS010467,RETAIL,IN,2022-07-28,VERIFIED
CUS010468,RETAIL,IN,2021-10-31,VERIFIED
CUS010469,SME,SG,2024-09-18,VERIFIED
CUS010470,SME,IN,2021-09-25,VERIFIED
CUS010471,RETAIL,AE,2023-10-01,VERIFIED
CUS010472,RETAIL,IN,2023-06-30,VERIFIED
CUS010473,SME,IN,2021-07-27,VERIFIED
CUS010474,RETAIL,AE,2022-03-14,VERIFIED
CUS010475,RETAIL,IN,2023-01-15,VERIFIED
CUS010476,SME,IN,2022-06-13,VERIFIED
CUS010477,RETAIL,SG,2023-08-23,VERIFIED
CUS010478,RETAIL,IN,2021-03-27,VERIFIED
CUS010479,RETAIL,IN,2024-09-26,VERIFIED
CUS010480,RETAIL,IN,2022-10-20,VERIFIED
CUS010481,RETAIL,IN,2024-10-31,VERIFIED
CUS010482,RETAIL,IN,2023-05-11,VERIFIED
CUS010483,RETAIL,IN,2023-01-21,VERIFIED
CUS010484,RETAIL,SG,2021-10-17,VERIFIED
CUS010485,RETAIL,AE,2021-05-29,VERIFIED
CUS010486,RETAIL,IN,2022-02-17,REJECTED
CUS010487,RETAIL,IN,2021-04-23,VERIFIED
CUS010488,SME,IN,2024-07-11,VERIFIED
CUS010489,RETAIL,IN,2022-12-27,VERIFIED
CUS010490,RETAIL,IN,2022-09-20,VERIFIED
CUS010491,RETAIL,SG,2024-09-15,VERIFIED
CUS010492,SME,IN,2022-09-25,VERIFIED
CUS010493,SME,IN,2024-11-03,VERIFIED
CUS010494,SME,SG,2022-08-01,VERIFIED
CUS010495,RETAIL,SG,2024-02-26,VERIFIED
CUS010496,RETAIL,IN,2021-05-24,VERIFIED
CUS010497,RETAIL,IN,2023-10-02,VERIFIED
CUS010498,RETAIL,AE,2022-09-12,VERIFIED
CUS010499,RETAIL,IN,2022-09-02,VERIFIED
CUS010500,SME,SG,2021-09-01,PENDING
CUS010501,RETAIL,SG,2023-09-18,VERIFIED
CUS010502,RETAIL,IN,2023-08-19,VERIFIED
CUS010503,SME,IN,2022-05-21,VERIFIED
CUS010504,SME,IN,2024-10-13,VERIFIED
CUS010505,RETAIL,IN,2022-11-18,VERIFIED
CUS010506,RETAIL,IN,2023-07-26,VERIFIED
CUS010507,SME,SG,2021-04-03,VERIFIED
CUS010508,SME,SG,2022-12-18,VERIFIED
CUS010509,RETAIL,AE,2022-01-18,VERIFIED
CUS010510,RETAIL,AE,2021-10-23,VERIFIED
CUS010511,RETAIL,SG,2024-06-11,VERIFIED
CUS010512,SME,IN,2022-08-01,VERIFIED
CUS010513,RETAIL,IN,2022-05-26,VERIFIED
CUS010514,RETAIL,IN,2023-04-23,VERIFIED
CUS010515,SME,IN,2024-03-30,VERIFIED
CUS010516,RETAIL,IN,2023-03-27,VERIFIED
CUS010517,RETAIL,IN,2024-10-22,VERIFIED
CUS010518,RETAIL,IN,2021-03-08,PENDING
CUS010519,RETAIL,IN,2024-08-30,VERIFIED
CUS010520,RETAIL,AE,2024-06-18,VERIFIED
CUS010521,RETAIL,IN,2024-06-24,VERIFIED
CUS010522,RETAIL,IN,2024-03-20,VERIFIED
CUS010523,SME,IN,2024-04-19,VERIFIED
CUS010524,RETAIL,IN,2022-08-10,VERIFIED
CUS010525,SME,IN,2024-07-29,VERIFIED
CUS010526,RETAIL,IN,2022-04-26,VERIFIED
CUS010527,SME,IN,2023-06-11,VERIFIED
CUS010528,SME,SG,2023-06-29,PENDING
CUS010529,SME,IN,2023-01-19,VERIFIED
CUS010530,SME,AE,2024-11-18,VERIFIED
CUS010531,RETAIL,SG,2023-02-01,VERIFIED
CUS010532,RETAIL,IN,2023-01-02,VERIFIED
CUS010533,RETAIL,IN,2022-02-18,VERIFIED
CUS010534,RETAIL,IN,2024-06-13,VERIFIED
CUS010535,RETAIL,SG,2024-10-22,VERIFIED
CUS010536,RETAIL,SG,2024-10-15,VERIFIED
CUS010537,RETAIL,SG,2021-04-30,PENDING
CUS010538,RETAIL,AE,2023-09-07,VERIFIED
CUS010539,RETAIL,IN,2024-02-06,VERIFIED
CUS010540,RETAIL,SG,2024-06-26,VERIFIED
CUS010541,RETAIL,IN,2024-01-09,VERIFIED
CUS010542,RETAIL,SG,2023-04-28,VERIFIED
CUS010543,SME,IN,2021-04-15,VERIFIED
CUS010544,RETAIL,SG,2022-01-31,VERIFIED
CUS010545,SME,IN,2021-09-27,VERIFIED
CUS010546,RETAIL,IN,2024-10-28,VERIFIED
CUS010547,RETAIL,IN,2022-10-20,VERIFIED
CUS010548,RETAIL,AE,2023-02-02,VERIFIED
CUS010549,RETAIL,IN,2024-04-03,PENDING
CUS010550,SME,IN,2023-02-06,PENDING
CUS010551,SME,IN,2022-10-06,VERIFIED
CUS010552,RETAIL,IN,2024-12-30,VERIFIED
CUS010553,RETAIL,AE,2021-03-30,PENDING
CUS010554,RETAIL,AE,2022-03-05,VERIFIED
CUS010555,RETAIL,AE,2021-06-16,VERIFIED
CUS010556,RETAIL,AE,2024-08-29,PENDING
CUS010557,RETAIL,IN,2024-10-09,VERIFIED
CUS010558,SME,IN,2021-06-07,VERIFIED
CUS010559,RETAIL,IN,2021-06-05,VERIFIED
CUS010560,RETAIL,SG,2022-07-21,VERIFIED
CUS010561,RETAIL,IN,2024-03-27,VERIFIED
CUS010562,RETAIL,SG,2023-11-26,VERIFIED
CUS010563,RETAIL,IN,2021-12-16,VERIFIED
CUS010564,RETAIL,IN,2021-06-16,VERIFIED
CUS010565,RETAIL,IN,2022-06-06,VERIFIED
CUS010566,SME,AE,2023-06-21,VERIFIED
CUS010567,RETAIL,SG,2021-11-08,VERIFIED
CUS010568,RETAIL,IN,2024-01-03,VERIFIED
CUS010569,RETAIL,SG,2024-07-05,VERIFIED
CUS010570,SME,SG,2023-07-13,VERIFIED
CUS010571,RETAIL,IN,2023-03-19,VERIFIED
CUS010572,RETAIL,SG,2022-08-29,VERIFIED
CUS010573,RETAIL,IN,2022-05-14,VERIFIED
CUS010574,RETAIL,IN,2022-03-25,VERIFIED
CUS010575,RETAIL,IN,2024-03-21,VERIFIED
CUS010576,SME,IN,2022-06-20,VERIFIED
CUS010577,RETAIL,IN,2024-10-31,VERIFIED
CUS010578,RETAIL,IN,2021-06-22,VERIFIED
CUS010579,SME,IN,2023-04-24,VERIFIED
CUS010580,RETAIL,SG,2021-05-04,VERIFIED
CUS010581,RETAIL,IN,2021-09-05,VERIFIED
CUS010582,SME,IN,2024-04-01,VERIFIED
CUS010583,RETAIL,IN,2024-07-29,VERIFIED
CUS010584,SME,IN,2021-07-04,VERIFIED
CUS010585,RETAIL,AE,2023-02-14,VERIFIED
CUS010586,RETAIL,AE,2024-08-05,VERIFIED
CUS010587,SME,IN,2022-09-02,VERIFIED
CUS010588,RETAIL,SG,2021-05-03,VERIFIED
CUS010589,SME,IN,2022-09-13,VERIFIED
CUS010590,SME,AE,2024-01-04,VERIFIED
CUS010591,SME,IN,2023-09-18,PENDING
CUS010592,RETAIL,IN,2023-12-26,VERIFIED
CUS010593,RETAIL,IN,2022-12-10,VERIFIED
CUS010594,RETAIL,IN,2023-05-22,PENDING
CUS010595,RETAIL,IN,2023-09-09,VERIFIED
CUS010596,RETAIL,IN,2024-04-22,VERIFIED
CUS010597,RETAIL,IN,2024-11-22,VERIFIED
CUS010598,RETAIL,SG,2021-10-31,VERIFIED
CUS010599,SME,SG,2021-12-04,VERIFIED
CUS010600,RETAIL,IN,2024-07-11,PENDING
CUS010601,RETAIL,AE,2024-02-17,VERIFIED
CUS010602,RETAIL,IN,2023-04-27,VERIFIED
CUS010603,RETAIL,AE,2022-09-20,VERIFIED
CUS010604,RETAIL,IN,2021-07-11,VERIFIED
CUS010605,RETAIL,AE,2022-05-01,REJECTED
CUS010606,RETAIL,AE,2022-07-27,VERIFIED
CUS010607,RETAIL,SG,2022-02-25,VERIFIED
CUS010608,SME,SG,2022-09-04,VERIFIED
CUS010609,SME,IN,2021-06-10,VERIFIED
CUS010610,RETAIL,SG,2021-03-11,VERIFIED
CUS010611,RETAIL,IN,2023-04-10,VERIFIED
CUS010612,SME,IN,2024-12-01,VERIFIED
CUS010613,RETAIL,AE,2021-03-12,VERIFIED
CUS010614,RETAIL,IN,2023-10-12,VERIFIED
CUS010615,RETAIL,IN,2023-12-23,VERIFIED
CUS010616,RETAIL,AE,2024-07-10,VERIFIED
CUS010617,RETAIL,IN,2022-01-30,VERIFIED
CUS010618,SME,IN,2024-04-18,VERIFIED
CUS010619,RETAIL,IN,2021-04-22,VERIFIED
CUS010620,RETAIL,SG,2024-03-05,VERIFIED
CUS010621,SME,AE,2024-09-22,VERIFIED
CUS010622,SME,IN,2022-08-08,VERIFIED
CUS010623,RETAIL,SG,2024-03-19,VERIFIED
CUS010624,RETAIL,IN,2023-12-18,VERIFIED
CUS010625,RETAIL,SG,2024-08-07,VERIFIED
CUS010626,SME,SG,2022-06-17,VERIFIED
CUS010627,RETAIL,AE,2024-02-28,VERIFIED
CUS010628,SME,IN,2022-03-05,VERIFIED
CUS010629,RETAIL,IN,2024-01-04,VERIFIED
CUS010630,RETAIL,IN,2023-06-19,VERIFIED
CUS010631,RETAIL,IN,2023-02-13,VERIFIED
CUS010632,SME,IN,2022-12-13,VERIFIED
CUS010633,SME,IN,2021-10-30,VERIFIED
CUS010634,RETAIL,IN,2024-07-01,VERIFIED
CUS010635,RETAIL,AE,2024-02-18,VERIFIED
CUS010636,RETAIL,IN,2022-02-13,PENDING
CUS010637,RETAIL,IN,2021-09-22,VERIFIED
CUS010638,RETAIL,SG,2023-05-26,VERIFIED
CUS010639,RETAIL,IN,2024-12-24,VERIFIED
CUS010640,SME,IN,2021-10-21,VERIFIED
CUS010641,RETAIL,IN,2022-08-29,VERIFIED
CUS010642,RETAIL,IN,2022-12-27,VERIFIED
CUS010643,RETAIL,IN,2023-07-07,VERIFIED
CUS010644,RETAIL,SG,2022-05-02,VERIFIED
CUS010645,RETAIL,IN,2023-11-25,VERIFIED
CUS010646,RETAIL,IN,2023-08-18,VERIFIED
CUS010647,RETAIL,IN,2022-01-21,VERIFIED
CUS010648,RETAIL,IN,2023-07-31,VERIFIED
CUS010649,RETAIL,IN,2021-05-17,VERIFIED
CUS010650,RETAIL,AE,2023-05-01,VERIFIED
CUS010651,RETAIL,IN,2022-11-06,VERIFIED
CUS010652,RETAIL,IN,2022-07-26,VERIFIED
CUS010653,RETAIL,IN,2022-04-29,VERIFIED
CUS010654,RETAIL,SG,2023-01-23,VERIFIED
CUS010655,RETAIL,SG,2023-08-12,VERIFIED
CUS010656,RETAIL,IN,2021-12-03,REJECTED
CUS010657,RETAIL,SG,2022-04-05,PENDING
CUS010658,RETAIL,IN,2024-10-17,VERIFIED
CUS010659,RETAIL,SG,2022-08-10,VERIFIED
CUS010660,RETAIL,IN,2021-07-21,VERIFIED
CUS010661,RETAIL,SG,2022-11-10,VERIFIED
CUS010662,SME,SG,2021-06-15,VERIFIED
CUS010663,RETAIL,SG,2023-07-05,PENDING
CUS010664,RETAIL,IN,2024-01-26,VERIFIED
CUS010665,RETAIL,SG,2023-02-03,VERIFIED
CUS010666,SME,SG,2024-08-13,VERIFIED
CUS010667,RETAIL,IN,2024-10-03,VERIFIED
CUS010668,RETAIL,IN,2022-10-24,VERIFIED
CUS010669,RETAIL,IN,2024-11-21,VERIFIED
CUS010670,SME,IN,2024-10-04,VERIFIED
CUS010671,SME,SG,2023-04-05,VERIFIED
CUS010672,RETAIL,IN,2024-02-15,VERIFIED
CUS010673,RETAIL,SG,2024-04-25,VERIFIED
CUS010674,RETAIL,SG,2023-01-22,VERIFIED
CUS010675,RETAIL,SG,2023-10-01,VERIFIED
CUS010676,RETAIL,SG,2022-08-26,VERIFIED
CUS010677,RETAIL,IN,2023-05-17,VERIFIED
CUS010678,RETAIL,IN,2024-04-04,VERIFIED
CUS010679,RETAIL,IN,2022-04-21,VERIFIED
CUS010680,RETAIL,AE,2021-06-06,VERIFIED
CUS010681,RETAIL,AE,2022-03-21,VERIFIED
CUS010682,RETAIL,IN,2024-04-23,VERIFIED
CUS010683,RETAIL,AE,2022-11-13,VERIFIED
CUS010684,RETAIL,AE,2024-05-31,VERIFIED
CUS010685,SME,IN,2024-11-26,VERIFIED
CUS010686,RETAIL,SG,2024-05-19,VERIFIED
CUS010687,RETAIL,SG,2021-11-25,PENDING
CUS010688,RETAIL,IN,2021-06-10,VERIFIED
CUS010689,RETAIL,IN,2022-09-18,VERIFIED
CUS010690,RETAIL,IN,2021-08-20,VERIFIED
CUS010691,RETAIL,SG,2023-06-08,VERIFIED
CUS010692,RETAIL,IN,2024-11-16,VERIFIED
CUS010693,RETAIL,SG,2021-07-16,VERIFIED
CUS010694,SME,SG,2022-03-21,VERIFIED
CUS010695,RETAIL,SG,2022-06-24,VERIFIED
CUS010696,RETAIL,IN,2024-09-21,VERIFIED
CUS010697,SME,IN,2021-04-25,VERIFIED
CUS010698,SME,IN,2024-09-18,VERIFIED
CUS010699,RETAIL,IN,2024-12-11,VERIFIED
CUS010700,RETAIL,IN,2024-09-17,VERIFIED
CUS010701,RETAIL,IN,2021-05-25,VERIFIED
CUS010702,RETAIL,IN,2021-10-28,VERIFIED
CUS010703,RETAIL,IN,2024-07-27,VERIFIED
CUS010704,RETAIL,IN,2023-05-14,VERIFIED
CUS010705,RETAIL,IN,2022-12-24,VERIFIED
CUS010706,RETAIL,AE,2022-11-14,VERIFIED
CUS010707,RETAIL,IN,2024-03-25,VERIFIED
CUS010708,SME,AE,2024-11-19,VERIFIED
CUS010709,RETAIL,SG,2024-11-19,VERIFIED
CUS010710,RETAIL,IN,2021-07-20,VERIFIED
CUS010711,RETAIL,AE,2022-08-15,VERIFIED
CUS010712,RETAIL,AE,2021-03-29,VERIFIED
CUS010713,SME,SG,2021-09-15,VERIFIED
CUS010714,SME,IN,2024-02-07,PENDING
CUS010715,RETAIL,IN,2024-08-29,VERIFIED
CUS010716,RETAIL,IN,2022-06-27,VERIFIED
CUS010717,RETAIL,SG,2024-02-22,VERIFIED
CUS010718,SME,IN,2022-05-27,VERIFIED
CUS010719,RETAIL,IN,2021-04-18,PENDING
CUS010720,RETAIL,IN,2021-04-20,VERIFIED
CUS010721,RETAIL,IN,2024-01-16,VERIFIED
CUS010722,RETAIL,IN,2023-02-24,VERIFIED
CUS010723,RETAIL,IN,2022-04-17,VERIFIED
CUS010724,SME,AE,2024-02-03,VERIFIED
CUS010725,RETAIL,IN,2022-11-05,VERIFIED
CUS010726,RETAIL,IN,2023-08-16,VERIFIED
CUS010727,RETAIL,IN,2022-10-21,VERIFIED
CUS010728,RETAIL,IN,2022-07-21,VERIFIED
CUS010729,SME,IN,2021-08-24,VERIFIED
CUS010730,RETAIL,IN,2023-03-12,VERIFIED
CUS010731,SME,AE,2023-11-26,VERIFIED
CUS010732,SME,AE,2024-09-12,VERIFIED
CUS010733,RETAIL,AE,2022-04-28,VERIFIED
CUS010734,RETAIL,SG,2021-11-28,VERIFIED
CUS010735,RETAIL,IN,2023-06-07,VERIFIED
CUS010736,RETAIL,IN,2021-09-10,VERIFIED
CUS010737,RETAIL,IN,2023-03-10,VERIFIED
CUS010738,RETAIL,SG,2023-03-04,VERIFIED
CUS010739,RETAIL,IN,2024-10-29,VERIFIED
CUS010740,RETAIL,IN,2022-12-31,VERIFIED
CUS010741,RETAIL,IN,2022-09-22,VERIFIED
CUS010742,RETAIL,IN,2023-02-13,VERIFIED
CUS010743,RETAIL,SG,2022-12-11,VERIFIED
CUS010744,RETAIL,IN,2022-12-22,VERIFIED
CUS010745,RETAIL,IN,2022-04-29,VERIFIED
CUS010746,RETAIL,IN,2024-08-11,VERIFIED
CUS010747,RETAIL,SG,2022-12-21,VERIFIED
CUS010748,RETAIL,IN,2023-05-05,VERIFIED
CUS010749,RETAIL,IN,2023-09-04,VERIFIED
CUS010750,RETAIL,SG,2023-04-15,VERIFIED
CUS010751,RETAIL,IN,2022-05-27,VERIFIED
CUS010752,RETAIL,AE,2021-03-07,VERIFIED
CUS010753,RETAIL,IN,2024-02-27,VERIFIED
CUS010754,SME,AE,2024-10-25,VERIFIED
CUS010755,RETAIL,IN,2023-08-31,VERIFIED
CUS010756,SME,IN,2023-10-23,VERIFIED
CUS010757,RETAIL,AE,2024-09-26,VERIFIED
CUS010758,SME,IN,2023-02-07,VERIFIED
CUS010759,RETAIL,SG,2023-01-07,VERIFIED
CUS010760,RETAIL,IN,2021-10-03,VERIFIED
CUS010761,RETAIL,IN,2022-04-29,VERIFIED
CUS010762,RETAIL,IN,2023-03-28,PENDING
CUS010763,RETAIL,IN,2022-06-26,VERIFIED
CUS010764,RETAIL,SG,2023-11-21,VERIFIED
CUS010765,SME,IN,2024-05-27,VERIFIED
CUS010766,RETAIL,IN,2022-12-14,VERIFIED
CUS010767,RETAIL,IN,2023-02-06,VERIFIED
CUS010768,RETAIL,IN,2023-11-13,VERIFIED
CUS010769,RETAIL,IN,2021-07-22,PENDING
CUS010770,SME,AE,2022-11-26,VERIFIED
CUS010771,RETAIL,IN,2022-10-30,VERIFIED
CUS010772,RETAIL,IN,2022-05-12,VERIFIED
CUS010773,RETAIL,IN,2023-11-22,VERIFIED
CUS010774,RETAIL,IN,2022-12-20,PENDING
CUS010775,RETAIL,IN,2021-07-26,VERIFIED
CUS010776,RETAIL,SG,2022-09-01,VERIFIED
CUS010777,SME,IN,2021-09-27,VERIFIED
CUS010778,RETAIL,SG,2024-11-08,VERIFIED
CUS010779,SME,IN,2022-03-30,VERIFIED
CUS010780,SME,IN,2022-06-24,VERIFIED
CUS010781,RETAIL,AE,2021-07-25,VERIFIED
CUS010782,SME,AE,2021-04-15,VERIFIED
CUS010783,SME,AE,2024-06-21,VERIFIED
CUS010784,RETAIL,IN,2023-02-13,VERIFIED
CUS010785,SME,AE,2021-06-06,VERIFIED
CUS010786,RETAIL,SG,2021-12-05,VERIFIED
CUS010787,RETAIL,SG,2024-08-13,VERIFIED
CUS010788,RETAIL,SG,2022-11-25,VERIFIED
CUS010789,RETAIL,AE,2023-09-02,VERIFIED
CUS010790,SME,IN,2022-04-22,VERIFIED
CUS010791,RETAIL,SG,2023-01-15,VERIFIED
CUS010792,RETAIL,SG,2023-10-26,VERIFIED
CUS010793,RETAIL,SG,2023-05-28,PENDING
CUS010794,SME,SG,2021-04-19,VERIFIED
CUS010795,RETAIL,IN,2023-08-08,VERIFIED
CUS010796,RETAIL,IN,2024-03-06,VERIFIED
CUS010797,RETAIL,IN,2024-07-28,VERIFIED
CUS010798,RETAIL,SG,2024-05-24,VERIFIED
CUS010799,SME,SG,2024-10-19,VERIFIED
CUS010800,SME,AE,2024-10-30,VERIFIED
CUS010801,RETAIL,SG,2022-12-17,VERIFIED
CUS010802,RETAIL,IN,2022-12-06,VERIFIED
CUS010803,SME,IN,2021-12-15,VERIFIED
CUS010804,RETAIL,SG,2022-08-19,VERIFIED
CUS010805,RETAIL,AE,2024-04-08,VERIFIED
CUS010806,RETAIL,SG,2022-07-07,VERIFIED
CUS010807,RETAIL,AE,2023-04-22,VERIFIED
CUS010808,RETAIL,AE,2024-05-05,VERIFIED
CUS010809,RETAIL,IN,2022-07-06,VERIFIED
CUS010810,RETAIL,SG,2022-07-04,VERIFIED
CUS010811,RETAIL,IN,2023-05-20,VERIFIED
CUS010812,RETAIL,IN,2024-05-15,REJECTED
CUS010813,RETAIL,IN,2024-11-21,VERIFIED
CUS010814,RETAIL,IN,2022-02-10,VERIFIED
CUS010815,RETAIL,IN,2024-05-28,PENDING
CUS010816,SME,SG,2023-12-13,VERIFIED
CUS010817,RETAIL,IN,2022-06-01,VERIFIED
CUS010818,RETAIL,IN,2023-05-22,VERIFIED
CUS010819,RETAIL,IN,2021-11-09,VERIFIED
CUS010820,RETAIL,IN,2023-08-06,VERIFIED
CUS010821,SME,AE,2021-08-02,VERIFIED
CUS010822,RETAIL,IN,2023-08-06,REJECTED
CUS010823,SME,IN,2024-09-08,PENDING
CUS010824,RETAIL,AE,2022-03-29,VERIFIED
CUS010825,RETAIL,AE,2022-06-22,VERIFIED
CUS010826,RETAIL,SG,2021-03-07,VERIFIED
CUS010827,RETAIL,SG,2024-08-16,PENDING
CUS010828,RETAIL,IN,2022-12-25,VERIFIED
CUS010829,SME,SG,2022-04-14,VERIFIED
CUS010830,SME,IN,2023-06-20,PENDING
CUS010831,RETAIL,IN,2023-12-31,VERIFIED
CUS010832,RETAIL,IN,2023-11-17,VERIFIED
CUS010833,RETAIL,SG,2024-12-18,VERIFIED
CUS010834,RETAIL,IN,2022-08-11,VERIFIED
CUS010835,RETAIL,IN,2022-01-08,VERIFIED
CUS010836,RETAIL,IN,2023-04-11,VERIFIED
CUS010837,RETAIL,SG,2024-11-07,VERIFIED
CUS010838,RETAIL,IN,2022-01-16,VERIFIED
CUS010839,RETAIL,IN,2021-07-10,PENDING
CUS010840,RETAIL,IN,2022-09-05,PENDING
CUS010841,SME,SG,2024-09-02,VERIFIED
CUS010842,RETAIL,IN,2023-06-05,VERIFIED
CUS010843,SME,AE,2022-10-28,VERIFIED
CUS010844,RETAIL,IN,2021-05-08,VERIFIED
CUS010845,RETAIL,IN,2023-02-03,VERIFIED
CUS010846,RETAIL,IN,2024-12-17,PENDING
CUS010847,SME,IN,2022-04-21,VERIFIED
CUS010848,RETAIL,IN,2022-05-12,VERIFIED
CUS010849,RETAIL,IN,2024-02-07,VERIFIED
CUS010850,RETAIL,AE,2023-06-06,VERIFIED
CUS010851,RETAIL,IN,2024-11-02,VERIFIED
CUS010852,RETAIL,IN,2024-07-15,VERIFIED
CUS010853,RETAIL,IN,2023-10-24,VERIFIED
CUS010854,RETAIL,IN,2024-08-25,VERIFIED
CUS010855,SME,IN,2023-12-12,VERIFIED
CUS010856,RETAIL,IN,2022-07-07,VERIFIED
CUS010857,RETAIL,IN,2023-07-16,VERIFIED
CUS010858,RETAIL,IN,2024-06-09,VERIFIED
CUS010859,SME,AE,2022-08-11,VERIFIED
CUS010860,RETAIL,SG,2021-09-21,VERIFIED
CUS010861,RETAIL,AE,2022-09-28,VERIFIED
CUS010862,RETAIL,IN,2023-10-24,VERIFIED
CUS010863,RETAIL,AE,2021-11-29,VERIFIED
CUS010864,SME,IN,2023-09-08,VERIFIED
CUS010865,RETAIL,IN,2024-12-11,VERIFIED
CUS010866,SME,SG,2022-06-22,VERIFIED
CUS010867,RETAIL,IN,2022-04-01,VERIFIED
CUS010868,RETAIL,IN,2024-02-28,PENDING
CUS010869,RETAIL,SG,2023-07-24,VERIFIED
CUS010870,SME,IN,2024-12-23,VERIFIED
CUS010871,RETAIL,IN,2023-03-16,VERIFIED
CUS010872,RETAIL,IN,2023-04-18,VERIFIED
CUS010873,RETAIL,IN,2024-01-06,VERIFIED
CUS010874,RETAIL,AE,2022-12-24,VERIFIED
CUS010875,RETAIL,IN,2022-05-27,VERIFIED
CUS010876,RETAIL,IN,2023-04-18,VERIFIED
CUS010877,RETAIL,IN,2021-12-15,VERIFIED
CUS010878,RETAIL,AE,2023-04-01,VERIFIED
CUS010879,RETAIL,SG,2023-06-08,VERIFIED
CUS010880,RETAIL,IN,2022-06-14,VERIFIED
CUS010881,RETAIL,AE,2024-05-07,VERIFIED
CUS010882,RETAIL,IN,2021-10-06,VERIFIED
CUS010883,RETAIL,AE,2022-09-08,VERIFIED
CUS010884,RETAIL,IN,2023-08-09,VERIFIED
CUS010885,RETAIL,IN,2024-02-08,VERIFIED
CUS010886,RETAIL,IN,2021-12-22,VERIFIED
CUS010887,SME,AE,2024-12-13,VERIFIED
CUS010888,SME,AE,2024-10-06,VERIFIED
CUS010889,SME,IN,2022-09-04,VERIFIED
CUS010890,RETAIL,IN,2023-03-01,PENDING
CUS010891,RETAIL,IN,2024-05-06,VERIFIED
CUS010892,SME,IN,2023-07-25,VERIFIED
CUS010893,SME,IN,2022-01-01,VERIFIED
CUS010894,SME,IN,2023-03-21,VERIFIED
CUS010895,SME,SG,2022-12-24,VERIFIED
CUS010896,SME,IN,2024-08-26,VERIFIED
CUS010897,RETAIL,AE,2022-03-29,VERIFIED
CUS010898,RETAIL,IN,2024-06-21,VERIFIED
CUS010899,RETAIL,IN,2024-02-10,VERIFIED
CUS010900,RETAIL,IN,2023-11-18,VERIFIED
CUS010901,RETAIL,IN,2023-05-09,VERIFIED
CUS010902,RETAIL,SG,2023-12-16,VERIFIED
CUS010903,RETAIL,SG,2021-11-16,VERIFIED
CUS010904,SME,IN,2023-07-12,VERIFIED
CUS010905,RETAIL,IN,2024-11-13,VERIFIED
CUS010906,RETAIL,AE,2023-04-02,VERIFIED
CUS010907,RETAIL,IN,2024-07-13,VERIFIED
CUS010908,RETAIL,IN,2024-02-27,VERIFIED
CUS010909,RETAIL,SG,2022-09-27,VERIFIED
CUS010910,RETAIL,IN,2022-08-19,VERIFIED
CUS010911,SME,IN,2022-06-13,VERIFIED
CUS010912,RETAIL,SG,2023-07-25,VERIFIED
CUS010913,RETAIL,AE,2021-10-16,VERIFIED
CUS010914,RETAIL,IN,2024-10-09,VERIFIED
CUS010915,RETAIL,IN,2023-07-21,VERIFIED
CUS010916,RETAIL,SG,2024-01-26,REJECTED
CUS010917,RETAIL,IN,2024-11-05,VERIFIED
CUS010918,RETAIL,IN,2022-11-09,VERIFIED
CUS010919,SME,IN,2024-10-14,VERIFIED
CUS010920,RETAIL,SG,2022-09-05,VERIFIED
CUS010921,RETAIL,IN,2021-09-23,VERIFIED
CUS010922,SME,IN,2021-12-09,VERIFIED
CUS010923,RETAIL,IN,2022-05-24,VERIFIED
CUS010924,SME,IN,2024-01-24,VERIFIED
CUS010925,RETAIL,AE,2022-07-02,VERIFIED
CUS010926,RETAIL,IN,2022-11-06,VERIFIED
CUS010927,RETAIL,IN,2023-02-10,VERIFIED
CUS010928,RETAIL,AE,2023-03-07,VERIFIED
CUS010929,SME,IN,2024-06-17,VERIFIED
CUS010930,RETAIL,IN,2021-10-02,VERIFIED
CUS010931,SME,IN,2021-10-18,VERIFIED
CUS010932,RETAIL,SG,2022-03-17,VERIFIED
CUS010933,RETAIL,SG,2022-11-27,REJECTED
CUS010934,SME,SG,2024-07-01,VERIFIED
CUS010935,SME,IN,2022-07-28,REJECTED
CUS010936,RETAIL,IN,2021-04-30,REJECTED
CUS010937,RETAIL,IN,2024-06-30,VERIFIED
CUS010938,SME,AE,2023-08-23,VERIFIED
CUS010939,RETAIL,IN,2021-07-13,VERIFIED
CUS010940,RETAIL,SG,2021-05-06,VERIFIED
CUS010941,RETAIL,SG,2023-04-18,VERIFIED
CUS010942,SME,IN,2023-11-29,VERIFIED
CUS010943,RETAIL,IN,2023-11-27,VERIFIED
CUS010944,RETAIL,IN,2023-03-17,VERIFIED
CUS010945,SME,IN,2023-10-12,VERIFIED
CUS010946,RETAIL,AE,2022-11-23,VERIFIED
CUS010947,SME,IN,2024-09-12,VERIFIED
CUS010948,RETAIL,AE,2024-10-04,VERIFIED
CUS010949,RETAIL,IN,2024-12-26,VERIFIED
CUS010950,RETAIL,IN,2022-04-06,VERIFIED
CUS010951,RETAIL,AE,2021-06-18,VERIFIED
CUS010952,RETAIL,AE,2024-08-08,REJECTED
CUS010953,RETAIL,IN,2021-07-01,VERIFIED
CUS010954,RETAIL,SG,2024-05-17,VERIFIED
CUS010955,RETAIL,AE,2024-10-26,VERIFIED
CUS010956,RETAIL,SG,2023-11-22,VERIFIED
CUS010957,SME,SG,2023-11-19,VERIFIED
CUS010958,RETAIL,IN,2021-04-27,VERIFIED
CUS010959,RETAIL,IN,2024-07-28,VERIFIED
CUS010960,RETAIL,IN,2021-04-10,VERIFIED
CUS010961,RETAIL,IN,2021-09-13,VERIFIED
CUS010962,RETAIL,IN,2023-02-16,VERIFIED
CUS010963,SME,IN,2022-06-04,VERIFIED
CUS010964,RETAIL,IN,2022-12-17,VERIFIED
CUS010965,RETAIL,IN,2021-07-07,VERIFIED
CUS010966,SME,IN,2024-03-11,VERIFIED
CUS010967,RETAIL,IN,2021-05-05,VERIFIED
CUS010968,RETAIL,IN,2023-05-27,VERIFIED
CUS010969,SME,AE,2021-06-07,VERIFIED
CUS010970,RETAIL,IN,2021-03-25,VERIFIED
CUS010971,RETAIL,IN,2021-10-02,VERIFIED
CUS010972,RETAIL,IN,2021-12-21,VERIFIED
CUS010973,SME,IN,2023-05-04,VERIFIED
CUS010974,SME,IN,2022-05-01,PENDING
CUS010975,RETAIL,IN,2024-01-25,VERIFIED
CUS010976,RETAIL,SG,2023-12-09,VERIFIED
CUS010977,RETAIL,SG,2022-02-28,PENDING
CUS010978,RETAIL,IN,2022-01-29,VERIFIED
CUS010979,SME,IN,2024-01-01,VERIFIED
CUS010980,RETAIL,IN,2021-04-19,VERIFIED
CUS010981,SME,IN,2022-05-23,VERIFIED
CUS010982,RETAIL,IN,2021-03-20,VERIFIED
CUS010983,RETAIL,SG,2023-03-03,VERIFIED
CUS010984,RETAIL,IN,2022-09-15,VERIFIED
CUS010985,RETAIL,SG,2022-07-03,VERIFIED
CUS010986,RETAIL,IN,2024-05-21,VERIFIED
CUS010987,RETAIL,IN,2023-12-07,VERIFIED
CUS010988,SME,SG,2021-04-23,VERIFIED
CUS010989,RETAIL,IN,2022-06-03,VERIFIED
CUS010990,RETAIL,IN,2022-12-06,VERIFIED
CUS010991,RETAIL,IN,2024-12-29,VERIFIED
CUS010992,RETAIL,SG,2024-11-09,VERIFIED
CUS010993,RETAIL,IN,2022-11-14,VERIFIED
CUS010994,RETAIL,AE,2024-09-09,VERIFIED
CUS010995,RETAIL,AE,2024-06-16,VERIFIED
CUS010996,RETAIL,SG,2022-10-16,VERIFIED
CUS010997,RETAIL,IN,2021-04-27,VERIFIED
CUS010998,RETAIL,SG,2021-10-20,VERIFIED
CUS010999,SME,IN,2023-03-22,REJECTED
CUS011000,RETAIL,AE,2021-05-24,VERIFIED
CUS011001,SME,IN,2022-09-06,VERIFIED
CUS011002,RETAIL,IN,2021-05-20,VERIFIED
CUS011003,RETAIL,IN,2024-02-04,VERIFIED
CUS011004,RETAIL,SG,2022-10-14,VERIFIED
CUS011005,RETAIL,AE,2021-06-20,VERIFIED
CUS011006,SME,IN,2021-03-30,VERIFIED
CUS011007,RETAIL,IN,2021-09-15,VERIFIED
CUS011008,RETAIL,SG,2024-06-06,VERIFIED
CUS011009,RETAIL,SG,2022-08-19,VERIFIED
CUS011010,RETAIL,SG,2024-08-22,VERIFIED
CUS011011,SME,IN,2023-07-16,VERIFIED
CUS011012,RETAIL,SG,2024-11-20,VERIFIED
CUS011013,RETAIL,AE,2022-02-03,VERIFIED
CUS011014,RETAIL,IN,2022-01-14,VERIFIED
CUS011015,SME,IN,2024-08-25,VERIFIED
CUS011016,RETAIL,IN,2021-06-28,VERIFIED
CUS011017,SME,IN,2021-10-14,VERIFIED
CUS011018,RETAIL,SG,2021-10-14,VERIFIED
CUS011019,SME,IN,2023-04-16,VERIFIED
CUS011020,RETAIL,IN,2021-05-27,VERIFIED
CUS011021,RETAIL,IN,2021-03-27,VERIFIED
CUS011022,SME,AE,2022-11-26,VERIFIED
CUS011023,RETAIL,SG,2023-07-22,VERIFIED
CUS011024,RETAIL,IN,2022-01-29,PENDING
CUS011025,RETAIL,SG,2024-11-01,VERIFIED
CUS011026,SME,IN,2023-09-18,VERIFIED
CUS011027,RETAIL,AE,2024-12-26,VERIFIED
CUS011028,RETAIL,SG,2022-01-24,VERIFIED
CUS011029,SME,IN,2024-11-02,VERIFIED
CUS011030,RETAIL,AE,2022-02-12,VERIFIED
CUS011031,RETAIL,IN,2022-11-02,VERIFIED
CUS011032,RETAIL,SG,2023-05-03,VERIFIED
CUS011033,RETAIL,IN,2022-08-02,VERIFIED
CUS011034,RETAIL,SG,2024-11-01,VERIFIED
CUS011035,RETAIL,IN,2021-11-23,VERIFIED
CUS011036,RETAIL,IN,2023-12-26,VERIFIED
CUS011037,RETAIL,IN,2021-10-10,VERIFIED
CUS011038,SME,AE,2021-08-11,VERIFIED
CUS011039,RETAIL,IN,2022-11-22,VERIFIED
CUS011040,RETAIL,IN,2022-10-02,VERIFIED
CUS011041,RETAIL,IN,2021-06-19,PENDING
CUS011042,RETAIL,AE,2023-06-14,VERIFIED
CUS011043,SME,IN,2023-06-25,VERIFIED
CUS011044,RETAIL,IN,2021-05-16,VERIFIED
CUS011045,RETAIL,AE,2023-06-16,VERIFIED
CUS011046,RETAIL,IN,2023-08-07,VERIFIED
CUS011047,RETAIL,IN,2024-12-24,VERIFIED
CUS011048,RETAIL,AE,2023-09-30,VERIFIED
CUS011049,RETAIL,IN,2024-01-18,VERIFIED
CUS011050,RETAIL,IN,2022-01-19,VERIFIED
CUS011051,RETAIL,IN,2023-02-01,VERIFIED
CUS011052,RETAIL,SG,2023-08-23,VERIFIED
CUS011053,RETAIL,AE,2021-06-04,VERIFIED
CUS011054,SME,SG,2023-04-18,VERIFIED
CUS011055,RETAIL,SG,2023-05-30,VERIFIED
CUS011056,SME,IN,2022-03-27,VERIFIED
CUS011057,RETAIL,IN,2024-01-02,VERIFIED
CUS011058,RETAIL,IN,2023-05-10,VERIFIED
CUS011059,RETAIL,IN,2022-04-19,VERIFIED
CUS011060,RETAIL,IN,2023-10-08,VERIFIED
CUS011061,RETAIL,SG,2023-05-11,VERIFIED
CUS011062,RETAIL,IN,2024-12-11,VERIFIED
CUS011063,RETAIL,IN,2021-12-17,VERIFIED
CUS011064,RETAIL,IN,2021-09-15,VERIFIED
CUS011065,RETAIL,IN,2022-06-11,PENDING
CUS011066,SME,IN,2022-12-26,VERIFIED
CUS011067,RETAIL,IN,2021-07-31,VERIFIED
CUS011068,RETAIL,IN,2021-09-28,VERIFIED
CUS011069,SME,IN,2023-03-17,VERIFIED
CUS011070,RETAIL,SG,2022-08-21,VERIFIED
CUS011071,RETAIL,AE,2021-05-28,VERIFIED
CUS011072,RETAIL,SG,2024-03-27,VERIFIED
CUS011073,RETAIL,SG,2022-01-08,VERIFIED
CUS011074,RETAIL,AE,2023-08-12,VERIFIED
CUS011075,SME,IN,2024-08-24,VERIFIED
CUS011076,RETAIL,SG,2023-05-28,PENDING
CUS011077,RETAIL,IN,2023-01-07,VERIFIED
CUS011078,RETAIL,IN,2022-03-03,VERIFIED
CUS011079,SME,IN,2024-06-03,VERIFIED
CUS011080,RETAIL,IN,2022-11-26,VERIFIED
CUS011081,RETAIL,SG,2022-06-21,VERIFIED
CUS011082,RETAIL,IN,2022-07-25,VERIFIED
CUS011083,RETAIL,SG,2021-10-24,VERIFIED
CUS011084,RETAIL,AE,2022-02-12,PENDING
CUS011085,SME,IN,2023-03-22,VERIFIED
CUS011086,RETAIL,IN,2023-12-15,VERIFIED
CUS011087,RETAIL,IN,2021-08-18,VERIFIED
CUS011088,RETAIL,IN,2021-08-16,VERIFIED
CUS011089,RETAIL,AE,2024-07-04,VERIFIED
CUS011090,RETAIL,SG,2023-04-08,VERIFIED
CUS011091,RETAIL,SG,2022-02-14,VERIFIED
CUS011092,RETAIL,IN,2022-06-21,VERIFIED
CUS011093,RETAIL,SG,2021-08-26,VERIFIED
CUS011094,RETAIL,SG,2024-03-02,VERIFIED
CUS011095,RETAIL,IN,2021-05-25,REJECTED
CUS011096,RETAIL,IN,2024-02-10,VERIFIED
CUS011097,RETAIL,IN,2024-08-20,VERIFIED
CUS011098,RETAIL,IN,2022-03-10,VERIFIED
CUS011099,RETAIL,AE,2021-06-12,REJECTED
CUS011100,RETAIL,IN,2023-08-30,VERIFIED
CUS011101,RETAIL,IN,2024-05-23,VERIFIED
CUS011102,RETAIL,AE,2021-08-24,VERIFIED
CUS011103,SME,IN,2024-08-21,VERIFIED
CUS011104,RETAIL,IN,2022-06-16,VERIFIED
CUS011105,RETAIL,AE,2024-07-08,VERIFIED
CUS011106,RETAIL,AE,2022-06-15,VERIFIED
CUS011107,RETAIL,SG,2024-07-26,VERIFIED
CUS011108,RETAIL,IN,2023-07-19,VERIFIED
CUS011109,RETAIL,AE,2023-03-23,VERIFIED
CUS011110,RETAIL,SG,2021-07-18,VERIFIED
CUS011111,RETAIL,SG,2022-04-12,VERIFIED
CUS011112,RETAIL,IN,2021-05-20,VERIFIED
CUS011113,RETAIL,IN,2022-12-08,VERIFIED
CUS011114,RETAIL,SG,2024-01-06,VERIFIED
CUS011115,RETAIL,AE,2023-05-18,PENDING
CUS011116,RETAIL,IN,2023-01-12,VERIFIED
CUS011117,RETAIL,IN,2022-11-04,PENDING
CUS011118,RETAIL,SG,2021-07-12,VERIFIED
CUS011119,RETAIL,IN,2021-07-26,VERIFIED
CUS011120,RETAIL,IN,2024-08-13,VERIFIED
CUS011121,RETAIL,IN,2021-12-17,VERIFIED
CUS011122,SME,IN,2023-11-12,VERIFIED
CUS011123,RETAIL,SG,2022-10-02,VERIFIED
CUS011124,SME,IN,2021-05-06,VERIFIED
CUS011125,RETAIL,IN,2021-08-15,VERIFIED
CUS011126,RETAIL,AE,2023-02-23,VERIFIED
CUS011127,RETAIL,SG,2024-10-29,VERIFIED
CUS011128,RETAIL,IN,2021-05-10,VERIFIED
CUS011129,RETAIL,IN,2021-07-11,VERIFIED
CUS011130,SME,SG,2023-07-19,VERIFIED
CUS011131,RETAIL,IN,2024-06-23,VERIFIED
CUS011132,RETAIL,IN,2022-12-25,VERIFIED
CUS011133,RETAIL,IN,2021-12-06,VERIFIED
CUS011134,RETAIL,IN,2023-04-07,VERIFIED
CUS011135,RETAIL,SG,2024-12-03,VERIFIED
CUS011136,RETAIL,IN,2023-04-02,VERIFIED
CUS011137,RETAIL,IN,2023-01-12,VERIFIED
CUS011138,RETAIL,IN,2021-06-27,VERIFIED
CUS011139,SME,IN,2021-11-28,VERIFIED
CUS011140,RETAIL,IN,2022-05-05,VERIFIED
CUS011141,RETAIL,AE,2023-06-15,VERIFIED
CUS011142,RETAIL,IN,2021-05-18,VERIFIED
CUS011143,RETAIL,IN,2024-02-12,VERIFIED
CUS011144,RETAIL,IN,2023-09-28,VERIFIED
CUS011145,RETAIL,SG,2021-10-05,VERIFIED
CUS011146,RETAIL,IN,2021-03-12,VERIFIED
CUS011147,RETAIL,AE,2021-11-18,VERIFIED
CUS011148,RETAIL,SG,2022-04-17,VERIFIED
CUS011149,RETAIL,IN,2021-05-30,VERIFIED
CUS011150,RETAIL,SG,2024-07-02,VERIFIED
CUS011151,RETAIL,IN,2022-06-10,VERIFIED
CUS011152,RETAIL,AE,2023-06-03,VERIFIED
CUS011153,RETAIL,AE,2022-09-17,VERIFIED
CUS011154,RETAIL,IN,2024-01-19,VERIFIED
CUS011155,RETAIL,SG,2023-02-17,VERIFIED
CUS011156,RETAIL,IN,2024-02-07,VERIFIED
CUS011157,RETAIL,IN,2022-07-16,VERIFIED
CUS011158,RETAIL,SG,2021-06-10,VERIFIED
CUS011159,SME,AE,2024-10-11,VERIFIED
CUS011160,RETAIL,IN,2021-04-29,VERIFIED
CUS011161,RETAIL,SG,2022-06-23,VERIFIED
CUS011162,RETAIL,SG,2024-12-13,VERIFIED
CUS011163,RETAIL,IN,2022-10-14,VERIFIED
CUS011164,RETAIL,SG,2024-06-22,VERIFIED
CUS011165,RETAIL,SG,2021-12-05,VERIFIED
CUS011166,RETAIL,SG,2023-12-10,VERIFIED
CUS011167,RETAIL,AE,2024-10-13,VERIFIED
CUS011168,RETAIL,IN,2021-10-03,VERIFIED
CUS011169,RETAIL,IN,2022-12-12,VERIFIED
CUS011170,RETAIL,IN,2022-08-30,VERIFIED
CUS011171,RETAIL,IN,2021-10-25,VERIFIED
CUS011172,RETAIL,IN,2022-11-02,VERIFIED
CUS011173,RETAIL,AE,2021-12-14,VERIFIED
CUS011174,RETAIL,IN,2022-09-17,VERIFIED
CUS011175,RETAIL,SG,2024-11-24,VERIFIED
CUS011176,RETAIL,IN,2021-05-12,VERIFIED
CUS011177,RETAIL,IN,2021-04-29,VERIFIED
CUS011178,RETAIL,AE,2023-12-12,VERIFIED
CUS011179,RETAIL,SG,2022-07-06,VERIFIED
CUS011180,RETAIL,IN,2024-07-13,VERIFIED
CUS011181,RETAIL,AE,2023-11-30,REJECTED
CUS011182,RETAIL,IN,2022-09-04,VERIFIED
CUS011183,SME,IN,2023-09-02,VERIFIED
CUS011184,SME,IN,2021-04-16,VERIFIED
CUS011185,SME,SG,2024-09-14,VERIFIED
CUS011186,RETAIL,IN,2022-04-13,VERIFIED
CUS011187,RETAIL,AE,2022-08-28,VERIFIED
CUS011188,SME,IN,2021-08-02,VERIFIED
CUS011189,RETAIL,IN,2021-11-26,VERIFIED
CUS011190,RETAIL,AE,2021-07-27,VERIFIED
CUS011191,SME,IN,2021-12-17,VERIFIED
CUS011192,RETAIL,IN,2024-03-01,VERIFIED
CUS011193,RETAIL,IN,2023-05-18,VERIFIED
CUS011194,SME,IN,2022-05-18,VERIFIED
CUS011195,SME,IN,2021-03-05,VERIFIED
CUS011196,RETAIL,IN,2021-09-12,VERIFIED
CUS011197,RETAIL,IN,2022-07-07,VERIFIED
CUS011198,RETAIL,IN,2024-08-13,VERIFIED
CUS011199,RETAIL,IN,2023-05-23,VERIFIED
CUS011200,RETAIL,IN,2022-07-04,VERIFIED
CUS011201,RETAIL,IN,2022-01-17,VERIFIED
CUS011202,RETAIL,SG,2023-12-18,VERIFIED
CUS011203,RETAIL,SG,2023-03-19,VERIFIED
CUS011204,SME,IN,2021-11-08,VERIFIED
CUS011205,SME,IN,2021-10-22,VERIFIED
CUS011206,RETAIL,IN,2024-02-24,VERIFIED
CUS011207,RETAIL,IN,2024-01-12,VERIFIED
CUS011208,RETAIL,IN,2023-07-29,VERIFIED
CUS011209,RETAIL,SG,2022-07-15,VERIFIED
CUS011210,RETAIL,SG,2022-05-30,VERIFIED
CUS011211,RETAIL,IN,2022-02-04,VERIFIED
CUS011212,RETAIL,AE,2022-11-15,VERIFIED
CUS011213,RETAIL,IN,2021-06-27,VERIFIED
CUS011214,SME,AE,2024-07-18,VERIFIED
CUS011215,SME,SG,2022-12-29,VERIFIED
CUS011216,SME,IN,2024-02-21,VERIFIED
CUS011217,SME,IN,2022-12-09,VERIFIED
CUS011218,RETAIL,IN,2021-08-10,VERIFIED
CUS011219,SME,AE,2021-08-11,VERIFIED
CUS011220,SME,IN,2021-03-19,VERIFIED
CUS011221,RETAIL,AE,2023-02-16,VERIFIED
CUS011222,RETAIL,IN,2022-05-06,VERIFIED
CUS011223,RETAIL,IN,2023-03-06,VERIFIED
CUS011224,RETAIL,IN,2024-12-19,VERIFIED
CUS011225,RETAIL,IN,2023-12-02,VERIFIED
CUS011226,RETAIL,IN,2022-02-26,VERIFIED
CUS011227,SME,AE,2024-10-18,VERIFIED
CUS011228,RETAIL,IN,2022-07-17,VERIFIED
CUS011229,RETAIL,AE,2023-04-01,VERIFIED
CUS011230,RETAIL,AE,2023-06-05,VERIFIED
CUS011231,RETAIL,IN,2022-03-09,PENDING
CUS011232,RETAIL,IN,2024-02-17,VERIFIED
CUS011233,SME,IN,2024-01-05,VERIFIED
CUS011234,SME,SG,2024-05-15,VERIFIED
CUS011235,RETAIL,AE,2024-08-03,VERIFIED
CUS011236,RETAIL,AE,2024-09-07,VERIFIED
CUS011237,SME,AE,2024-08-09,VERIFIED
CUS011238,SME,IN,2022-07-22,REJECTED
CUS011239,RETAIL,IN,2023-11-09,VERIFIED
CUS011240,SME,IN,2023-09-17,PENDING
CUS011241,RETAIL,AE,2022-02-12,VERIFIED
CUS011242,RETAIL,IN,2023-01-07,VERIFIED
CUS011243,RETAIL,IN,2024-09-15,PENDING
CUS011244,RETAIL,IN,2022-12-28,VERIFIED
CUS011245,SME,IN,2022-06-21,VERIFIED
CUS011246,RETAIL,IN,2022-09-04,VERIFIED
CUS011247,RETAIL,IN,2021-09-04,VERIFIED
CUS011248,RETAIL,AE,2022-09-22,VERIFIED
CUS011249,SME,SG,2021-11-21,VERIFIED
CUS011250,RETAIL,IN,2023-01-06,VERIFIED
CUS011251,RETAIL,SG,2022-07-25,VERIFIED
CUS011252,SME,IN,2024-05-29,VERIFIED
CUS011253,RETAIL,SG,2021-03-14,VERIFIED
CUS011254,SME,IN,2024-11-25,VERIFIED
CUS011255,SME,IN,2021-04-17,VERIFIED
CUS011256,RETAIL,IN,2022-10-18,VERIFIED
CUS011257,SME,IN,2023-09-17,VERIFIED
CUS011258,RETAIL,IN,2023-05-20,VERIFIED
CUS011259,SME,SG,2024-09-16,VERIFIED
CUS011260,RETAIL,SG,2023-06-07,VERIFIED
CUS011261,SME,IN,2024-09-24,VERIFIED
CUS011262,RETAIL,IN,2023-05-10,VERIFIED
CUS011263,RETAIL,SG,2024-06-25,PENDING
CUS011264,SME,IN,2024-07-27,VERIFIED
CUS011265,RETAIL,IN,2022-04-10,VERIFIED
CUS011266,RETAIL,IN,2024-04-26,VERIFIED
CUS011267,SME,IN,2023-09-20,VERIFIED
CUS011268,RETAIL,IN,2022-06-19,VERIFIED
CUS011269,RETAIL,IN,2023-01-26,VERIFIED
CUS011270,SME,IN,2023-01-13,PENDING
CUS011271,RETAIL,SG,2023-04-24,VERIFIED
CUS011272,RETAIL,SG,2022-09-01,VERIFIED
CUS011273,RETAIL,SG,2022-07-03,VERIFIED
CUS011274,RETAIL,IN,2024-07-04,VERIFIED
CUS011275,RETAIL,AE,2021-04-24,VERIFIED
CUS011276,RETAIL,SG,2021-11-19,VERIFIED
CUS011277,RETAIL,IN,2023-05-19,PENDING
CUS011278,RETAIL,IN,2023-07-30,VERIFIED
CUS011279,RETAIL,SG,2022-03-22,REJECTED
CUS011280,SME,IN,2022-08-27,VERIFIED
CUS011281,RETAIL,SG,2021-12-04,VERIFIED
CUS011282,RETAIL,SG,2023-03-22,REJECTED
CUS011283,SME,AE,2023-04-25,PENDING
CUS011284,RETAIL,AE,2023-03-18,VERIFIED
CUS011285,SME,SG,2023-11-15,VERIFIED
CUS011286,SME,AE,2022-01-07,VERIFIED
CUS011287,RETAIL,AE,2021-12-14,VERIFIED
CUS011288,RETAIL,IN,2024-07-31,VERIFIED
CUS011289,RETAIL,SG,2024-08-24,VERIFIED
CUS011290,RETAIL,IN,2024-09-19,VERIFIED
CUS011291,RETAIL,IN,2023-09-28,VERIFIED
CUS011292,RETAIL,IN,2024-08-13,VERIFIED
CUS011293,RETAIL,IN,2022-10-27,VERIFIED
CUS011294,SME,IN,2021-03-10,VERIFIED
CUS011295,RETAIL,IN,2022-04-21,VERIFIED
CUS011296,RETAIL,IN,2021-06-13,VERIFIED
CUS011297,RETAIL,SG,2024-06-07,VERIFIED
CUS011298,RETAIL,AE,2022-04-27,VERIFIED
CUS011299,SME,AE,2022-03-19,VERIFIED
CUS011300,RETAIL,IN,2023-04-16,VERIFIED
CUS011301,RETAIL,IN,2022-02-23,VERIFIED
CUS011302,RETAIL,AE,2024-09-04,VERIFIED
CUS011303,RETAIL,IN,2022-08-24,VERIFIED
CUS011304,SME,AE,2021-11-09,VERIFIED
CUS011305,RETAIL,SG,2023-07-01,VERIFIED
CUS011306,RETAIL,IN,2024-04-11,PENDING
CUS011307,RETAIL,IN,2024-12-18,VERIFIED
CUS011308,RETAIL,IN,2023-12-17,VERIFIED
CUS011309,RETAIL,IN,2021-11-09,VERIFIED
CUS011310,RETAIL,IN,2021-10-12,VERIFIED
CUS011311,RETAIL,AE,2022-08-22,VERIFIED
CUS011312,RETAIL,SG,2024-01-07,VERIFIED
CUS011313,RETAIL,IN,2024-01-04,VERIFIED
CUS011314,SME,IN,2021-10-07,VERIFIED
CUS011315,RETAIL,IN,2022-10-07,VERIFIED
CUS011316,SME,IN,2021-12-28,VERIFIED
CUS011317,RETAIL,SG,2023-08-02,VERIFIED
CUS011318,RETAIL,IN,2021-10-17,VERIFIED
CUS011319,RETAIL,SG,2023-03-14,VERIFIED
CUS011320,RETAIL,IN,2022-06-02,VERIFIED
CUS011321,RETAIL,IN,2021-09-28,VERIFIED
CUS011322,RETAIL,AE,2023-08-28,VERIFIED
CUS011323,RETAIL,SG,2021-12-25,VERIFIED
CUS011324,RETAIL,SG,2022-07-02,PENDING
CUS011325,SME,IN,2023-02-05,VERIFIED
CUS011326,SME,AE,2021-10-29,VERIFIED
CUS011327,RETAIL,IN,2023-04-27,VERIFIED
CUS011328,SME,IN,2022-02-17,PENDING
CUS011329,RETAIL,SG,2024-09-17,VERIFIED
CUS011330,RETAIL,IN,2021-09-13,VERIFIED
CUS011331,RETAIL,SG,2021-04-22,VERIFIED
CUS011332,RETAIL,IN,2021-03-27,VERIFIED
CUS011333,RETAIL,IN,2021-10-08,VERIFIED
CUS011334,RETAIL,IN,2022-05-11,VERIFIED
CUS011335,SME,AE,2022-03-01,VERIFIED
CUS011336,RETAIL,SG,2021-06-12,VERIFIED
CUS011337,RETAIL,IN,2022-03-16,VERIFIED
CUS011338,RETAIL,IN,2023-12-18,VERIFIED
CUS011339,RETAIL,IN,2024-05-23,VERIFIED
CUS011340,RETAIL,IN,2021-04-10,VERIFIED
CUS011341,RETAIL,SG,2024-06-21,VERIFIED
CUS011342,RETAIL,IN,2021-07-07,VERIFIED
CUS011343,RETAIL,IN,2021-06-01,VERIFIED
CUS011344,RETAIL,IN,2024-11-05,VERIFIED
CUS011345,RETAIL,IN,2021-11-28,VERIFIED
CUS011346,RETAIL,SG,2022-09-28,REJECTED
CUS011347,RETAIL,SG,2023-07-06,VERIFIED
CUS011348,RETAIL,IN,2023-01-28,VERIFIED
CUS011349,RETAIL,AE,2023-05-13,VERIFIED
CUS011350,RETAIL,IN,2021-11-17,VERIFIED
CUS011351,SME,AE,2023-06-05,VERIFIED
CUS011352,RETAIL,SG,2024-07-09,VERIFIED
CUS011353,RETAIL,IN,2023-06-26,VERIFIED
CUS011354,RETAIL,SG,2022-12-25,VERIFIED
CUS011355,RETAIL,IN,2023-04-12,VERIFIED
CUS011356,SME,SG,2023-01-31,VERIFIED
CUS011357,RETAIL,IN,2021-03-22,VERIFIED
CUS011358,RETAIL,IN,2023-06-28,VERIFIED
CUS011359,RETAIL,AE,2021-11-13,VERIFIED
CUS011360,SME,IN,2021-03-14,VERIFIED
CUS011361,SME,IN,2021-10-27,VERIFIED
CUS011362,RETAIL,IN,2022-12-08,VERIFIED
CUS011363,RETAIL,IN,2021-03-18,VERIFIED
CUS011364,RETAIL,SG,2023-06-03,VERIFIED
CUS011365,RETAIL,SG,2023-12-07,VERIFIED
CUS011366,RETAIL,AE,2021-09-21,VERIFIED
CUS011367,RETAIL,IN,2021-06-25,VERIFIED
CUS011368,RETAIL,IN,2024-06-21,REJECTED
CUS011369,RETAIL,IN,2023-10-12,VERIFIED
CUS011370,RETAIL,IN,2023-11-26,PENDING
CUS011371,RETAIL,SG,2021-11-11,VERIFIED
CUS011372,RETAIL,IN,2023-12-08,VERIFIED
CUS011373,RETAIL,IN,2022-06-18,VERIFIED
CUS011374,SME,AE,2021-06-04,VERIFIED
CUS011375,RETAIL,IN,2021-07-08,VERIFIED
CUS011376,SME,IN,2021-08-18,VERIFIED
CUS011377,RETAIL,SG,2022-12-22,VERIFIED
CUS011378,RETAIL,IN,2022-09-05,VERIFIED
CUS011379,RETAIL,AE,2022-03-23,VERIFIED
CUS011380,RETAIL,SG,2023-10-12,VERIFIED
CUS011381,SME,IN,2023-01-31,VERIFIED
CUS011382,RETAIL,IN,2023-03-18,PENDING
CUS011383,SME,IN,2021-12-08,VERIFIED
CUS011384,RETAIL,SG,2022-10-25,VERIFIED
CUS011385,RETAIL,IN,2023-04-19,VERIFIED
CUS011386,RETAIL,SG,2022-12-07,REJECTED
CUS011387,RETAIL,IN,2024-05-06,VERIFIED
CUS011388,RETAIL,IN,2024-01-09,VERIFIED
CUS011389,SME,IN,2021-12-08,PENDING
CUS011390,SME,IN,2024-07-03,VERIFIED
CUS011391,RETAIL,IN,2022-05-22,VERIFIED
CUS011392,RETAIL,IN,2021-07-11,VERIFIED
CUS011393,RETAIL,AE,2022-05-20,VERIFIED
CUS011394,RETAIL,IN,2022-07-19,VERIFIED
CUS011395,SME,SG,2022-04-03,VERIFIED
CUS011396,RETAIL,IN,2024-06-12,VERIFIED
CUS011397,RETAIL,SG,2024-06-24,VERIFIED
CUS011398,SME,IN,2021-03-18,PENDING
CUS011399,RETAIL,SG,2023-05-15,VERIFIED
CUS011400,SME,IN,2023-06-06,VERIFIED
CUS011401,RETAIL,IN,2024-05-25,VERIFIED
CUS011402,RETAIL,IN,2022-03-12,VERIFIED
CUS011403,RETAIL,IN,2024-11-15,VERIFIED
CUS011404,RETAIL,IN,2024-04-29,VERIFIED
CUS011405,RETAIL,IN,2024-02-22,PENDING
CUS011406,RETAIL,AE,2021-06-06,VERIFIED
CUS011407,RETAIL,IN,2021-05-12,VERIFIED
CUS011408,RETAIL,IN,2024-09-13,VERIFIED
CUS011409,RETAIL,AE,2024-06-20,VERIFIED
CUS011410,RETAIL,SG,2021-05-04,VERIFIED
CUS011411,SME,IN,2022-07-28,VERIFIED
CUS011412,RETAIL,IN,2022-03-21,VERIFIED
CUS011413,RETAIL,IN,2022-10-30,VERIFIED
CUS011414,RETAIL,IN,2024-02-18,VERIFIED
CUS011415,RETAIL,IN,2022-03-16,VERIFIED
CUS011416,SME,SG,2024-04-23,VERIFIED
CUS011417,RETAIL,AE,2024-11-22,VERIFIED
CUS011418,RETAIL,IN,2021-10-18,VERIFIED
CUS011419,RETAIL,IN,2023-07-20,VERIFIED
CUS011420,RETAIL,IN,2024-11-07,VERIFIED
CUS011421,RETAIL,IN,2023-05-04,VERIFIED
CUS011422,RETAIL,IN,2024-07-26,VERIFIED
CUS011423,RETAIL,SG,2023-03-14,VERIFIED
CUS011424,RETAIL,IN,2022-06-05,VERIFIED
CUS011425,RETAIL,AE,2023-09-16,VERIFIED
CUS011426,RETAIL,IN,2024-09-15,VERIFIED
CUS011427,RETAIL,IN,2021-08-04,VERIFIED
CUS011428,RETAIL,IN,2022-12-06,VERIFIED
CUS011429,RETAIL,IN,2024-11-30,VERIFIED
CUS011430,RETAIL,IN,2022-10-21,VERIFIED
CUS011431,RETAIL,IN,2021-06-18,VERIFIED
CUS011432,RETAIL,IN,2024-12-07,VERIFIED
CUS011433,RETAIL,SG,2021-12-27,VERIFIED
CUS011434,RETAIL,AE,2023-07-23,VERIFIED
CUS011435,RETAIL,IN,2022-04-17,VERIFIED
CUS011436,RETAIL,IN,2024-11-23,VERIFIED
CUS011437,RETAIL,IN,2021-07-12,VERIFIED
CUS011438,RETAIL,IN,2021-04-19,VERIFIED
CUS011439,RETAIL,AE,2022-11-24,VERIFIED
CUS011440,RETAIL,IN,2024-03-06,VERIFIED
CUS011441,SME,SG,2024-06-04,VERIFIED
CUS011442,RETAIL,AE,2022-05-12,VERIFIED
CUS011443,RETAIL,SG,2021-12-18,VERIFIED
CUS011444,RETAIL,IN,2022-06-03,VERIFIED
CUS011445,RETAIL,IN,2023-02-11,VERIFIED
CUS011446,SME,IN,2022-01-16,PENDING
CUS011447,RETAIL,IN,2022-03-06,VERIFIED
CUS011448,RETAIL,AE,2023-09-20,VERIFIED
CUS011449,RETAIL,IN,2022-01-10,VERIFIED
CUS011450,RETAIL,IN,2024-04-18,VERIFIED
CUS011451,SME,IN,2021-11-10,VERIFIED
CUS011452,RETAIL,IN,2022-12-21,VERIFIED
CUS011453,RETAIL,IN,2022-02-20,VERIFIED
CUS011454,RETAIL,SG,2022-05-05,VERIFIED
CUS011455,SME,SG,2024-08-20,VERIFIED
CUS011456,RETAIL,IN,2022-02-09,VERIFIED
CUS011457,RETAIL,IN,2021-12-31,REJECTED
CUS011458,RETAIL,IN,2024-10-25,VERIFIED
CUS011459,RETAIL,IN,2024-02-20,VERIFIED
CUS011460,RETAIL,SG,2022-02-13,VERIFIED
CUS011461,RETAIL,SG,2023-08-15,VERIFIED
CUS011462,RETAIL,AE,2024-07-28,VERIFIED
CUS011463,RETAIL,SG,2021-09-23,PENDING
CUS011464,SME,IN,2022-12-29,VERIFIED
CUS011465,SME,SG,2023-06-30,VERIFIED
CUS011466,RETAIL,SG,2022-11-16,VERIFIED
CUS011467,RETAIL,AE,2023-06-22,VERIFIED
CUS011468,SME,IN,2024-07-08,VERIFIED
CUS011469,RETAIL,SG,2022-11-07,VERIFIED
CUS011470,SME,IN,2021-04-23,VERIFIED
CUS011471,RETAIL,SG,2021-05-10,VERIFIED
CUS011472,RETAIL,AE,2022-07-23,VERIFIED
CUS011473,RETAIL,AE,2024-05-19,VERIFIED
CUS011474,RETAIL,IN,2024-02-23,VERIFIED
CUS011475,RETAIL,IN,2023-10-18,VERIFIED
CUS011476,RETAIL,SG,2024-10-22,VERIFIED
CUS011477,RETAIL,SG,2024-06-19,VERIFIED
CUS011478,RETAIL,AE,2022-01-12,VERIFIED
CUS011479,RETAIL,IN,2023-05-12,VERIFIED
CUS011480,RETAIL,AE,2021-10-12,VERIFIED
CUS011481,RETAIL,SG,2024-10-07,VERIFIED
CUS011482,RETAIL,IN,2024-08-28,VERIFIED
CUS011483,RETAIL,IN,2022-05-12,VERIFIED
CUS011484,RETAIL,SG,2024-01-07,PENDING
CUS011485,SME,IN,2024-02-20,VERIFIED
CUS011486,RETAIL,SG,2022-07-17,VERIFIED
CUS011487,RETAIL,IN,2021-07-03,VERIFIED
CUS011488,RETAIL,IN,2023-05-26,VERIFIED
CUS011489,RETAIL,IN,2022-01-30,VERIFIED
CUS011490,RETAIL,AE,2023-09-10,VERIFIED
CUS011491,RETAIL,SG,2021-10-15,VERIFIED
CUS011492,RETAIL,SG,2023-05-18,VERIFIED
CUS011493,RETAIL,SG,2024-06-03,VERIFIED
CUS011494,RETAIL,IN,2023-01-25,PENDING
CUS011495,RETAIL,AE,2023-11-19,VERIFIED
CUS011496,SME,IN,2024-04-18,VERIFIED
CUS011497,RETAIL,IN,2024-04-19,VERIFIED
CUS011498,SME,IN,2023-07-08,VERIFIED
CUS011499,RETAIL,IN,2024-12-19,PENDING
CUS011500,RETAIL,SG,2024-09-26,PENDING
CUS011501,RETAIL,IN,2022-09-29,VERIFIED
CUS011502,RETAIL,SG,2024-12-24,VERIFIED
CUS011503,RETAIL,AE,2022-01-16,VERIFIED
CUS011504,SME,IN,2021-04-07,VERIFIED
CUS011505,RETAIL,IN,2024-04-19,VERIFIED
CUS011506,SME,SG,2024-10-17,VERIFIED
CUS011507,RETAIL,IN,2024-03-13,VERIFIED
CUS011508,RETAIL,SG,2024-11-02,VERIFIED
CUS011509,RETAIL,IN,2023-12-22,VERIFIED
CUS011510,SME,IN,2021-08-05,VERIFIED
CUS011511,RETAIL,IN,2021-11-11,VERIFIED
CUS011512,SME,IN,2021-04-06,VERIFIED
CUS011513,RETAIL,IN,2021-11-22,VERIFIED
CUS011514,SME,IN,2021-10-07,VERIFIED
CUS011515,SME,IN,2022-09-25,VERIFIED
CUS011516,RETAIL,AE,2024-06-20,VERIFIED
CUS011517,RETAIL,IN,2022-01-21,VERIFIED
CUS011518,RETAIL,IN,2022-07-21,VERIFIED
CUS011519,SME,IN,2021-04-26,VERIFIED
CUS011520,RETAIL,IN,2022-05-02,VERIFIED
CUS011521,RETAIL,IN,2022-11-30,VERIFIED
CUS011522,SME,SG,2022-01-17,VERIFIED
CUS011523,RETAIL,IN,2022-06-28,VERIFIED
CUS011524,RETAIL,SG,2024-07-27,VERIFIED
CUS011525,RETAIL,IN,2022-08-30,VERIFIED
CUS011526,RETAIL,IN,2023-07-04,VERIFIED
CUS011527,RETAIL,IN,2024-05-19,VERIFIED
CUS011528,RETAIL,SG,2023-12-12,PENDING
CUS011529,SME,AE,2021-10-21,VERIFIED
CUS011530,RETAIL,IN,2022-06-30,VERIFIED
CUS011531,SME,AE,2024-10-12,VERIFIED
CUS011532,RETAIL,IN,2023-09-08,PENDING
CUS011533,SME,IN,2022-05-18,VERIFIED
CUS011534,RETAIL,SG,2023-01-20,VERIFIED
CUS011535,RETAIL,IN,2022-01-11,VERIFIED
CUS011536,SME,IN,2022-08-08,VERIFIED
CUS011537,RETAIL,IN,2024-11-11,VERIFIED
CUS011538,SME,SG,2021-09-07,VERIFIED
CUS011539,RETAIL,IN,2022-10-26,VERIFIED
CUS011540,RETAIL,AE,2021-06-22,VERIFIED
CUS011541,RETAIL,IN,2024-02-28,VERIFIED
CUS011542,SME,AE,2022-05-07,VERIFIED
CUS011543,RETAIL,IN,2024-11-21,VERIFIED
CUS011544,RETAIL,IN,2024-05-28,VERIFIED
CUS011545,RETAIL,IN,2021-08-15,VERIFIED
CUS011546,RETAIL,IN,2021-08-06,VERIFIED
CUS011547,SME,IN,2021-05-07,VERIFIED
CUS011548,SME,SG,2024-03-21,VERIFIED
CUS011549,RETAIL,IN,2021-08-02,VERIFIED
CUS011550,RETAIL,IN,2024-10-19,VERIFIED
CUS011551,RETAIL,AE,2023-06-21,VERIFIED
CUS011552,RETAIL,IN,2023-04-30,VERIFIED
CUS011553,SME,IN,2021-12-19,VERIFIED
CUS011554,RETAIL,IN,2022-05-19,VERIFIED
CUS011555,RETAIL,IN,2023-08-18,VERIFIED
CUS011556,RETAIL,IN,2024-06-06,VERIFIED
CUS011557,SME,SG,2023-08-09,VERIFIED
CUS011558,RETAIL,IN,2023-11-09,VERIFIED
CUS011559,SME,IN,2022-06-08,VERIFIED
CUS011560,RETAIL,SG,2024-09-11,VERIFIED
CUS011561,RETAIL,IN,2023-06-06,VERIFIED
CUS011562,SME,IN,2022-08-20,VERIFIED
CUS011563,RETAIL,AE,2022-07-12,VERIFIED
CUS011564,SME,IN,2022-04-16,VERIFIED
CUS011565,RETAIL,IN,2023-11-28,VERIFIED
CUS011566,SME,SG,2023-01-05,VERIFIED
CUS011567,RETAIL,SG,2024-08-17,VERIFIED
CUS011568,RETAIL,SG,2023-04-20,VERIFIED
CUS011569,SME,SG,2021-03-29,VERIFIED
CUS011570,SME,IN,2021-10-03,VERIFIED
CUS011571,SME,IN,2022-08-14,VERIFIED
CUS011572,RETAIL,SG,2023-05-26,VERIFIED
CUS011573,RETAIL,SG,2021-07-20,VERIFIED
CUS011574,RETAIL,SG,2023-04-24,VERIFIED
CUS011575,RETAIL,IN,2022-01-29,VERIFIED
CUS011576,RETAIL,SG,2022-10-16,VERIFIED
CUS011577,RETAIL,IN,2024-12-03,VERIFIED
CUS011578,RETAIL,IN,2022-04-22,VERIFIED
CUS011579,RETAIL,IN,2021-07-31,VERIFIED
CUS011580,SME,IN,2022-01-10,VERIFIED
CUS011581,SME,SG,2022-08-25,VERIFIED
CUS011582,RETAIL,IN,2024-11-05,REJECTED
CUS011583,SME,SG,2024-11-30,VERIFIED
CUS011584,SME,IN,2021-09-28,VERIFIED
CUS011585,RETAIL,IN,2023-03-09,VERIFIED
CUS011586,RETAIL,IN,2023-04-11,VERIFIED
CUS011587,SME,IN,2022-07-19,VERIFIED
CUS011588,RETAIL,SG,2021-07-13,VERIFIED
CUS011589,RETAIL,IN,2023-05-01,VERIFIED
CUS011590,RETAIL,IN,2022-12-13,VERIFIED
CUS011591,RETAIL,IN,2022-11-11,VERIFIED
CUS011592,RETAIL,IN,2023-03-07,VERIFIED
CUS011593,RETAIL,IN,2022-06-27,VERIFIED
CUS011594,RETAIL,AE,2024-04-03,VERIFIED
CUS011595,SME,IN,2023-07-29,VERIFIED
CUS011596,RETAIL,IN,2023-03-16,VERIFIED
CUS011597,SME,AE,2023-01-05,VERIFIED
CUS011598,RETAIL,SG,2023-02-11,VERIFIED
CUS011599,SME,IN,2023-05-27,VERIFIED
CUS011600,RETAIL,SG,2021-07-29,VERIFIED
CUS011601,SME,AE,2021-12-07,VERIFIED
CUS011602,SME,IN,2021-08-09,VERIFIED
CUS011603,RETAIL,IN,2022-09-22,PENDING
CUS011604,RETAIL,AE,2023-02-21,VERIFIED
CUS011605,SME,SG,2023-05-09,VERIFIED
CUS011606,RETAIL,AE,2021-09-05,VERIFIED
CUS011607,RETAIL,IN,2022-06-14,VERIFIED
CUS011608,RETAIL,AE,2021-09-23,VERIFIED
CUS011609,SME,IN,2021-09-30,VERIFIED
CUS011610,RETAIL,SG,2021-05-15,VERIFIED
CUS011611,RETAIL,AE,2022-11-30,VERIFIED
CUS011612,RETAIL,IN,2023-08-14,VERIFIED
CUS011613,RETAIL,IN,2021-07-09,VERIFIED
CUS011614,SME,IN,2024-03-10,VERIFIED
CUS011615,SME,AE,2023-10-07,VERIFIED
CUS011616,RETAIL,IN,2021-05-21,VERIFIED
CUS011617,RETAIL,AE,2022-04-08,VERIFIED
CUS011618,RETAIL,IN,2022-10-06,VERIFIED
CUS011619,RETAIL,IN,2022-12-21,VERIFIED
CUS011620,SME,IN,2023-03-20,VERIFIED
CUS011621,RETAIL,AE,2021-07-27,PENDING
CUS011622,RETAIL,IN,2023-06-05,VERIFIED
CUS011623,RETAIL,IN,2023-03-02,VERIFIED
CUS011624,RETAIL,IN,2024-09-05,VERIFIED
CUS011625,RETAIL,AE,2024-07-25,VERIFIED
CUS011626,RETAIL,SG,2024-03-22,VERIFIED
CUS011627,RETAIL,IN,2023-11-09,VERIFIED
CUS011628,SME,IN,2023-11-20,VERIFIED
CUS011629,RETAIL,IN,2022-06-13,VERIFIED
CUS011630,SME,IN,2022-11-22,VERIFIED
CUS011631,RETAIL,SG,2024-12-27,VERIFIED
CUS011632,RETAIL,IN,2023-01-09,PENDING
CUS011633,SME,IN,2024-09-09,VERIFIED
CUS011634,SME,SG,2022-12-03,VERIFIED
CUS011635,RETAIL,IN,2024-10-23,VERIFIED
CUS011636,RETAIL,IN,2024-09-16,PENDING
CUS011637,RETAIL,IN,2021-11-02,VERIFIED
CUS011638,RETAIL,IN,2024-12-19,VERIFIED
CUS011639,RETAIL,IN,2021-04-11,VERIFIED
CUS011640,RETAIL,IN,2023-03-25,VERIFIED
CUS011641,RETAIL,IN,2021-11-02,VERIFIED
CUS011642,RETAIL,IN,2024-04-06,VERIFIED
CUS011643,RETAIL,SG,2023-03-20,VERIFIED
CUS011644,RETAIL,IN,2021-08-02,VERIFIED
CUS011645,RETAIL,IN,2024-09-16,VERIFIED
CUS011646,SME,IN,2023-05-09,VERIFIED
CUS011647,SME,IN,2024-07-14,VERIFIED
CUS011648,RETAIL,IN,2023-08-28,VERIFIED
CUS011649,RETAIL,IN,2021-04-14,VERIFIED
CUS011650,SME,SG,2022-12-02,PENDING
CUS011651,RETAIL,IN,2023-09-22,VERIFIED
CUS011652,RETAIL,SG,2022-08-05,VERIFIED
CUS011653,RETAIL,IN,2023-12-04,VERIFIED
CUS011654,RETAIL,IN,2024-09-09,VERIFIED
CUS011655,RETAIL,IN,2022-11-02,VERIFIED
CUS011656,RETAIL,IN,2022-03-01,VERIFIED
CUS011657,RETAIL,SG,2024-04-26,VERIFIED
CUS011658,RETAIL,SG,2024-06-23,VERIFIED
CUS011659,RETAIL,SG,2022-09-17,VERIFIED
CUS011660,RETAIL,IN,2023-07-10,VERIFIED
CUS011661,SME,SG,2021-06-02,VERIFIED
CUS011662,RETAIL,IN,2023-08-21,VERIFIED
CUS011663,RETAIL,IN,2023-07-02,VERIFIED
CUS011664,RETAIL,IN,2022-10-28,VERIFIED
CUS011665,RETAIL,IN,2021-04-03,VERIFIED
CUS011666,SME,SG,2022-05-12,VERIFIED
CUS011667,SME,AE,2022-06-14,VERIFIED
CUS011668,RETAIL,IN,2021-12-07,VERIFIED
CUS011669,RETAIL,IN,2021-11-16,VERIFIED
CUS011670,RETAIL,SG,2022-12-25,VERIFIED
CUS011671,RETAIL,AE,2023-11-27,VERIFIED
CUS011672,RETAIL,SG,2024-05-29,VERIFIED
CUS011673,RETAIL,IN,2022-10-30,VERIFIED
CUS011674,RETAIL,IN,2022-05-03,VERIFIED
CUS011675,RETAIL,SG,2023-08-08,VERIFIED
CUS011676,RETAIL,IN,2023-03-03,VERIFIED
CUS011677,RETAIL,AE,2023-04-19,VERIFIED
CUS011678,RETAIL,AE,2022-09-30,VERIFIED
CUS011679,RETAIL,AE,2021-11-12,VERIFIED
CUS011680,RETAIL,IN,2023-04-21,VERIFIED
CUS011681,RETAIL,SG,2023-01-06,REJECTED
CUS011682,RETAIL,SG,2023-05-30,VERIFIED
CUS011683,RETAIL,IN,2023-11-06,VERIFIED
CUS011684,RETAIL,IN,2022-04-26,VERIFIED
CUS011685,RETAIL,IN,2022-08-22,VERIFIED
CUS011686,RETAIL,IN,2022-12-30,VERIFIED
CUS011687,RETAIL,AE,2023-11-16,VERIFIED
CUS011688,RETAIL,AE,2021-09-05,PENDING
CUS011689,RETAIL,IN,2021-12-02,VERIFIED
CUS011690,RETAIL,IN,2022-02-26,VERIFIED
CUS011691,RETAIL,IN,2021-11-17,VERIFIED
CUS011692,SME,IN,2023-03-07,VERIFIED
CUS011693,SME,IN,2022-08-06,VERIFIED
CUS011694,SME,SG,2024-03-08,VERIFIED
CUS011695,SME,SG,2022-01-01,VERIFIED
CUS011696,RETAIL,AE,2024-12-08,VERIFIED
CUS011697,RETAIL,AE,2023-01-21,VERIFIED
CUS011698,RETAIL,IN,2024-03-20,VERIFIED
CUS011699,RETAIL,SG,2022-09-21,VERIFIED
CUS011700,SME,IN,2023-12-05,VERIFIED
CUS011701,SME,IN,2021-04-22,VERIFIED
CUS011702,RETAIL,IN,2024-07-20,VERIFIED
CUS011703,SME,IN,2021-11-07,VERIFIED
CUS011704,RETAIL,IN,2022-06-10,VERIFIED
CUS011705,RETAIL,IN,2021-03-09,VERIFIED
CUS011706,RETAIL,IN,2023-10-03,VERIFIED
CUS011707,SME,AE,2022-04-20,VERIFIED
CUS011708,RETAIL,IN,2024-11-20,VERIFIED
CUS011709,RETAIL,IN,2022-05-30,PENDING
CUS011710,RETAIL,AE,2023-05-01,VERIFIED
CUS011711,SME,IN,2022-03-21,PENDING
CUS011712,SME,IN,2021-12-30,VERIFIED
CUS011713,RETAIL,AE,2023-02-20,VERIFIED
CUS011714,SME,IN,2023-09-14,VERIFIED
CUS011715,RETAIL,IN,2022-04-09,VERIFIED
CUS011716,SME,IN,2021-07-18,VERIFIED
CUS011717,RETAIL,IN,2023-08-17,VERIFIED
CUS011718,RETAIL,SG,2021-09-26,VERIFIED
CUS011719,SME,IN,2023-04-21,VERIFIED
CUS011720,SME,IN,2021-08-05,VERIFIED
CUS011721,RETAIL,SG,2022-07-08,VERIFIED
CUS011722,SME,AE,2022-06-12,VERIFIED
CUS011723,RETAIL,IN,2022-05-14,VERIFIED
CUS011724,RETAIL,IN,2021-11-29,VERIFIED
CUS011725,RETAIL,AE,2021-09-14,PENDING
CUS011726,RETAIL,SG,2023-07-07,VERIFIED
CUS011727,RETAIL,IN,2022-02-22,VERIFIED
CUS011728,RETAIL,IN,2022-05-07,VERIFIED
CUS011729,RETAIL,SG,2022-09-26,VERIFIED
CUS011730,RETAIL,IN,2024-02-23,VERIFIED
CUS011731,RETAIL,IN,2023-03-22,VERIFIED
CUS011732,RETAIL,AE,2024-03-21,VERIFIED
CUS011733,RETAIL,IN,2024-06-24,VERIFIED
CUS011734,RETAIL,IN,2021-05-21,VERIFIED
CUS011735,RETAIL,IN,2022-03-25,VERIFIED
CUS011736,RETAIL,AE,2022-11-25,VERIFIED
CUS011737,RETAIL,IN,2023-04-24,VERIFIED
CUS011738,SME,SG,2024-09-23,VERIFIED
CUS011739,SME,IN,2023-08-29,VERIFIED
CUS011740,RETAIL,IN,2024-03-31,VERIFIED
CUS011741,RETAIL,AE,2022-12-10,VERIFIED
CUS011742,RETAIL,IN,2023-03-28,VERIFIED
CUS011743,RETAIL,IN,2021-04-24,VERIFIED
CUS011744,RETAIL,SG,2021-10-05,VERIFIED
CUS011745,RETAIL,IN,2022-09-13,VERIFIED
CUS011746,RETAIL,IN,2021-07-27,VERIFIED
CUS011747,RETAIL,SG,2023-09-28,VERIFIED
CUS011748,SME,IN,2024-07-27,VERIFIED
CUS011749,RETAIL,SG,2022-11-09,VERIFIED
CUS011750,RETAIL,IN,2024-10-07,VERIFIED
CUS011751,SME,IN,2021-05-22,VERIFIED
CUS011752,RETAIL,SG,2024-07-15,VERIFIED
CUS011753,RETAIL,IN,2021-09-21,VERIFIED
CUS011754,RETAIL,AE,2022-06-07,VERIFIED
CUS011755,RETAIL,AE,2024-01-22,VERIFIED
CUS011756,RETAIL,AE,2022-12-18,VERIFIED
CUS011757,RETAIL,IN,2022-12-02,VERIFIED
CUS011758,RETAIL,IN,2022-03-05,VERIFIED
CUS011759,RETAIL,AE,2023-05-15,VERIFIED
CUS011760,RETAIL,IN,2022-09-24,VERIFIED
CUS011761,RETAIL,SG,2023-05-31,VERIFIED
CUS011762,RETAIL,SG,2024-08-20,VERIFIED
CUS011763,RETAIL,IN,2022-04-12,REJECTED
CUS011764,RETAIL,IN,2024-01-07,VERIFIED
CUS011765,RETAIL,SG,2023-12-08,VERIFIED
CUS011766,RETAIL,IN,2023-09-25,VERIFIED
CUS011767,RETAIL,IN,2022-10-31,VERIFIED
CUS011768,RETAIL,IN,2022-04-17,VERIFIED
CUS011769,RETAIL,SG,2021-11-18,VERIFIED
CUS011770,RETAIL,IN,2022-09-19,VERIFIED
CUS011771,RETAIL,IN,2023-06-25,VERIFIED
CUS011772,RETAIL,SG,2021-05-17,VERIFIED
CUS011773,RETAIL,SG,2023-03-08,VERIFIED
CUS011774,SME,AE,2024-06-12,VERIFIED
CUS011775,RETAIL,IN,2021-12-06,VERIFIED
CUS011776,RETAIL,AE,2021-05-28,VERIFIED
CUS011777,SME,SG,2023-11-21,VERIFIED
CUS011778,RETAIL,SG,2024-02-28,VERIFIED
CUS011779,RETAIL,IN,2023-08-28,VERIFIED
CUS011780,RETAIL,IN,2023-09-09,VERIFIED
CUS011781,RETAIL,IN,2024-04-07,VERIFIED
CUS011782,RETAIL,IN,2024-11-14,VERIFIED
CUS011783,SME,IN,2024-04-14,VERIFIED
CUS011784,RETAIL,AE,2023-11-13,VERIFIED
CUS011785,RETAIL,IN,2024-04-13,VERIFIED
CUS011786,RETAIL,AE,2024-03-28,VERIFIED
CUS011787,SME,IN,2021-05-22,VERIFIED
CUS011788,RETAIL,AE,2024-03-03,VERIFIED
CUS011789,RETAIL,IN,2021-11-08,VERIFIED
CUS011790,RETAIL,SG,2022-10-23,VERIFIED
CUS011791,RETAIL,IN,2023-05-02,VERIFIED
CUS011792,RETAIL,AE,2022-01-04,VERIFIED
CUS011793,SME,IN,2024-12-09,VERIFIED
CUS011794,SME,IN,2022-02-24,VERIFIED
CUS011795,RETAIL,AE,2023-05-30,VERIFIED
CUS011796,RETAIL,IN,2021-10-29,VERIFIED
CUS011797,RETAIL,SG,2021-04-25,VERIFIED
CUS011798,RETAIL,IN,2022-03-15,VERIFIED
CUS011799,RETAIL,IN,2024-07-25,VERIFIED
CUS011800,RETAIL,IN,2021-04-05,VERIFIED
CUS011801,RETAIL,IN,2022-02-03,VERIFIED
CUS011802,RETAIL,IN,2024-12-07,VERIFIED
CUS011803,RETAIL,IN,2024-04-10,VERIFIED
CUS011804,RETAIL,SG,2021-03-20,VERIFIED
CUS011805,RETAIL,AE,2021-10-18,PENDING
CUS011806,RETAIL,IN,2023-06-08,VERIFIED
CUS011807,RETAIL,IN,2021-05-03,VERIFIED
CUS011808,RETAIL,IN,2023-03-05,VERIFIED
CUS011809,RETAIL,SG,2021-09-05,VERIFIED
CUS011810,RETAIL,IN,2022-10-16,VERIFIED
CUS011811,SME,SG,2022-06-22,VERIFIED
CUS011812,RETAIL,IN,2024-12-21,VERIFIED
CUS011813,RETAIL,IN,2021-04-14,VERIFIED
CUS011814,RETAIL,SG,2024-04-22,VERIFIED
CUS011815,RETAIL,IN,2024-03-09,VERIFIED
CUS011816,SME,IN,2023-04-18,VERIFIED
CUS011817,RETAIL,IN,2022-02-09,VERIFIED
CUS011818,RETAIL,IN,2022-01-20,VERIFIED
CUS011819,RETAIL,IN,2022-08-08,VERIFIED
CUS011820,RETAIL,AE,2021-09-01,VERIFIED
CUS011821,RETAIL,IN,2022-05-07,VERIFIED
CUS011822,RETAIL,IN,2024-06-09,VERIFIED
CUS011823,SME,IN,2021-12-31,VERIFIED
CUS011824,RETAIL,IN,2023-12-30,VERIFIED
CUS011825,RETAIL,AE,2023-01-05,VERIFIED
CUS011826,RETAIL,IN,2022-09-04,VERIFIED
CUS011827,RETAIL,IN,2023-07-03,VERIFIED
CUS011828,RETAIL,IN,2023-08-15,VERIFIED
CUS011829,RETAIL,AE,2023-12-23,VERIFIED
CUS011830,RETAIL,AE,2023-11-11,VERIFIED
CUS011831,RETAIL,IN,2021-03-23,VERIFIED
CUS011832,SME,IN,2023-07-15,VERIFIED
CUS011833,RETAIL,SG,2023-03-12,VERIFIED
CUS011834,RETAIL,SG,2022-04-25,VERIFIED
CUS011835,RETAIL,IN,2024-01-19,VERIFIED
CUS011836,RETAIL,SG,2024-03-29,VERIFIED
CUS011837,RETAIL,IN,2024-03-13,VERIFIED
CUS011838,RETAIL,IN,2024-10-07,VERIFIED
CUS011839,RETAIL,IN,2023-04-11,VERIFIED
CUS011840,RETAIL,IN,2024-12-28,VERIFIED
CUS011841,RETAIL,IN,2023-07-21,VERIFIED
CUS011842,RETAIL,IN,2022-12-26,VERIFIED
CUS011843,SME,SG,2024-01-06,VERIFIED
CUS011844,RETAIL,AE,2024-01-17,VERIFIED
CUS011845,RETAIL,IN,2022-09-14,VERIFIED
CUS011846,RETAIL,IN,2022-11-07,VERIFIED
CUS011847,RETAIL,SG,2021-12-24,VERIFIED
CUS011848,RETAIL,IN,2021-08-17,VERIFIED
CUS011849,RETAIL,IN,2024-01-20,PENDING
CUS011850,SME,SG,2023-11-17,VERIFIED
CUS011851,RETAIL,IN,2022-12-29,VERIFIED
CUS011852,RETAIL,IN,2024-04-20,VERIFIED
CUS011853,RETAIL,SG,2022-03-19,VERIFIED
CUS011854,SME,IN,2024-12-30,VERIFIED
CUS011855,RETAIL,IN,2023-08-06,VERIFIED
CUS011856,SME,SG,2021-03-30,VERIFIED
CUS011857,RETAIL,AE,2022-03-11,VERIFIED
CUS011858,RETAIL,IN,2023-01-09,VERIFIED
CUS011859,SME,SG,2024-12-27,VERIFIED
CUS011860,RETAIL,IN,2021-12-06,VERIFIED
CUS011861,RETAIL,IN,2023-04-18,VERIFIED
CUS011862,RETAIL,IN,2021-09-18,VERIFIED
CUS011863,RETAIL,IN,2021-12-31,VERIFIED
CUS011864,SME,IN,2021-03-10,VERIFIED
CUS011865,SME,SG,2024-07-20,VERIFIED
CUS011866,RETAIL,IN,2021-09-16,VERIFIED
CUS011867,RETAIL,AE,2022-04-11,VERIFIED
CUS011868,RETAIL,IN,2023-11-17,VERIFIED
CUS011869,RETAIL,AE,2021-10-07,PENDING
CUS011870,RETAIL,IN,2022-11-03,VERIFIED
CUS011871,RETAIL,IN,2022-06-23,VERIFIED
CUS011872,SME,SG,2021-04-25,VERIFIED
CUS011873,RETAIL,SG,2022-10-22,VERIFIED
CUS011874,RETAIL,IN,2022-07-30,VERIFIED
CUS011875,SME,IN,2021-09-08,VERIFIED
CUS011876,SME,IN,2022-01-21,VERIFIED
CUS011877,RETAIL,IN,2022-07-19,VERIFIED
CUS011878,RETAIL,IN,2021-07-12,VERIFIED
CUS011879,RETAIL,SG,2021-07-07,VERIFIED
CUS011880,RETAIL,IN,2022-08-26,VERIFIED
CUS011881,RETAIL,IN,2024-08-17,VERIFIED
CUS011882,RETAIL,IN,2022-05-08,PENDING
CUS011883,RETAIL,AE,2023-09-24,PENDING
CUS011884,RETAIL,IN,2022-10-01,VERIFIED
CUS011885,SME,IN,2023-07-24,VERIFIED
CUS011886,SME,IN,2023-09-15,VERIFIED
CUS011887,RETAIL,SG,2021-04-08,VERIFIED
CUS011888,RETAIL,IN,2024-01-19,VERIFIED
CUS011889,RETAIL,IN,2024-05-22,VERIFIED
CUS011890,RETAIL,IN,2022-07-30,VERIFIED
CUS011891,SME,AE,2022-07-14,VERIFIED
CUS011892,RETAIL,IN,2021-03-30,VERIFIED
CUS011893,RETAIL,IN,2024-10-13,VERIFIED
CUS011894,RETAIL,IN,2021-06-29,VERIFIED
CUS011895,RETAIL,IN,2021-10-14,VERIFIED
CUS011896,RETAIL,IN,2024-03-14,VERIFIED
CUS011897,RETAIL,IN,2021-11-12,VERIFIED
CUS011898,RETAIL,IN,2021-10-10,VERIFIED
CUS011899,RETAIL,IN,2024-07-25,VERIFIED
CUS011900,SME,IN,2024-12-03,VERIFIED
CUS011901,RETAIL,IN,2022-06-21,VERIFIED
CUS011902,RETAIL,IN,2022-09-29,VERIFIED
CUS011903,RETAIL,IN,2021-09-11,VERIFIED
CUS011904,SME,IN,2021-06-09,VERIFIED
CUS011905,RETAIL,IN,2024-08-09,VERIFIED
CUS011906,RETAIL,SG,2021-04-29,VERIFIED
CUS011907,RETAIL,AE,2021-09-25,VERIFIED
CUS011908,RETAIL,SG,2022-09-10,VERIFIED
CUS011909,SME,IN,2023-08-15,VERIFIED
CUS011910,RETAIL,AE,2022-08-02,VERIFIED
CUS011911,RETAIL,AE,2022-11-03,VERIFIED
CUS011912,SME,IN,2023-07-06,VERIFIED
CUS011913,RETAIL,IN,2024-09-14,VERIFIED
CUS011914,RETAIL,SG,2022-03-25,VERIFIED
CUS011915,RETAIL,AE,2023-11-01,VERIFIED
CUS011916,RETAIL,SG,2024-01-24,VERIFIED
CUS011917,SME,SG,2023-07-26,VERIFIED
CUS011918,RETAIL,IN,2024-11-15,VERIFIED
CUS011919,RETAIL,AE,2023-07-03,VERIFIED
CUS011920,SME,IN,2021-10-20,VERIFIED
CUS011921,RETAIL,IN,2022-03-15,VERIFIED
CUS011922,RETAIL,AE,2024-10-09,VERIFIED
CUS011923,RETAIL,IN,2023-09-27,VERIFIED
CUS011924,RETAIL,IN,2022-06-16,VERIFIED
CUS011925,RETAIL,IN,2021-06-08,VERIFIED
CUS011926,RETAIL,IN,2023-05-01,VERIFIED
CUS011927,RETAIL,IN,2021-03-20,VERIFIED
CUS011928,RETAIL,IN,2024-11-02,VERIFIED
CUS011929,RETAIL,IN,2021-07-07,VERIFIED
CUS011930,RETAIL,IN,2024-05-23,VERIFIED
CUS011931,RETAIL,IN,2022-03-17,VERIFIED
CUS011932,RETAIL,AE,2024-08-13,VERIFIED
CUS011933,RETAIL,IN,2021-03-18,VERIFIED
CUS011934,RETAIL,AE,2024-03-07,VERIFIED
CUS011935,SME,IN,2023-08-05,VERIFIED
CUS011936,SME,IN,2022-07-27,VERIFIED
CUS011937,RETAIL,SG,2024-10-23,VERIFIED
CUS011938,SME,SG,2022-10-26,VERIFIED
CUS011939,RETAIL,IN,2023-11-19,VERIFIED
CUS011940,SME,SG,2023-05-06,VERIFIED
CUS011941,SME,SG,2023-09-23,VERIFIED
CUS011942,RETAIL,IN,2021-10-09,VERIFIED
CUS011943,RETAIL,IN,2023-04-03,VERIFIED
CUS011944,RETAIL,IN,2022-02-12,VERIFIED
CUS011945,RETAIL,IN,2024-11-04,VERIFIED
CUS011946,RETAIL,AE,2022-05-22,VERIFIED
CUS011947,RETAIL,IN,2023-07-15,VERIFIED
CUS011948,RETAIL,SG,2022-09-16,VERIFIED
CUS011949,SME,SG,2021-10-04,VERIFIED
CUS011950,SME,AE,2022-05-03,VERIFIED
CUS011951,RETAIL,IN,2023-08-26,VERIFIED
CUS011952,RETAIL,IN,2024-02-19,VERIFIED
CUS011953,SME,IN,2021-08-08,VERIFIED
CUS011954,RETAIL,SG,2024-01-04,REJECTED
CUS011955,SME,IN,2024-11-13,VERIFIED
CUS011956,RETAIL,SG,2023-11-11,VERIFIED
CUS011957,RETAIL,IN,2024-12-18,VERIFIED
CUS011958,RETAIL,IN,2022-03-01,VERIFIED
CUS011959,RETAIL,AE,2021-08-05,VERIFIED
CUS011960,RETAIL,SG,2023-05-07,VERIFIED
CUS011961,SME,IN,2022-08-26,VERIFIED
CUS011962,RETAIL,SG,2021-04-29,VERIFIED
CUS011963,RETAIL,IN,2021-06-16,VERIFIED
CUS011964,RETAIL,SG,2024-11-06,VERIFIED
CUS011965,RETAIL,IN,2024-09-27,VERIFIED
CUS011966,RETAIL,IN,2023-07-15,VERIFIED
CUS011967,RETAIL,IN,2023-12-08,VERIFIED
CUS011968,RETAIL,IN,2024-05-30,VERIFIED
CUS011969,SME,SG,2024-06-04,VERIFIED
CUS011970,SME,IN,2021-11-16,VERIFIED
CUS011971,RETAIL,IN,2024-04-05,VERIFIED
CUS011972,RETAIL,IN,2023-03-02,VERIFIED
CUS011973,SME,IN,2024-10-31,VERIFIED
CUS011974,RETAIL,SG,2022-08-17,VERIFIED
CUS011975,RETAIL,IN,2022-03-01,VERIFIED
CUS011976,RETAIL,SG,2022-09-17,VERIFIED
CUS011977,RETAIL,AE,2023-11-30,VERIFIED
CUS011978,RETAIL,IN,2024-09-13,VERIFIED
CUS011979,RETAIL,SG,2023-06-21,VERIFIED
CUS011980,RETAIL,IN,2021-12-31,VERIFIED
CUS011981,RETAIL,IN,2024-07-18,VERIFIED
CUS011982,RETAIL,IN,2021-11-08,VERIFIED
CUS011983,RETAIL,IN,2021-07-03,VERIFIED
CUS011984,RETAIL,IN,2022-09-04,VERIFIED
CUS011985,RETAIL,IN,2021-10-08,VERIFIED
CUS011986,RETAIL,AE,2023-12-05,VERIFIED
CUS011987,RETAIL,IN,2022-08-16,VERIFIED
CUS011988,RETAIL,AE,2022-03-25,VERIFIED
CUS011989,RETAIL,IN,2022-04-07,VERIFIED
CUS011990,RETAIL,SG,2022-04-27,VERIFIED
CUS011991,SME,IN,2024-04-05,VERIFIED
CUS011992,RETAIL,IN,2021-07-04,VERIFIED
CUS011993,RETAIL,IN,2022-05-23,PENDING
CUS011994,RETAIL,AE,2024-07-21,VERIFIED
CUS011995,RETAIL,AE,2022-07-21,VERIFIED
CUS011996,SME,IN,2021-07-08,VERIFIED
CUS011997,RETAIL,SG,2024-11-29,VERIFIED
CUS011998,RETAIL,SG,2021-08-09,VERIFIED
CUS011999,RETAIL,IN,2023-09-27,VERIFIED
CUS012000,RETAIL,IN,2023-11-12,VERIFIED
CUS012001,RETAIL,SG,2023-02-19,VERIFIED
CUS012002,RETAIL,SG,2022-04-05,VERIFIED
CUS012003,RETAIL,IN,2024-08-10,VERIFIED
CUS012004,RETAIL,IN,2023-12-29,VERIFIED
CUS012005,SME,IN,2021-11-28,VERIFIED
CUS012006,SME,AE,2024-02-07,VERIFIED
CUS012007,RETAIL,IN,2023-08-31,VERIFIED
CUS012008,RETAIL,IN,2022-07-18,VERIFIED
CUS012009,RETAIL,IN,2024-01-17,VERIFIED
CUS012010,SME,SG,2024-10-23,VERIFIED
CUS012011,RETAIL,SG,2022-12-25,VERIFIED
CUS012012,RETAIL,IN,2024-08-19,VERIFIED
CUS012013,RETAIL,IN,2023-07-11,VERIFIED
CUS012014,RETAIL,SG,2022-06-22,REJECTED
CUS012015,RETAIL,IN,2022-03-03,VERIFIED
CUS012016,RETAIL,IN,2021-05-10,VERIFIED
CUS012017,RETAIL,AE,2021-08-30,VERIFIED
CUS012018,RETAIL,IN,2024-11-15,VERIFIED
CUS012019,RETAIL,IN,2023-02-20,VERIFIED
CUS012020,RETAIL,IN,2024-11-30,VERIFIED
CUS012021,RETAIL,SG,2021-12-07,PENDING
CUS012022,RETAIL,SG,2024-09-19,VERIFIED
CUS012023,SME,IN,2022-01-09,PENDING
CUS012024,RETAIL,SG,2024-12-30,VERIFIED
CUS012025,RETAIL,AE,2024-07-30,VERIFIED
CUS012026,SME,SG,2021-06-12,VERIFIED
CUS012027,RETAIL,IN,2024-04-16,VERIFIED
CUS012028,SME,IN,2023-03-10,VERIFIED
CUS012029,RETAIL,AE,2023-01-04,VERIFIED
CUS012030,RETAIL,IN,2022-05-09,VERIFIED
CUS012031,RETAIL,IN,2021-06-02,VERIFIED
CUS012032,RETAIL,IN,2023-05-30,VERIFIED
CUS012033,SME,SG,2022-09-10,VERIFIED
CUS012034,SME,IN,2021-03-07,VERIFIED
CUS012035,RETAIL,IN,2024-08-03,PENDING
CUS012036,RETAIL,SG,2023-03-02,VERIFIED
CUS012037,RETAIL,IN,2023-11-04,REJECTED
CUS012038,RETAIL,IN,2021-05-28,VERIFIED
CUS012039,RETAIL,IN,2022-08-25,VERIFIED
CUS012040,RETAIL,IN,2022-07-07,VERIFIED
CUS012041,RETAIL,AE,2024-04-14,VERIFIED
CUS012042,RETAIL,IN,2021-05-16,VERIFIED
CUS012043,RETAIL,AE,2024-09-29,REJECTED
CUS012044,RETAIL,IN,2023-02-08,VERIFIED
CUS012045,RETAIL,IN,2022-04-28,VERIFIED
CUS012046,RETAIL,IN,2021-08-20,VERIFIED
CUS012047,RETAIL,IN,2023-12-16,VERIFIED
CUS012048,RETAIL,IN,2023-09-22,VERIFIED
CUS012049,RETAIL,IN,2024-11-09,VERIFIED
CUS012050,SME,AE,2022-06-21,VERIFIED
CUS012051,RETAIL,IN,2024-04-01,VERIFIED
CUS012052,RETAIL,AE,2022-08-21,VERIFIED
CUS012053,RETAIL,IN,2024-09-05,VERIFIED
CUS012054,SME,IN,2023-02-20,VERIFIED
CUS012055,RETAIL,IN,2023-03-04,VERIFIED
CUS012056,RETAIL,IN,2023-01-30,VERIFIED
CUS012057,RETAIL,IN,2023-10-27,VERIFIED
CUS012058,RETAIL,IN,2024-05-08,VERIFIED
CUS012059,SME,IN,2022-01-11,VERIFIED
CUS012060,SME,SG,2021-07-13,PENDING
CUS012061,SME,IN,2023-12-11,VERIFIED
CUS012062,RETAIL,AE,2023-04-07,VERIFIED
CUS012063,RETAIL,IN,2024-08-02,VERIFIED
CUS012064,RETAIL,IN,2024-06-03,VERIFIED
CUS012065,SME,IN,2023-08-27,VERIFIED
CUS012066,RETAIL,IN,2022-04-21,REJECTED
CUS012067,RETAIL,AE,2022-06-04,VERIFIED
CUS012068,SME,AE,2022-03-20,VERIFIED
CUS012069,SME,IN,2024-08-30,VERIFIED
CUS012070,RETAIL,IN,2024-10-30,VERIFIED
CUS012071,RETAIL,SG,2023-12-13,VERIFIED
CUS012072,RETAIL,IN,2023-09-24,VERIFIED
CUS012073,RETAIL,IN,2023-01-13,VERIFIED
CUS012074,RETAIL,IN,2022-10-07,VERIFIED
CUS012075,RETAIL,IN,2024-04-13,VERIFIED
CUS012076,RETAIL,IN,2021-11-08,VERIFIED
CUS012077,SME,IN,2022-02-21,VERIFIED
CUS012078,SME,AE,2023-10-25,VERIFIED
CUS012079,SME,IN,2022-07-12,VERIFIED
CUS012080,SME,AE,2023-11-09,VERIFIED
CUS012081,RETAIL,SG,2024-10-09,PENDING
CUS012082,RETAIL,IN,2022-03-07,VERIFIED
CUS012083,RETAIL,IN,2024-09-03,VERIFIED
CUS012084,RETAIL,IN,2024-03-01,VERIFIED
CUS012085,RETAIL,SG,2023-11-04,VERIFIED
CUS012086,RETAIL,IN,2021-07-27,VERIFIED
CUS012087,SME,AE,2022-10-04,VERIFIED
CUS012088,RETAIL,IN,2021-12-22,PENDING
CUS012089,RETAIL,IN,2021-07-10,VERIFIED
CUS012090,RETAIL,IN,2021-07-31,VERIFIED
CUS012091,RETAIL,IN,2022-09-02,VERIFIED
CUS012092,RETAIL,SG,2023-08-25,VERIFIED
CUS012093,RETAIL,SG,2023-06-16,VERIFIED
CUS012094,RETAIL,IN,2024-05-14,VERIFIED
CUS012095,RETAIL,IN,2022-09-30,VERIFIED
CUS012096,RETAIL,IN,2022-10-05,VERIFIED
CUS012097,SME,SG,2021-04-11,VERIFIED
CUS012098,RETAIL,IN,2024-04-11,VERIFIED
CUS012099,RETAIL,IN,2022-02-07,VERIFIED
CUS012100,RETAIL,SG,2023-12-26,VERIFIED
CUS012101,RETAIL,IN,2024-09-13,VERIFIED
CUS012102,SME,IN,2023-06-21,VERIFIED
CUS012103,RETAIL,SG,2021-04-23,VERIFIED
CUS012104,SME,SG,2023-03-26,VERIFIED
CUS012105,SME,SG,2024-04-16,VERIFIED
CUS012106,RETAIL,IN,2023-10-08,VERIFIED
CUS012107,RETAIL,IN,2022-05-05,VERIFIED
CUS012108,SME,SG,2023-11-30,VERIFIED
CUS012109,SME,IN,2024-02-12,PENDING
CUS012110,RETAIL,IN,2024-01-22,VERIFIED
CUS012111,RETAIL,IN,2024-09-09,PENDING
CUS012112,RETAIL,IN,2022-05-11,VERIFIED
CUS012113,RETAIL,AE,2023-10-11,VERIFIED
CUS012114,RETAIL,IN,2023-10-31,VERIFIED
CUS012115,RETAIL,IN,2023-09-30,VERIFIED
CUS012116,RETAIL,AE,2022-05-05,VERIFIED
CUS012117,SME,AE,2021-08-27,VERIFIED
CUS012118,RETAIL,IN,2022-02-26,PENDING
CUS012119,SME,AE,2022-10-30,VERIFIED
CUS012120,RETAIL,IN,2022-04-08,VERIFIED
CUS012121,RETAIL,SG,2024-02-19,VERIFIED
CUS012122,SME,IN,2021-07-01,VERIFIED
CUS012123,RETAIL,IN,2022-08-28,VERIFIED
CUS012124,RETAIL,IN,2021-05-06,VERIFIED
CUS012125,SME,SG,2023-12-23,VERIFIED
CUS012126,SME,IN,2024-06-10,VERIFIED
CUS012127,SME,IN,2022-04-07,VERIFIED
CUS012128,RETAIL,SG,2023-10-11,VERIFIED
CUS012129,RETAIL,IN,2024-03-17,VERIFIED
CUS012130,RETAIL,AE,2021-12-26,VERIFIED
CUS012131,RETAIL,IN,2022-12-17,PENDING
CUS012132,SME,IN,2022-01-03,VERIFIED
CUS012133,RETAIL,IN,2024-01-26,VERIFIED
CUS012134,RETAIL,IN,2024-09-24,VERIFIED
CUS012135,RETAIL,IN,2023-06-08,VERIFIED
CUS012136,RETAIL,IN,2021-04-26,VERIFIED
CUS012137,RETAIL,SG,2022-10-04,VERIFIED
CUS012138,RETAIL,IN,2021-09-21,VERIFIED
CUS012139,RETAIL,IN,2021-10-09,VERIFIED
CUS012140,SME,SG,2021-07-23,VERIFIED
CUS012141,RETAIL,IN,2023-03-31,VERIFIED
CUS012142,RETAIL,SG,2024-03-21,VERIFIED
CUS012143,RETAIL,AE,2021-07-22,VERIFIED
CUS012144,RETAIL,IN,2023-01-31,VERIFIED
CUS012145,RETAIL,IN,2023-10-11,VERIFIED
CUS012146,RETAIL,AE,2023-04-26,VERIFIED
CUS012147,RETAIL,IN,2022-01-02,VERIFIED
CUS012148,SME,AE,2023-08-16,VERIFIED
CUS012149,SME,IN,2021-10-25,VERIFIED
CUS012150,SME,IN,2024-02-18,VERIFIED
CUS012151,RETAIL,IN,2023-10-15,VERIFIED
CUS012152,RETAIL,IN,2024-06-20,VERIFIED
CUS012153,RETAIL,AE,2021-08-31,VERIFIED
CUS012154,RETAIL,IN,2021-09-01,VERIFIED
CUS012155,RETAIL,AE,2024-03-18,VERIFIED
CUS012156,RETAIL,SG,2022-12-21,PENDING
CUS012157,RETAIL,AE,2021-12-20,VERIFIED
CUS012158,RETAIL,AE,2022-09-13,VERIFIED
CUS012159,RETAIL,IN,2022-07-13,VERIFIED
CUS012160,SME,AE,2024-01-01,VERIFIED
CUS012161,RETAIL,SG,2024-11-22,VERIFIED
CUS012162,RETAIL,IN,2021-06-02,VERIFIED
CUS012163,RETAIL,SG,2021-07-03,VERIFIED
CUS012164,RETAIL,IN,2021-06-01,VERIFIED
CUS012165,RETAIL,IN,2024-11-02,VERIFIED
CUS012166,SME,IN,2022-06-06,VERIFIED
CUS012167,RETAIL,IN,2024-01-16,VERIFIED
CUS012168,RETAIL,IN,2023-10-11,VERIFIED
CUS012169,SME,IN,2023-06-04,VERIFIED
CUS012170,RETAIL,SG,2024-02-11,VERIFIED
CUS012171,RETAIL,SG,2022-09-22,VERIFIED
CUS012172,RETAIL,AE,2022-09-21,VERIFIED
CUS012173,RETAIL,AE,2021-06-12,VERIFIED
CUS012174,RETAIL,AE,2021-10-23,VERIFIED
CUS012175,RETAIL,SG,2022-04-24,VERIFIED
CUS012176,RETAIL,IN,2021-04-19,VERIFIED
CUS012177,SME,AE,2023-05-13,VERIFIED
CUS012178,RETAIL,IN,2024-09-28,REJECTED
CUS012179,RETAIL,IN,2021-08-20,VERIFIED
CUS012180,SME,IN,2023-09-22,VERIFIED
CUS012181,RETAIL,IN,2023-04-18,VERIFIED
CUS012182,RETAIL,SG,2023-07-04,VERIFIED
CUS012183,RETAIL,IN,2021-07-06,VERIFIED
CUS012184,RETAIL,SG,2023-08-04,PENDING
CUS012185,SME,IN,2022-05-20,VERIFIED
CUS012186,RETAIL,IN,2022-06-12,VERIFIED
CUS012187,RETAIL,IN,2022-11-15,VERIFIED
CUS012188,RETAIL,IN,2022-11-27,VERIFIED
CUS012189,RETAIL,SG,2024-09-22,VERIFIED
CUS012190,RETAIL,IN,2021-08-03,VERIFIED
CUS012191,RETAIL,IN,2023-09-23,VERIFIED
CUS012192,RETAIL,IN,2024-02-25,VERIFIED
CUS012193,RETAIL,SG,2024-02-29,VERIFIED
CUS012194,RETAIL,AE,2023-06-22,VERIFIED
CUS012195,RETAIL,SG,2022-08-12,VERIFIED
CUS012196,RETAIL,IN,2022-12-06,VERIFIED
CUS012197,SME,AE,2021-10-20,VERIFIED
CUS012198,SME,IN,2021-11-15,VERIFIED
CUS012199,SME,IN,2023-09-20,VERIFIED
CUS012200,RETAIL,IN,2021-11-06,VERIFIED
CUS012201,RETAIL,IN,2022-05-23,VERIFIED
CUS012202,RETAIL,IN,2021-09-16,VERIFIED
CUS012203,SME,IN,2025-01-01,VERIFIED
CUS012204,SME,IN,2023-01-06,VERIFIED
CUS012205,RETAIL,IN,2022-08-10,VERIFIED
CUS012206,RETAIL,IN,2024-01-29,VERIFIED
CUS012207,RETAIL,IN,2022-06-29,VERIFIED
CUS012208,RETAIL,AE,2022-03-22,VERIFIED
CUS012209,RETAIL,SG,2024-06-21,VERIFIED
CUS012210,RETAIL,IN,2021-05-06,VERIFIED
CUS012211,RETAIL,IN,2021-05-18,VERIFIED
CUS012212,RETAIL,IN,2023-11-29,VERIFIED
CUS012213,RETAIL,IN,2024-03-28,VERIFIED
CUS012214,RETAIL,IN,2024-03-30,VERIFIED
CUS012215,RETAIL,IN,2024-11-11,VERIFIED
CUS012216,RETAIL,AE,2024-12-01,VERIFIED
CUS012217,RETAIL,SG,2023-10-22,VERIFIED
CUS012218,RETAIL,SG,2022-06-13,VERIFIED
CUS012219,RETAIL,IN,2022-05-24,VERIFIED
CUS012220,RETAIL,SG,2022-11-30,VERIFIED
CUS012221,RETAIL,SG,2022-07-06,VERIFIED
CUS012222,RETAIL,AE,2024-06-27,VERIFIED
CUS012223,RETAIL,SG,2021-03-11,VERIFIED
CUS012224,RETAIL,SG,2024-03-28,VERIFIED
CUS012225,RETAIL,SG,2023-08-07,VERIFIED
CUS012226,RETAIL,IN,2022-06-19,VERIFIED
CUS012227,RETAIL,IN,2024-07-07,VERIFIED
CUS012228,RETAIL,IN,2023-05-02,VERIFIED
CUS012229,RETAIL,IN,2021-06-04,VERIFIED
CUS012230,SME,IN,2024-02-10,VERIFIED
CUS012231,RETAIL,IN,2022-08-18,VERIFIED
CUS012232,RETAIL,IN,2022-09-06,VERIFIED
CUS012233,RETAIL,IN,2024-09-16,VERIFIED
CUS012234,RETAIL,AE,2024-10-20,VERIFIED
CUS012235,SME,IN,2024-06-11,VERIFIED
CUS012236,RETAIL,IN,2024-12-10,VERIFIED
CUS012237,RETAIL,IN,2022-12-19,VERIFIED
CUS012238,SME,IN,2024-01-02,VERIFIED
CUS012239,RETAIL,SG,2022-09-17,VERIFIED
CUS012240,RETAIL,SG,2023-11-23,VERIFIED
CUS012241,RETAIL,IN,2023-08-30,VERIFIED
CUS012242,RETAIL,IN,2024-08-08,VERIFIED
CUS012243,RETAIL,IN,2021-12-15,VERIFIED
CUS012244,RETAIL,SG,2024-07-25,VERIFIED
CUS012245,RETAIL,AE,2021-07-04,VERIFIED
CUS012246,RETAIL,AE,2024-05-12,VERIFIED
CUS012247,RETAIL,IN,2021-03-17,VERIFIED
CUS012248,RETAIL,SG,2022-03-24,PENDING
CUS012249,RETAIL,SG,2021-11-06,VERIFIED
CUS012250,RETAIL,AE,2021-11-30,VERIFIED
CUS012251,RETAIL,IN,2023-04-19,VERIFIED
CUS012252,SME,IN,2024-04-22,VERIFIED
CUS012253,RETAIL,IN,2022-05-30,VERIFIED
CUS012254,RETAIL,IN,2022-06-27,VERIFIED
CUS012255,RETAIL,SG,2021-11-28,VERIFIED
CUS012256,RETAIL,IN,2024-02-09,VERIFIED
CUS012257,RETAIL,IN,2021-11-12,VERIFIED
CUS012258,RETAIL,AE,2021-08-18,VERIFIED
CUS012259,RETAIL,IN,2022-03-15,VERIFIED
CUS012260,RETAIL,AE,2023-12-22,VERIFIED
CUS012261,SME,SG,2024-01-22,VERIFIED
CUS012262,RETAIL,AE,2024-07-04,VERIFIED
CUS012263,RETAIL,SG,2021-10-28,VERIFIED
CUS012264,RETAIL,IN,2023-04-28,VERIFIED
CUS012265,RETAIL,IN,2023-10-30,PENDING
CUS012266,RETAIL,AE,2024-05-31,REJECTED
CUS012267,RETAIL,IN,2023-02-10,VERIFIED
CUS012268,SME,IN,2024-03-30,VERIFIED
CUS012269,RETAIL,IN,2021-10-19,VERIFIED
CUS012270,RETAIL,IN,2023-09-15,VERIFIED
CUS012271,RETAIL,IN,2023-04-18,VERIFIED
CUS012272,RETAIL,IN,2022-06-21,VERIFIED
CUS012273,RETAIL,IN,2022-04-29,PENDING
CUS012274,RETAIL,SG,2024-07-22,VERIFIED
CUS012275,SME,IN,2024-09-17,VERIFIED
CUS012276,RETAIL,IN,2023-12-01,VERIFIED
CUS012277,SME,IN,2022-02-21,VERIFIED
CUS012278,SME,IN,2021-09-18,VERIFIED
CUS012279,SME,IN,2021-04-11,VERIFIED
CUS012280,RETAIL,IN,2023-12-15,VERIFIED
CUS012281,RETAIL,SG,2022-01-28,VERIFIED
CUS012282,RETAIL,IN,2024-05-11,PENDING
CUS012283,RETAIL,SG,2024-04-12,VERIFIED
CUS012284,RETAIL,IN,2022-12-16,VERIFIED
CUS012285,RETAIL,IN,2024-08-18,VERIFIED
CUS012286,RETAIL,IN,2024-11-16,VERIFIED
CUS012287,RETAIL,AE,2021-03-10,VERIFIED
CUS012288,RETAIL,IN,2021-12-03,PENDING
CUS012289,RETAIL,IN,2022-05-31,VERIFIED
CUS012290,RETAIL,IN,2024-02-25,VERIFIED
CUS012291,SME,IN,2024-09-17,VERIFIED
CUS012292,RETAIL,SG,2024-06-29,VERIFIED
CUS012293,RETAIL,AE,2023-05-22,VERIFIED
CUS012294,RETAIL,IN,2021-11-27,VERIFIED
CUS012295,RETAIL,IN,2022-09-23,VERIFIED
CUS012296,RETAIL,IN,2021-10-10,VERIFIED
CUS012297,RETAIL,AE,2021-07-09,VERIFIED
CUS012298,SME,IN,2022-03-10,VERIFIED
CUS012299,RETAIL,IN,2024-08-15,VERIFIED
CUS012300,RETAIL,AE,2024-02-08,VERIFIED
CUS012301,RETAIL,AE,2023-09-17,VERIFIED
CUS012302,RETAIL,IN,2022-12-26,VERIFIED
CUS012303,RETAIL,IN,2021-12-18,VERIFIED
CUS012304,SME,SG,2021-04-16,VERIFIED
CUS012305,RETAIL,SG,2021-03-27,VERIFIED
CUS012306,RETAIL,IN,2023-03-05,VERIFIED
CUS012307,SME,IN,2021-03-15,VERIFIED
CUS012308,RETAIL,IN,2021-05-13,VERIFIED
CUS012309,SME,IN,2024-05-13,VERIFIED
CUS012310,RETAIL,IN,2022-05-31,VERIFIED
CUS012311,RETAIL,SG,2023-04-28,VERIFIED
CUS012312,RETAIL,IN,2021-10-07,VERIFIED
CUS012313,SME,IN,2021-09-04,VERIFIED
CUS012314,SME,AE,2024-04-07,VERIFIED
CUS012315,RETAIL,IN,2022-09-09,VERIFIED
CUS012316,RETAIL,IN,2021-06-14,VERIFIED
CUS012317,RETAIL,AE,2022-06-12,VERIFIED
CUS012318,RETAIL,IN,2021-09-25,VERIFIED
CUS012319,RETAIL,AE,2022-03-26,VERIFIED
CUS012320,RETAIL,IN,2021-12-29,VERIFIED
CUS012321,RETAIL,IN,2021-10-03,VERIFIED
CUS012322,RETAIL,SG,2021-05-25,VERIFIED
CUS012323,RETAIL,IN,2024-03-30,VERIFIED
CUS012324,RETAIL,IN,2021-12-24,VERIFIED
CUS012325,RETAIL,IN,2023-07-14,VERIFIED
CUS012326,RETAIL,IN,2022-10-17,VERIFIED
CUS012327,SME,IN,2022-06-26,VERIFIED
CUS012328,RETAIL,SG,2022-07-08,VERIFIED
CUS012329,SME,IN,2024-04-01,VERIFIED
CUS012330,RETAIL,IN,2021-11-09,VERIFIED
CUS012331,RETAIL,IN,2022-04-06,REJECTED
CUS012332,RETAIL,IN,2022-02-18,VERIFIED
CUS012333,RETAIL,IN,2022-08-22,VERIFIED
CUS012334,RETAIL,IN,2022-09-26,VERIFIED
CUS012335,RETAIL,SG,2023-12-10,VERIFIED
CUS012336,RETAIL,IN,2022-09-17,VERIFIED
CUS012337,RETAIL,IN,2023-12-05,PENDING
CUS012338,RETAIL,SG,2021-08-18,VERIFIED
CUS012339,RETAIL,IN,2024-10-23,VERIFIED
CUS012340,RETAIL,IN,2024-12-19,VERIFIED
CUS012341,RETAIL,SG,2022-03-18,VERIFIED
CUS012342,RETAIL,SG,2022-04-02,VERIFIED
CUS012343,SME,IN,2022-11-10,VERIFIED
CUS012344,RETAIL,IN,2022-11-02,VERIFIED
CUS012345,RETAIL,IN,2024-11-14,VERIFIED
CUS012346,RETAIL,IN,2021-10-16,VERIFIED
CUS012347,SME,IN,2021-10-03,REJECTED
CUS012348,RETAIL,SG,2024-03-20,VERIFIED
CUS012349,SME,SG,2024-12-11,REJECTED
CUS012350,RETAIL,AE,2022-12-28,VERIFIED
CUS012351,RETAIL,IN,2024-01-14,VERIFIED
CUS012352,RETAIL,IN,2024-07-07,VERIFIED
CUS012353,RETAIL,IN,2024-07-28,VERIFIED
CUS012354,RETAIL,IN,2022-06-23,VERIFIED
CUS012355,RETAIL,IN,2023-08-18,VERIFIED
CUS012356,RETAIL,AE,2022-01-28,VERIFIED
CUS012357,RETAIL,IN,2023-10-19,VERIFIED
CUS012358,RETAIL,IN,2022-08-13,PENDING
CUS012359,RETAIL,IN,2023-12-18,VERIFIED
CUS012360,SME,AE,2022-11-17,VERIFIED
CUS012361,RETAIL,IN,2022-04-29,VERIFIED
CUS012362,RETAIL,SG,2023-09-09,VERIFIED
CUS012363,RETAIL,SG,2021-08-07,VERIFIED
CUS012364,SME,IN,2022-07-21,VERIFIED
CUS012365,RETAIL,IN,2024-03-25,VERIFIED
CUS012366,RETAIL,IN,2021-07-22,PENDING
CUS012367,RETAIL,IN,2023-02-03,VERIFIED
CUS012368,RETAIL,IN,2022-03-29,VERIFIED
CUS012369,RETAIL,IN,2023-09-05,VERIFIED
CUS012370,RETAIL,SG,2024-11-30,VERIFIED
CUS012371,RETAIL,SG,2022-11-05,VERIFIED
CUS012372,RETAIL,IN,2023-01-20,VERIFIED
CUS012373,RETAIL,IN,2022-03-25,VERIFIED
CUS012374,RETAIL,IN,2022-03-08,VERIFIED
CUS012375,RETAIL,IN,2022-05-14,VERIFIED
CUS012376,RETAIL,SG,2023-01-27,VERIFIED
CUS012377,RETAIL,IN,2024-12-24,VERIFIED
CUS012378,RETAIL,SG,2022-09-27,VERIFIED
CUS012379,SME,IN,2021-05-13,VERIFIED
CUS012380,RETAIL,SG,2021-07-05,VERIFIED
CUS012381,RETAIL,IN,2024-09-10,PENDING
CUS012382,RETAIL,IN,2021-08-27,VERIFIED
CUS012383,RETAIL,SG,2024-06-13,VERIFIED
CUS012384,RETAIL,IN,2024-09-10,VERIFIED
CUS012385,RETAIL,IN,2024-11-26,VERIFIED
CUS012386,RETAIL,AE,2023-01-18,VERIFIED
CUS012387,SME,IN,2024-04-29,VERIFIED
CUS012388,SME,IN,2022-08-14,VERIFIED
CUS012389,SME,IN,2023-03-20,PENDING
CUS012390,RETAIL,IN,2021-09-27,VERIFIED
CUS012391,SME,IN,2024-03-13,VERIFIED
CUS012392,RETAIL,AE,2023-12-27,VERIFIED
CUS012393,RETAIL,IN,2023-01-08,VERIFIED
CUS012394,RETAIL,IN,2024-06-20,VERIFIED
CUS012395,RETAIL,IN,2023-04-01,VERIFIED
CUS012396,RETAIL,IN,2022-09-18,VERIFIED
CUS012397,RETAIL,SG,2022-08-21,VERIFIED
CUS012398,RETAIL,IN,2023-03-19,VERIFIED
CUS012399,RETAIL,IN,2024-08-13,VERIFIED
CUS012400,RETAIL,IN,2024-01-07,VERIFIED
CUS012401,SME,SG,2024-09-24,VERIFIED
CUS012402,RETAIL,IN,2021-05-22,VERIFIED
CUS012403,RETAIL,IN,2022-10-11,VERIFIED
CUS012404,RETAIL,AE,2023-10-15,PENDING
CUS012405,SME,IN,2023-11-06,VERIFIED
CUS012406,RETAIL,IN,2024-10-16,VERIFIED
CUS012407,RETAIL,SG,2023-03-11,VERIFIED
CUS012408,SME,AE,2024-10-11,VERIFIED
CUS012409,RETAIL,IN,2022-04-25,VERIFIED
CUS012410,RETAIL,AE,2024-03-26,VERIFIED
CUS012411,RETAIL,IN,2024-08-14,VERIFIED
CUS012412,RETAIL,AE,2024-07-22,VERIFIED
CUS012413,SME,IN,2024-11-23,REJECTED
CUS012414,SME,IN,2023-06-29,VERIFIED
CUS012415,RETAIL,IN,2024-10-11,VERIFIED
CUS012416,RETAIL,SG,2024-09-11,VERIFIED
CUS012417,SME,AE,2024-03-01,VERIFIED
CUS012418,RETAIL,IN,2022-11-08,PENDING
CUS012419,RETAIL,IN,2024-02-28,VERIFIED
CUS012420,SME,IN,2023-06-10,VERIFIED
CUS012421,RETAIL,IN,2023-05-11,VERIFIED
CUS012422,RETAIL,SG,2022-09-17,VERIFIED
CUS012423,RETAIL,IN,2024-10-28,VERIFIED
CUS012424,RETAIL,AE,2021-03-19,VERIFIED
CUS012425,RETAIL,AE,2024-08-25,VERIFIED
CUS012426,RETAIL,IN,2021-03-15,VERIFIED
CUS012427,RETAIL,IN,2023-11-29,VERIFIED
CUS012428,RETAIL,AE,2023-05-29,VERIFIED
CUS012429,SME,AE,2024-09-30,VERIFIED
CUS012430,SME,SG,2023-08-07,VERIFIED
CUS012431,RETAIL,IN,2021-07-23,VERIFIED
CUS012432,RETAIL,IN,2022-05-23,VERIFIED
CUS012433,RETAIL,SG,2022-08-13,VERIFIED
CUS012434,RETAIL,IN,2023-08-06,VERIFIED
CUS012435,RETAIL,SG,2021-06-15,VERIFIED
CUS012436,RETAIL,SG,2022-01-08,VERIFIED
CUS012437,SME,IN,2024-01-15,VERIFIED
CUS012438,SME,IN,2022-09-12,PENDING
CUS012439,RETAIL,IN,2023-06-26,VERIFIED
CUS012440,SME,AE,2024-03-28,VERIFIED
CUS012441,RETAIL,IN,2022-06-28,VERIFIED
CUS012442,RETAIL,IN,2023-06-01,VERIFIED
CUS012443,RETAIL,AE,2024-08-18,VERIFIED
CUS012444,SME,SG,2021-09-10,VERIFIED
CUS012445,RETAIL,IN,2022-09-06,VERIFIED
CUS012446,RETAIL,SG,2022-11-19,VERIFIED
CUS012447,RETAIL,IN,2021-03-04,VERIFIED
CUS012448,RETAIL,AE,2022-04-14,VERIFIED
CUS012449,RETAIL,AE,2021-04-02,VERIFIED
CUS012450,RETAIL,IN,2022-04-14,VERIFIED
CUS012451,SME,IN,2024-05-09,VERIFIED
CUS012452,RETAIL,IN,2023-02-26,VERIFIED
CUS012453,RETAIL,SG,2023-01-20,VERIFIED
CUS012454,RETAIL,SG,2023-11-15,VERIFIED
CUS012455,RETAIL,IN,2023-10-27,VERIFIED
CUS012456,RETAIL,AE,2022-09-20,VERIFIED
CUS012457,RETAIL,IN,2023-06-05,VERIFIED
CUS012458,RETAIL,SG,2024-07-27,VERIFIED
CUS012459,RETAIL,SG,2022-10-11,VERIFIED
CUS012460,SME,IN,2022-09-18,VERIFIED
CUS012461,RETAIL,IN,2021-11-15,VERIFIED
CUS012462,RETAIL,SG,2024-08-11,PENDING
CUS012463,RETAIL,SG,2023-04-02,VERIFIED
CUS012464,RETAIL,IN,2021-07-19,VERIFIED
CUS012465,RETAIL,SG,2023-12-28,VERIFIED
CUS012466,RETAIL,IN,2022-02-25,VERIFIED
CUS012467,RETAIL,IN,2023-09-08,VERIFIED
CUS012468,RETAIL,SG,2024-04-23,VERIFIED
CUS012469,RETAIL,IN,2022-04-12,VERIFIED
CUS012470,RETAIL,SG,2021-12-30,VERIFIED
CUS012471,RETAIL,IN,2021-07-01,VERIFIED
CUS012472,RETAIL,IN,2022-03-22,VERIFIED
CUS012473,RETAIL,IN,2023-10-30,VERIFIED
CUS012474,RETAIL,IN,2022-03-19,VERIFIED
CUS012475,RETAIL,IN,2024-11-17,VERIFIED
CUS012476,RETAIL,SG,2023-09-20,VERIFIED
CUS012477,RETAIL,IN,2024-03-09,VERIFIED
CUS012478,RETAIL,AE,2023-01-01,VERIFIED
CUS012479,RETAIL,IN,2022-05-11,VERIFIED
CUS012480,SME,IN,2022-10-04,VERIFIED
CUS012481,RETAIL,AE,2024-04-23,VERIFIED
CUS012482,RETAIL,IN,2023-07-24,VERIFIED
CUS012483,RETAIL,IN,2024-08-28,VERIFIED
CUS012484,RETAIL,SG,2022-11-09,VERIFIED
CUS012485,SME,AE,2022-02-26,VERIFIED
CUS012486,SME,IN,2024-01-26,VERIFIED
CUS012487,RETAIL,IN,2022-12-24,VERIFIED
CUS012488,RETAIL,AE,2021-08-26,VERIFIED
CUS012489,SME,IN,2024-07-25,VERIFIED
CUS012490,RETAIL,SG,2021-04-28,VERIFIED
CUS012491,SME,IN,2023-09-25,VERIFIED
CUS012492,RETAIL,IN,2023-10-02,VERIFIED
CUS012493,RETAIL,SG,2022-04-08,VERIFIED
CUS012494,RETAIL,AE,2023-09-10,PENDING
CUS012495,RETAIL,IN,2023-06-13,VERIFIED
CUS012496,RETAIL,IN,2024-03-05,VERIFIED
CUS012497,RETAIL,SG,2024-06-27,VERIFIED
CUS012498,SME,IN,2021-09-09,VERIFIED
CUS012499,RETAIL,AE,2024-08-18,VERIFIED
CUS012500,RETAIL,IN,2024-05-18,VERIFIED
CUS012501,RETAIL,IN,2021-11-04,VERIFIED
CUS012502,RETAIL,AE,2021-12-10,VERIFIED
CUS012503,RETAIL,AE,2024-03-06,REJECTED
CUS012504,RETAIL,IN,2021-10-24,VERIFIED
CUS012505,RETAIL,SG,2022-03-23,VERIFIED
CUS012506,SME,IN,2023-10-17,PENDING
CUS012507,SME,IN,2024-09-13,VERIFIED
CUS012508,RETAIL,IN,2022-01-10,VERIFIED
CUS012509,RETAIL,AE,2022-05-25,VERIFIED
CUS012510,RETAIL,IN,2023-04-08,VERIFIED
CUS012511,RETAIL,IN,2023-12-15,VERIFIED
CUS012512,RETAIL,SG,2023-09-02,PENDING
CUS012513,SME,IN,2023-12-16,VERIFIED
CUS012514,SME,IN,2021-07-31,VERIFIED
CUS012515,RETAIL,IN,2024-03-22,VERIFIED
CUS012516,RETAIL,SG,2023-04-08,VERIFIED
CUS012517,RETAIL,SG,2022-07-19,VERIFIED
CUS012518,RETAIL,SG,2024-10-16,PENDING
CUS012519,RETAIL,IN,2023-01-30,PENDING
CUS012520,RETAIL,IN,2022-07-28,VERIFIED
CUS012521,SME,SG,2022-12-25,VERIFIED
CUS012522,RETAIL,IN,2022-06-25,VERIFIED
CUS012523,RETAIL,IN,2023-02-18,VERIFIED
CUS012524,RETAIL,IN,2022-07-28,VERIFIED
CUS012525,RETAIL,IN,2021-04-04,VERIFIED
CUS012526,RETAIL,IN,2023-08-16,VERIFIED
CUS012527,SME,AE,2023-08-21,VERIFIED
CUS012528,RETAIL,IN,2022-05-27,VERIFIED
CUS012529,SME,IN,2024-08-29,VERIFIED
CUS012530,RETAIL,IN,2023-11-21,VERIFIED
CUS012531,SME,IN,2024-05-13,VERIFIED
CUS012532,RETAIL,IN,2023-03-23,VERIFIED
CUS012533,RETAIL,AE,2024-07-15,PENDING
CUS012534,RETAIL,IN,2024-03-04,VERIFIED
CUS012535,RETAIL,SG,2023-05-17,VERIFIED
CUS012536,RETAIL,IN,2022-08-27,VERIFIED
CUS012537,RETAIL,IN,2023-05-10,VERIFIED
CUS012538,RETAIL,AE,2021-11-24,VERIFIED
CUS012539,RETAIL,SG,2021-12-09,VERIFIED
CUS012540,RETAIL,SG,2024-08-18,PENDING
CUS012541,RETAIL,AE,2022-05-04,VERIFIED
CUS012542,RETAIL,AE,2024-11-25,VERIFIED
CUS012543,RETAIL,IN,2024-05-04,VERIFIED
CUS012544,SME,IN,2022-02-01,VERIFIED
CUS012545,RETAIL,IN,2022-10-09,VERIFIED
CUS012546,SME,AE,2023-10-07,VERIFIED
CUS012547,SME,IN,2024-05-31,VERIFIED
CUS012548,RETAIL,IN,2023-10-06,VERIFIED
CUS012549,RETAIL,IN,2022-01-06,PENDING
CUS012550,RETAIL,IN,2022-11-03,VERIFIED
CUS012551,SME,IN,2024-07-03,VERIFIED
CUS012552,RETAIL,IN,2023-02-20,VERIFIED
CUS012553,RETAIL,IN,2024-03-26,VERIFIED
CUS012554,RETAIL,SG,2024-07-15,VERIFIED
CUS012555,RETAIL,IN,2024-09-02,VERIFIED
CUS012556,RETAIL,IN,2022-02-02,VERIFIED
CUS012557,RETAIL,IN,2024-05-22,VERIFIED
CUS012558,SME,IN,2024-04-30,VERIFIED
CUS012559,RETAIL,IN,2021-09-07,VERIFIED
CUS012560,RETAIL,IN,2021-11-02,VERIFIED
CUS012561,RETAIL,IN,2023-01-29,VERIFIED
CUS012562,RETAIL,SG,2022-01-27,VERIFIED
CUS012563,RETAIL,IN,2024-11-30,PENDING
CUS012564,RETAIL,IN,2024-05-12,VERIFIED
CUS012565,SME,IN,2023-08-26,VERIFIED
CUS012566,RETAIL,IN,2022-02-05,VERIFIED
CUS012567,RETAIL,IN,2024-08-28,VERIFIED
CUS012568,SME,IN,2022-06-21,VERIFIED
CUS012569,RETAIL,IN,2024-09-25,VERIFIED
CUS012570,RETAIL,IN,2021-03-29,VERIFIED
CUS012571,RETAIL,AE,2024-03-15,VERIFIED
CUS012572,RETAIL,IN,2022-04-11,VERIFIED
CUS012573,RETAIL,IN,2022-08-14,VERIFIED
CUS012574,RETAIL,IN,2023-07-05,VERIFIED
CUS012575,RETAIL,IN,2022-01-29,VERIFIED
CUS012576,RETAIL,SG,2022-08-17,VERIFIED
CUS012577,SME,IN,2023-04-12,VERIFIED
CUS012578,RETAIL,IN,2022-06-20,VERIFIED
CUS012579,RETAIL,AE,2023-11-27,VERIFIED
CUS012580,RETAIL,IN,2022-02-23,VERIFIED
CUS012581,RETAIL,IN,2022-04-27,VERIFIED
CUS012582,RETAIL,IN,2023-03-17,VERIFIED
CUS012583,RETAIL,AE,2022-06-25,VERIFIED
CUS012584,RETAIL,IN,2021-10-31,VERIFIED
CUS012585,SME,SG,2022-07-18,VERIFIED
CUS012586,RETAIL,IN,2023-11-27,VERIFIED
CUS012587,RETAIL,SG,2023-12-11,VERIFIED
CUS012588,RETAIL,IN,2021-04-24,VERIFIED
CUS012589,RETAIL,IN,2021-11-27,VERIFIED
CUS012590,RETAIL,IN,2023-10-25,VERIFIED
CUS012591,RETAIL,IN,2022-04-04,VERIFIED
CUS012592,RETAIL,IN,2024-11-10,VERIFIED
CUS012593,RETAIL,SG,2022-05-08,VERIFIED
CUS012594,SME,SG,2024-03-27,VERIFIED
CUS012595,RETAIL,AE,2023-10-24,VERIFIED
CUS012596,RETAIL,AE,2021-06-13,VERIFIED
CUS012597,RETAIL,IN,2024-06-21,VERIFIED
CUS012598,RETAIL,SG,2021-12-22,PENDING
CUS012599,RETAIL,IN,2023-06-17,VERIFIED
CUS012600,RETAIL,AE,2023-04-27,VERIFIED
CUS012601,RETAIL,IN,2023-03-27,VERIFIED
CUS012602,RETAIL,IN,2021-07-14,VERIFIED
CUS012603,RETAIL,IN,2023-02-01,VERIFIED
CUS012604,RETAIL,SG,2024-01-22,VERIFIED
CUS012605,RETAIL,AE,2024-12-22,PENDING
CUS012606,RETAIL,SG,2024-02-10,VERIFIED
CUS012607,RETAIL,IN,2024-05-25,VERIFIED
CUS012608,RETAIL,IN,2024-07-05,VERIFIED
CUS012609,SME,AE,2021-03-13,VERIFIED
CUS012610,RETAIL,SG,2023-04-23,VERIFIED
CUS012611,RETAIL,IN,2021-03-05,VERIFIED
CUS012612,RETAIL,IN,2023-01-13,VERIFIED
CUS012613,RETAIL,SG,2024-03-01,VERIFIED
CUS012614,RETAIL,SG,2024-06-12,VERIFIED
CUS012615,RETAIL,IN,2022-02-03,VERIFIED
CUS012616,RETAIL,AE,2024-07-25,VERIFIED
CUS012617,SME,AE,2024-10-21,VERIFIED
CUS012618,RETAIL,IN,2023-07-05,VERIFIED
CUS012619,SME,IN,2023-10-18,VERIFIED
CUS012620,RETAIL,IN,2024-02-11,REJECTED
CUS012621,RETAIL,SG,2023-01-13,VERIFIED
CUS012622,RETAIL,IN,2022-10-21,VERIFIED
CUS012623,RETAIL,AE,2023-05-05,VERIFIED
CUS012624,RETAIL,IN,2022-12-29,VERIFIED
CUS012625,SME,IN,2022-06-11,VERIFIED
CUS012626,RETAIL,AE,2024-05-19,VERIFIED
CUS012627,SME,AE,2023-08-03,VERIFIED
CUS012628,RETAIL,IN,2024-12-14,PENDING
CUS012629,RETAIL,IN,2021-04-16,VERIFIED
CUS012630,RETAIL,IN,2022-07-14,VERIFIED
CUS012631,RETAIL,IN,2021-12-04,VERIFIED
CUS012632,RETAIL,IN,2022-01-15,VERIFIED
CUS012633,RETAIL,IN,2024-12-24,PENDING
CUS012634,SME,IN,2023-02-18,PENDING
CUS012635,RETAIL,SG,2021-09-02,VERIFIED
CUS012636,RETAIL,SG,2022-10-19,VERIFIED
CUS012637,RETAIL,SG,2022-09-18,PENDING
CUS012638,RETAIL,IN,2021-04-26,VERIFIED
CUS012639,RETAIL,IN,2022-02-17,REJECTED
CUS012640,RETAIL,IN,2022-01-23,VERIFIED
CUS012641,RETAIL,AE,2021-12-10,VERIFIED
CUS012642,SME,IN,2023-09-22,VERIFIED
CUS012643,SME,IN,2021-04-10,VERIFIED
CUS012644,RETAIL,IN,2021-09-29,VERIFIED
CUS012645,RETAIL,AE,2024-11-16,VERIFIED
CUS012646,RETAIL,IN,2022-11-26,VERIFIED
CUS012647,RETAIL,IN,2024-01-21,VERIFIED
CUS012648,RETAIL,AE,2023-01-02,VERIFIED
CUS012649,RETAIL,IN,2021-11-27,VERIFIED
CUS012650,RETAIL,IN,2022-05-09,VERIFIED
CUS012651,RETAIL,IN,2021-12-09,VERIFIED
CUS012652,RETAIL,AE,2023-05-11,VERIFIED
CUS012653,RETAIL,SG,2024-09-15,VERIFIED
CUS012654,RETAIL,IN,2021-08-17,VERIFIED
CUS012655,RETAIL,AE,2024-09-13,VERIFIED
CUS012656,RETAIL,SG,2024-05-12,VERIFIED
CUS012657,RETAIL,IN,2022-03-27,VERIFIED
CUS012658,RETAIL,IN,2023-05-22,VERIFIED
CUS012659,RETAIL,IN,2023-03-06,VERIFIED
CUS012660,RETAIL,SG,2024-10-03,VERIFIED
CUS012661,SME,IN,2024-05-07,VERIFIED
CUS012662,SME,AE,2022-04-20,VERIFIED
CUS012663,RETAIL,IN,2022-11-01,VERIFIED
CUS012664,SME,SG,2023-12-20,VERIFIED
CUS012665,RETAIL,IN,2023-06-21,VERIFIED
CUS012666,RETAIL,SG,2023-05-17,VERIFIED
CUS012667,RETAIL,IN,2021-06-19,VERIFIED
CUS012668,RETAIL,IN,2021-08-10,VERIFIED
CUS012669,RETAIL,IN,2023-03-02,VERIFIED
CUS012670,SME,IN,2024-04-16,VERIFIED
CUS012671,RETAIL,IN,2022-10-30,VERIFIED
CUS012672,RETAIL,SG,2024-12-29,VERIFIED
CUS012673,RETAIL,IN,2022-07-11,VERIFIED
CUS012674,SME,IN,2022-10-15,VERIFIED
CUS012675,RETAIL,IN,2021-07-23,VERIFIED
CUS012676,SME,IN,2023-04-30,VERIFIED
CUS012677,RETAIL,IN,2022-11-07,VERIFIED
CUS012678,RETAIL,IN,2024-10-17,VERIFIED
CUS012679,RETAIL,IN,2021-11-04,VERIFIED
CUS012680,RETAIL,AE,2023-11-14,VERIFIED
CUS012681,RETAIL,IN,2022-02-06,VERIFIED
CUS012682,RETAIL,SG,2024-02-02,VERIFIED
CUS012683,RETAIL,SG,2023-09-03,VERIFIED
CUS012684,RETAIL,SG,2024-01-03,VERIFIED
CUS012685,RETAIL,IN,2021-07-23,PENDING
CUS012686,RETAIL,AE,2021-12-23,VERIFIED
CUS012687,RETAIL,IN,2022-04-22,PENDING
CUS012688,RETAIL,AE,2023-11-02,VERIFIED
CUS012689,RETAIL,IN,2022-03-11,VERIFIED
CUS012690,SME,SG,2023-02-16,VERIFIED
CUS012691,RETAIL,AE,2022-04-07,VERIFIED
CUS012692,RETAIL,AE,2023-12-27,PENDING
CUS012693,SME,IN,2022-12-08,VERIFIED
CUS012694,SME,AE,2021-05-12,VERIFIED
CUS012695,SME,IN,2024-09-14,VERIFIED
CUS012696,RETAIL,SG,2022-01-14,VERIFIED
CUS012697,RETAIL,IN,2022-04-30,VERIFIED
CUS012698,SME,SG,2023-05-20,VERIFIED
CUS012699,RETAIL,IN,2021-07-08,VERIFIED
CUS012700,RETAIL,IN,2022-03-21,VERIFIED
CUS012701,SME,IN,2022-12-25,VERIFIED
CUS012702,SME,IN,2023-10-19,VERIFIED
CUS012703,RETAIL,IN,2022-05-16,VERIFIED
CUS012704,RETAIL,AE,2024-09-08,VERIFIED
CUS012705,SME,SG,2024-01-08,VERIFIED
CUS012706,RETAIL,SG,2023-05-10,VERIFIED
CUS012707,RETAIL,SG,2024-02-22,VERIFIED
CUS012708,RETAIL,IN,2022-11-03,VERIFIED
CUS012709,RETAIL,IN,2021-08-30,VERIFIED
CUS012710,RETAIL,IN,2023-08-31,VERIFIED
CUS012711,SME,IN,2023-06-12,VERIFIED
CUS012712,RETAIL,IN,2023-06-19,PENDING
CUS012713,RETAIL,SG,2022-03-24,VERIFIED
CUS012714,RETAIL,IN,2022-04-07,VERIFIED
CUS012715,RETAIL,SG,2024-02-08,VERIFIED
CUS012716,SME,IN,2021-07-28,VERIFIED
CUS012717,RETAIL,SG,2022-07-10,VERIFIED
CUS012718,SME,IN,2021-07-30,VERIFIED
CUS012719,SME,AE,2021-08-25,VERIFIED
CUS012720,RETAIL,IN,2022-10-19,PENDING
CUS012721,RETAIL,IN,2022-04-22,VERIFIED
CUS012722,SME,IN,2022-08-04,VERIFIED
CUS012723,RETAIL,IN,2022-09-01,VERIFIED
CUS012724,SME,IN,2022-12-18,VERIFIED
CUS012725,RETAIL,IN,2024-02-13,VERIFIED
CUS012726,RETAIL,IN,2023-08-01,VERIFIED
CUS012727,RETAIL,AE,2022-04-20,VERIFIED
CUS012728,RETAIL,IN,2022-03-05,VERIFIED
CUS012729,RETAIL,IN,2023-03-19,VERIFIED
CUS012730,RETAIL,AE,2024-07-30,PENDING
CUS012731,RETAIL,IN,2024-06-28,VERIFIED
CUS012732,RETAIL,AE,2021-07-30,VERIFIED
CUS012733,RETAIL,IN,2024-07-09,VERIFIED
CUS012734,SME,IN,2023-12-01,VERIFIED
CUS012735,SME,IN,2024-10-06,VERIFIED
CUS012736,RETAIL,IN,2024-03-01,VERIFIED
CUS012737,SME,IN,2021-10-14,VERIFIED
CUS012738,RETAIL,SG,2023-12-15,VERIFIED
CUS012739,RETAIL,IN,2021-10-20,VERIFIED
CUS012740,RETAIL,AE,2021-11-22,VERIFIED
CUS012741,SME,IN,2022-04-27,VERIFIED
CUS012742,RETAIL,IN,2023-12-22,VERIFIED
CUS012743,SME,AE,2021-03-07,VERIFIED
CUS012744,RETAIL,AE,2022-09-01,VERIFIED
CUS012745,RETAIL,IN,2022-01-20,VERIFIED
CUS012746,RETAIL,IN,2023-09-09,VERIFIED
CUS012747,RETAIL,IN,2022-06-18,VERIFIED
CUS012748,RETAIL,IN,2022-06-28,VERIFIED
CUS012749,SME,SG,2022-09-18,VERIFIED
CUS012750,RETAIL,IN,2022-09-26,VERIFIED
CUS012751,RETAIL,SG,2022-04-23,VERIFIED
CUS012752,RETAIL,IN,2021-03-07,VERIFIED
CUS012753,RETAIL,IN,2021-09-03,VERIFIED
CUS012754,SME,IN,2023-10-24,VERIFIED
CUS012755,RETAIL,IN,2021-08-06,VERIFIED
CUS012756,RETAIL,IN,2023-08-31,VERIFIED
CUS012757,RETAIL,AE,2024-01-19,VERIFIED
CUS012758,RETAIL,AE,2024-03-29,VERIFIED
CUS012759,RETAIL,SG,2022-04-23,VERIFIED
CUS012760,RETAIL,IN,2023-03-24,VERIFIED
CUS012761,RETAIL,AE,2021-10-30,VERIFIED
CUS012762,RETAIL,AE,2021-10-17,PENDING
CUS012763,RETAIL,AE,2022-12-10,VERIFIED
CUS012764,RETAIL,IN,2024-03-12,VERIFIED
CUS012765,RETAIL,IN,2024-07-29,VERIFIED
CUS012766,RETAIL,SG,2021-04-27,VERIFIED
CUS012767,RETAIL,IN,2023-10-29,VERIFIED
CUS012768,RETAIL,IN,2024-12-14,VERIFIED
CUS012769,RETAIL,IN,2023-06-26,VERIFIED
CUS012770,RETAIL,IN,2021-12-01,VERIFIED
CUS012771,SME,IN,2024-08-27,PENDING
CUS012772,RETAIL,SG,2022-05-09,VERIFIED
CUS012773,RETAIL,SG,2023-05-30,VERIFIED
CUS012774,RETAIL,IN,2021-07-14,VERIFIED
CUS012775,RETAIL,IN,2023-04-14,VERIFIED
CUS012776,SME,AE,2023-01-02,VERIFIED
CUS012777,RETAIL,IN,2023-04-03,VERIFIED
CUS012778,RETAIL,IN,2022-05-24,VERIFIED
CUS012779,RETAIL,IN,2024-09-24,VERIFIED
CUS012780,RETAIL,IN,2024-10-24,VERIFIED
CUS012781,RETAIL,SG,2022-10-09,VERIFIED
CUS012782,RETAIL,IN,2023-06-29,VERIFIED
CUS012783,RETAIL,AE,2024-05-12,VERIFIED
CUS012784,RETAIL,IN,2022-01-19,VERIFIED
CUS012785,RETAIL,AE,2022-02-17,VERIFIED
CUS012786,RETAIL,SG,2024-08-02,VERIFIED
CUS012787,RETAIL,IN,2024-04-19,VERIFIED
CUS012788,RETAIL,IN,2022-01-02,VERIFIED
CUS012789,SME,IN,2023-03-04,VERIFIED
CUS012790,RETAIL,AE,2023-10-28,VERIFIED
CUS012791,RETAIL,SG,2022-12-23,VERIFIED
CUS012792,RETAIL,IN,2023-08-26,VERIFIED
CUS012793,RETAIL,IN,2024-08-23,PENDING
CUS012794,RETAIL,AE,2022-07-10,VERIFIED
CUS012795,RETAIL,SG,2022-05-03,VERIFIED
CUS012796,RETAIL,IN,2024-09-14,VERIFIED
CUS012797,RETAIL,IN,2024-01-18,VERIFIED
CUS012798,RETAIL,IN,2022-08-11,VERIFIED
CUS012799,RETAIL,SG,2022-02-06,VERIFIED
CUS012800,RETAIL,IN,2021-07-02,VERIFIED
CUS012801,RETAIL,AE,2022-09-09,VERIFIED
CUS012802,SME,IN,2024-08-23,VERIFIED
CUS012803,RETAIL,IN,2023-08-27,VERIFIED
CUS012804,RETAIL,IN,2024-01-13,VERIFIED
CUS012805,SME,SG,2021-03-21,PENDING
CUS012806,RETAIL,IN,2024-12-13,VERIFIED
CUS012807,RETAIL,AE,2023-07-26,VERIFIED
CUS012808,RETAIL,IN,2023-01-07,VERIFIED
CUS012809,RETAIL,SG,2023-11-10,VERIFIED
CUS012810,RETAIL,AE,2022-03-15,VERIFIED
CUS012811,RETAIL,SG,2024-07-02,VERIFIED
CUS012812,RETAIL,IN,2021-06-15,VERIFIED
CUS012813,RETAIL,SG,2023-06-21,VERIFIED
CUS012814,RETAIL,IN,2023-08-05,VERIFIED
CUS012815,RETAIL,IN,2021-06-19,VERIFIED
CUS012816,RETAIL,SG,2024-06-07,VERIFIED
CUS012817,RETAIL,SG,2023-03-17,VERIFIED
CUS012818,RETAIL,IN,2024-11-22,VERIFIED
CUS012819,SME,AE,2023-01-16,VERIFIED
CUS012820,SME,IN,2023-10-04,VERIFIED
CUS012821,RETAIL,AE,2022-03-02,PENDING
CUS012822,RETAIL,SG,2023-01-15,VERIFIED
CUS012823,RETAIL,AE,2022-08-10,VERIFIED
CUS012824,RETAIL,AE,2021-07-20,VERIFIED
CUS012825,RETAIL,AE,2021-05-12,VERIFIED
CUS012826,RETAIL,SG,2024-03-04,VERIFIED
CUS012827,SME,IN,2023-01-30,VERIFIED
CUS012828,RETAIL,IN,2022-01-04,VERIFIED
CUS012829,RETAIL,SG,2024-07-07,VERIFIED
CUS012830,RETAIL,IN,2023-02-28,VERIFIED
CUS012831,RETAIL,AE,2022-11-13,VERIFIED
CUS012832,RETAIL,IN,2021-09-05,VERIFIED
CUS012833,RETAIL,AE,2024-08-31,VERIFIED
CUS012834,SME,IN,2021-09-11,PENDING
CUS012835,RETAIL,AE,2024-02-04,VERIFIED
CUS012836,SME,AE,2021-09-19,VERIFIED
CUS012837,RETAIL,IN,2022-06-30,VERIFIED
CUS012838,RETAIL,SG,2023-06-20,PENDING
CUS012839,SME,IN,2024-06-28,VERIFIED
CUS012840,RETAIL,SG,2023-09-05,VERIFIED
CUS012841,SME,SG,2022-03-03,VERIFIED
CUS012842,SME,IN,2024-03-17,VERIFIED
CUS012843,RETAIL,IN,2022-06-09,VERIFIED
CUS012844,RETAIL,IN,2024-02-17,VERIFIED
CUS012845,RETAIL,IN,2024-09-10,VERIFIED
CUS012846,RETAIL,SG,2022-08-23,VERIFIED
CUS012847,SME,IN,2021-11-21,VERIFIED
CUS012848,RETAIL,AE,2021-04-26,VERIFIED
CUS012849,RETAIL,AE,2023-01-30,VERIFIED
CUS012850,RETAIL,AE,2022-09-06,VERIFIED
CUS012851,RETAIL,IN,2022-05-24,VERIFIED
CUS012852,RETAIL,IN,2023-06-04,VERIFIED
CUS012853,RETAIL,SG,2024-11-12,VERIFIED
CUS012854,RETAIL,SG,2024-01-28,VERIFIED
CUS012855,RETAIL,AE,2023-07-21,VERIFIED
CUS012856,RETAIL,IN,2022-07-04,VERIFIED
CUS012857,RETAIL,IN,2023-11-02,VERIFIED
CUS012858,RETAIL,AE,2024-03-12,VERIFIED
CUS012859,RETAIL,AE,2021-07-14,VERIFIED
CUS012860,SME,IN,2024-08-24,VERIFIED
CUS012861,RETAIL,SG,2021-12-25,VERIFIED
CUS012862,RETAIL,IN,2024-08-24,VERIFIED
CUS012863,RETAIL,IN,2023-10-11,VERIFIED
CUS012864,RETAIL,IN,2021-09-29,VERIFIED
CUS012865,RETAIL,IN,2021-10-11,VERIFIED
CUS012866,RETAIL,IN,2023-07-16,VERIFIED
CUS012867,RETAIL,IN,2024-12-08,VERIFIED
CUS012868,SME,IN,2021-05-26,VERIFIED
CUS012869,RETAIL,IN,2021-08-06,VERIFIED
CUS012870,SME,IN,2023-02-06,VERIFIED
CUS012871,RETAIL,IN,2024-11-23,VERIFIED
CUS012872,SME,SG,2022-05-09,VERIFIED
CUS012873,RETAIL,SG,2022-01-01,VERIFIED
CUS012874,RETAIL,IN,2021-11-01,PENDING
CUS012875,SME,IN,2022-03-15,VERIFIED
CUS012876,SME,AE,2021-08-26,VERIFIED
CUS012877,SME,AE,2023-01-18,VERIFIED
CUS012878,SME,AE,2024-05-19,VERIFIED
CUS012879,RETAIL,AE,2022-05-12,VERIFIED
CUS012880,RETAIL,SG,2024-03-04,VERIFIED
CUS012881,SME,AE,2022-08-04,VERIFIED
CUS012882,RETAIL,IN,2024-06-05,VERIFIED
CUS012883,SME,SG,2024-11-08,VERIFIED
CUS012884,SME,AE,2023-04-19,VERIFIED
CUS012885,RETAIL,SG,2022-09-26,VERIFIED
CUS012886,RETAIL,IN,2024-05-29,VERIFIED
CUS012887,RETAIL,IN,2021-12-30,VERIFIED
CUS012888,SME,IN,2022-07-05,VERIFIED
CUS012889,RETAIL,IN,2021-12-08,VERIFIED
CUS012890,RETAIL,SG,2023-08-13,VERIFIED
CUS012891,RETAIL,SG,2022-06-24,VERIFIED
CUS012892,SME,IN,2021-04-23,VERIFIED
CUS012893,RETAIL,SG,2024-04-21,VERIFIED
CUS012894,RETAIL,IN,2021-11-15,VERIFIED
CUS012895,RETAIL,IN,2022-08-05,VERIFIED
CUS012896,RETAIL,IN,2022-03-25,VERIFIED
CUS012897,SME,IN,2022-08-09,PENDING
CUS012898,RETAIL,SG,2022-05-13,VERIFIED
CUS012899,RETAIL,SG,2022-01-06,VERIFIED
CUS012900,RETAIL,SG,2024-11-07,REJECTED
CUS012901,RETAIL,IN,2024-11-18,VERIFIED
CUS012902,RETAIL,SG,2024-09-06,VERIFIED
CUS012903,RETAIL,IN,2021-06-10,VERIFIED
CUS012904,RETAIL,IN,2023-05-08,VERIFIED
CUS012905,RETAIL,IN,2021-03-16,VERIFIED
CUS012906,RETAIL,SG,2021-07-01,VERIFIED
CUS012907,SME,AE,2023-09-07,VERIFIED
CUS012908,RETAIL,IN,2024-08-23,VERIFIED
CUS012909,RETAIL,AE,2021-10-09,VERIFIED
CUS012910,RETAIL,IN,2023-05-24,VERIFIED
CUS012911,SME,IN,2023-11-11,VERIFIED
CUS012912,RETAIL,SG,2021-12-17,VERIFIED
CUS012913,RETAIL,SG,2023-02-27,VERIFIED
CUS012914,RETAIL,AE,2023-10-12,VERIFIED
CUS012915,RETAIL,SG,2023-06-26,VERIFIED
CUS012916,SME,IN,2021-06-10,VERIFIED
CUS012917,RETAIL,AE,2023-11-05,VERIFIED
CUS012918,RETAIL,AE,2021-06-03,PENDING
CUS012919,SME,IN,2022-09-30,VERIFIED
CUS012920,RETAIL,IN,2024-10-14,PENDING
CUS012921,RETAIL,IN,2024-07-27,VERIFIED
CUS012922,RETAIL,AE,2022-08-23,VERIFIED
CUS012923,RETAIL,AE,2024-06-24,VERIFIED
CUS012924,SME,AE,2024-06-12,VERIFIED
CUS012925,SME,IN,2023-03-25,VERIFIED
CUS012926,RETAIL,IN,2023-04-25,VERIFIED
CUS012927,SME,IN,2021-05-25,VERIFIED
CUS012928,RETAIL,IN,2021-07-25,VERIFIED
CUS012929,RETAIL,IN,2021-06-10,VERIFIED
CUS012930,RETAIL,IN,2024-09-21,VERIFIED
CUS012931,SME,IN,2021-12-03,VERIFIED
CUS012932,RETAIL,IN,2021-05-30,VERIFIED
CUS012933,RETAIL,SG,2022-08-29,VERIFIED
CUS012934,RETAIL,IN,2021-03-11,VERIFIED
CUS012935,RETAIL,IN,2021-12-04,VERIFIED
CUS012936,RETAIL,IN,2022-06-08,VERIFIED
CUS012937,RETAIL,AE,2023-06-13,VERIFIED
CUS012938,SME,SG,2023-08-22,VERIFIED
CUS012939,SME,SG,2023-06-28,VERIFIED
CUS012940,RETAIL,SG,2024-01-16,VERIFIED
CUS012941,SME,SG,2022-10-14,VERIFIED
CUS012942,SME,SG,2023-05-07,VERIFIED
CUS012943,SME,IN,2023-11-12,VERIFIED
CUS012944,RETAIL,IN,2024-04-25,VERIFIED
CUS012945,SME,IN,2023-01-10,VERIFIED
CUS012946,RETAIL,IN,2024-12-04,VERIFIED
CUS012947,RETAIL,IN,2023-07-29,VERIFIED
CUS012948,RETAIL,IN,2024-10-06,VERIFIED
CUS012949,RETAIL,IN,2023-09-20,VERIFIED
CUS012950,SME,IN,2022-06-18,VERIFIED
CUS012951,RETAIL,IN,2022-07-24,VERIFIED
CUS012952,RETAIL,IN,2024-12-03,VERIFIED
CUS012953,RETAIL,IN,2022-04-16,VERIFIED
CUS012954,SME,IN,2023-11-06,VERIFIED
CUS012955,RETAIL,SG,2023-03-07,VERIFIED
CUS012956,SME,IN,2022-05-31,VERIFIED
CUS012957,RETAIL,IN,2024-11-12,VERIFIED
CUS012958,RETAIL,IN,2024-05-02,VERIFIED
CUS012959,RETAIL,IN,2024-05-15,VERIFIED
CUS012960,SME,IN,2023-09-24,VERIFIED
CUS012961,SME,IN,2024-12-10,VERIFIED
CUS012962,RETAIL,IN,2024-11-18,VERIFIED
CUS012963,RETAIL,AE,2023-01-15,VERIFIED
CUS012964,RETAIL,SG,2024-07-28,VERIFIED
CUS012965,RETAIL,IN,2023-05-03,VERIFIED
CUS012966,RETAIL,IN,2024-02-20,VERIFIED
CUS012967,RETAIL,SG,2021-03-10,VERIFIED
CUS012968,RETAIL,IN,2024-07-09,VERIFIED
CUS012969,SME,AE,2023-03-01,VERIFIED
CUS012970,RETAIL,IN,2023-03-13,VERIFIED
CUS012971,RETAIL,IN,2022-03-04,VERIFIED
CUS012972,RETAIL,IN,2024-07-08,VERIFIED
CUS012973,RETAIL,AE,2021-04-22,VERIFIED
CUS012974,RETAIL,AE,2023-11-01,VERIFIED
CUS012975,SME,AE,2024-11-14,VERIFIED
CUS012976,RETAIL,IN,2022-03-26,VERIFIED
CUS012977,RETAIL,SG,2022-12-04,VERIFIED
CUS012978,RETAIL,IN,2022-07-01,VERIFIED
CUS012979,RETAIL,IN,2021-07-05,VERIFIED
CUS012980,RETAIL,SG,2023-07-15,VERIFIED
CUS012981,SME,AE,2021-07-10,VERIFIED
CUS012982,RETAIL,IN,2021-06-08,VERIFIED
CUS012983,SME,IN,2022-11-27,VERIFIED
CUS012984,RETAIL,IN,2021-12-26,VERIFIED
CUS012985,SME,IN,2024-11-15,VERIFIED
CUS012986,SME,IN,2022-09-04,PENDING
CUS012987,RETAIL,AE,2024-09-11,VERIFIED
CUS012988,RETAIL,IN,2023-05-01,VERIFIED
CUS012989,SME,SG,2022-02-17,VERIFIED
CUS012990,SME,IN,2024-10-09,VERIFIED
CUS012991,RETAIL,IN,2023-06-12,VERIFIED
CUS012992,SME,IN,2023-06-04,VERIFIED
CUS012993,SME,IN,2024-02-03,VERIFIED
CUS012994,RETAIL,IN,2022-11-30,VERIFIED
CUS012995,RETAIL,SG,2021-11-27,VERIFIED
CUS012996,RETAIL,AE,2021-03-16,VERIFIED
CUS012997,RETAIL,IN,2021-07-13,VERIFIED
CUS012998,SME,IN,2021-05-10,VERIFIED
CUS012999,SME,AE,2024-03-22,VERIFIED
CUS013000,RETAIL,IN,2024-07-28,VERIFIED
CUS013001,RETAIL,AE,2024-04-21,VERIFIED
CUS013002,RETAIL,AE,2021-04-02,PENDING
CUS013003,RETAIL,AE,2024-03-02,VERIFIED
CUS013004,RETAIL,IN,2022-02-10,VERIFIED
CUS013005,RETAIL,SG,2023-06-14,VERIFIED
CUS013006,RETAIL,IN,2022-05-23,VERIFIED
CUS013007,RETAIL,IN,2022-02-12,VERIFIED
CUS013008,SME,AE,2021-07-17,VERIFIED
CUS013009,RETAIL,IN,2024-09-02,VERIFIED
CUS013010,RETAIL,SG,2023-10-04,VERIFIED
CUS013011,SME,IN,2024-07-20,VERIFIED
CUS013012,SME,IN,2023-06-22,VERIFIED
CUS013013,RETAIL,SG,2023-08-10,VERIFIED
CUS013014,RETAIL,SG,2021-08-31,VERIFIED
CUS013015,RETAIL,IN,2022-04-23,VERIFIED
CUS013016,RETAIL,AE,2024-08-09,VERIFIED
CUS013017,RETAIL,IN,2023-04-19,PENDING
CUS013018,RETAIL,AE,2022-04-15,REJECTED
CUS013019,RETAIL,SG,2022-03-01,VERIFIED
CUS013020,RETAIL,SG,2021-11-25,VERIFIED
CUS013021,SME,IN,2024-02-22,VERIFIED
CUS013022,RETAIL,IN,2021-08-11,VERIFIED
CUS013023,RETAIL,AE,2021-07-17,VERIFIED
CUS013024,RETAIL,IN,2024-03-01,VERIFIED
CUS013025,RETAIL,IN,2022-06-22,VERIFIED
CUS013026,RETAIL,SG,2022-05-27,VERIFIED
CUS013027,RETAIL,SG,2021-08-19,PENDING
CUS013028,SME,AE,2024-09-03,VERIFIED
CUS013029,SME,SG,2024-02-11,VERIFIED
CUS013030,SME,AE,2021-09-14,PENDING
CUS013031,RETAIL,IN,2024-11-12,VERIFIED
CUS013032,SME,SG,2023-02-27,VERIFIED
CUS013033,RETAIL,AE,2023-11-18,PENDING
CUS013034,RETAIL,SG,2022-08-12,VERIFIED
CUS013035,RETAIL,IN,2023-03-11,VERIFIED
CUS013036,RETAIL,IN,2021-09-28,VERIFIED
CUS013037,RETAIL,IN,2024-09-15,VERIFIED
CUS013038,SME,SG,2023-01-24,VERIFIED
CUS013039,RETAIL,IN,2023-01-07,VERIFIED
CUS013040,SME,SG,2023-01-20,VERIFIED
CUS013041,RETAIL,AE,2024-09-15,VERIFIED
CUS013042,RETAIL,IN,2023-03-23,VERIFIED
CUS013043,RETAIL,IN,2021-08-18,VERIFIED
CUS013044,RETAIL,IN,2022-09-14,VERIFIED
CUS013045,SME,IN,2024-08-02,VERIFIED
CUS013046,RETAIL,IN,2022-04-03,PENDING
CUS013047,RETAIL,IN,2021-06-11,VERIFIED
CUS013048,RETAIL,SG,2021-12-01,VERIFIED
CUS013049,SME,IN,2024-08-23,VERIFIED
CUS013050,RETAIL,IN,2024-11-21,PENDING
CUS013051,RETAIL,IN,2024-04-30,VERIFIED
CUS013052,RETAIL,AE,2023-09-02,VERIFIED
CUS013053,RETAIL,IN,2021-06-16,VERIFIED
CUS013054,RETAIL,IN,2023-05-07,VERIFIED
CUS013055,RETAIL,AE,2021-04-14,VERIFIED
CUS013056,RETAIL,IN,2024-08-16,VERIFIED
CUS013057,RETAIL,IN,2022-01-31,VERIFIED
CUS013058,RETAIL,IN,2022-02-14,PENDING
CUS013059,RETAIL,SG,2021-04-29,VERIFIED
CUS013060,RETAIL,AE,2022-12-31,VERIFIED
CUS013061,RETAIL,IN,2022-09-07,VERIFIED
CUS013062,RETAIL,SG,2024-12-30,VERIFIED
CUS013063,RETAIL,SG,2021-08-16,VERIFIED
CUS013064,RETAIL,AE,2022-08-02,VERIFIED
CUS013065,SME,AE,2022-04-26,VERIFIED
CUS013066,SME,SG,2023-09-15,VERIFIED
CUS013067,RETAIL,IN,2024-09-15,VERIFIED
CUS013068,RETAIL,IN,2022-03-21,VERIFIED
CUS013069,RETAIL,AE,2022-03-13,VERIFIED
CUS013070,SME,IN,2024-04-25,VERIFIED
CUS013071,RETAIL,IN,2021-11-04,VERIFIED
CUS013072,SME,AE,2024-12-31,VERIFIED
CUS013073,RETAIL,AE,2022-07-02,VERIFIED
CUS013074,RETAIL,SG,2024-09-02,VERIFIED
CUS013075,SME,AE,2022-02-14,VERIFIED
CUS013076,RETAIL,IN,2023-04-26,VERIFIED
CUS013077,SME,SG,2023-10-01,VERIFIED
CUS013078,RETAIL,AE,2022-02-19,PENDING
CUS013079,RETAIL,IN,2021-12-04,VERIFIED
CUS013080,RETAIL,IN,2022-09-09,VERIFIED
CUS013081,RETAIL,SG,2022-03-12,VERIFIED
CUS013082,RETAIL,IN,2024-12-12,REJECTED
CUS013083,RETAIL,IN,2021-11-08,VERIFIED
CUS013084,RETAIL,IN,2022-09-26,VERIFIED
CUS013085,RETAIL,IN,2024-05-27,VERIFIED
CUS013086,SME,IN,2023-02-26,VERIFIED
CUS013087,SME,AE,2022-08-08,VERIFIED
CUS013088,RETAIL,SG,2021-12-13,VERIFIED
CUS013089,SME,SG,2023-01-07,VERIFIED
CUS013090,SME,IN,2024-01-08,VERIFIED
CUS013091,RETAIL,IN,2024-01-11,VERIFIED
CUS013092,SME,IN,2022-04-01,VERIFIED
CUS013093,RETAIL,AE,2021-09-12,VERIFIED
CUS013094,SME,AE,2022-08-01,VERIFIED
CUS013095,RETAIL,IN,2021-12-10,REJECTED
CUS013096,SME,AE,2022-08-13,VERIFIED
CUS013097,RETAIL,IN,2023-02-14,VERIFIED
CUS013098,RETAIL,IN,2023-06-14,VERIFIED
CUS013099,SME,SG,2023-02-17,VERIFIED
CUS013100,RETAIL,IN,2024-12-15,VERIFIED
CUS013101,RETAIL,AE,2022-10-15,VERIFIED
CUS013102,RETAIL,IN,2024-04-14,VERIFIED
CUS013103,RETAIL,SG,2021-07-21,VERIFIED
CUS013104,RETAIL,IN,2021-10-08,VERIFIED
CUS013105,RETAIL,IN,2023-02-10,PENDING
CUS013106,RETAIL,IN,2022-08-22,VERIFIED
CUS013107,RETAIL,AE,2024-11-10,VERIFIED
CUS013108,SME,IN,2022-10-15,VERIFIED
CUS013109,RETAIL,SG,2021-09-29,VERIFIED
CUS013110,RETAIL,IN,2022-12-28,VERIFIED
CUS013111,RETAIL,IN,2021-09-15,VERIFIED
CUS013112,SME,IN,2024-09-16,VERIFIED
CUS013113,RETAIL,SG,2021-04-08,VERIFIED
CUS013114,RETAIL,IN,2023-09-03,VERIFIED
CUS013115,SME,IN,2024-11-24,VERIFIED
CUS013116,RETAIL,IN,2022-08-19,VERIFIED
CUS013117,SME,IN,2022-08-25,VERIFIED
CUS013118,RETAIL,IN,2024-07-10,VERIFIED
CUS013119,RETAIL,IN,2023-09-04,VERIFIED
CUS013120,RETAIL,IN,2021-06-22,VERIFIED
CUS013121,RETAIL,SG,2024-04-12,VERIFIED
CUS013122,RETAIL,IN,2024-09-22,VERIFIED
CUS013123,RETAIL,SG,2021-11-08,VERIFIED
CUS013124,SME,IN,2022-05-26,VERIFIED
CUS013125,RETAIL,AE,2023-02-03,VERIFIED
CUS013126,RETAIL,AE,2023-11-07,VERIFIED
CUS013127,RETAIL,IN,2021-08-31,VERIFIED
CUS013128,SME,IN,2021-09-10,VERIFIED
CUS013129,SME,IN,2024-12-31,VERIFIED
CUS013130,RETAIL,AE,2021-11-01,VERIFIED
CUS013131,RETAIL,IN,2023-03-11,VERIFIED
CUS013132,SME,IN,2023-09-23,VERIFIED
CUS013133,SME,IN,2023-09-02,VERIFIED
CUS013134,RETAIL,IN,2023-03-27,VERIFIED
CUS013135,RETAIL,SG,2022-10-21,PENDING
CUS013136,RETAIL,SG,2021-04-30,VERIFIED
CUS013137,RETAIL,AE,2024-11-27,VERIFIED
CUS013138,SME,AE,2022-09-03,PENDING
CUS013139,SME,SG,2024-10-02,VERIFIED
CUS013140,SME,IN,2024-12-24,VERIFIED
CUS013141,SME,AE,2023-11-04,REJECTED
CUS013142,SME,SG,2022-01-09,VERIFIED
CUS013143,RETAIL,AE,2023-09-06,VERIFIED
CUS013144,SME,AE,2023-08-15,VERIFIED
CUS013145,RETAIL,IN,2021-07-18,VERIFIED
CUS013146,RETAIL,SG,2023-12-12,VERIFIED
CUS013147,RETAIL,SG,2022-01-23,VERIFIED
CUS013148,RETAIL,IN,2021-10-25,VERIFIED
CUS013149,RETAIL,SG,2022-07-10,VERIFIED
CUS013150,RETAIL,IN,2021-04-18,VERIFIED
CUS013151,RETAIL,IN,2021-03-26,VERIFIED
CUS013152,RETAIL,IN,2024-10-07,VERIFIED
CUS013153,RETAIL,SG,2024-05-08,VERIFIED
CUS013154,RETAIL,SG,2023-07-05,VERIFIED
CUS013155,RETAIL,IN,2022-06-14,VERIFIED
CUS013156,RETAIL,IN,2023-12-07,VERIFIED
CUS013157,SME,IN,2022-07-24,PENDING
CUS013158,RETAIL,IN,2021-07-25,VERIFIED
CUS013159,RETAIL,IN,2024-12-24,VERIFIED
CUS013160,RETAIL,IN,2021-09-05,VERIFIED
CUS013161,RETAIL,AE,2023-02-21,VERIFIED
CUS013162,RETAIL,IN,2021-07-20,VERIFIED
CUS013163,SME,IN,2022-05-25,VERIFIED
CUS013164,RETAIL,AE,2024-11-03,VERIFIED
CUS013165,SME,IN,2021-07-18,VERIFIED
CUS013166,RETAIL,AE,2024-10-23,VERIFIED
CUS013167,RETAIL,IN,2024-01-17,VERIFIED
CUS013168,RETAIL,IN,2022-11-22,VERIFIED
CUS013169,SME,IN,2021-07-16,VERIFIED
CUS013170,SME,IN,2024-05-13,VERIFIED
CUS013171,RETAIL,AE,2022-12-10,VERIFIED
CUS013172,RETAIL,SG,2024-07-28,VERIFIED
CUS013173,RETAIL,SG,2023-09-14,VERIFIED
CUS013174,RETAIL,IN,2024-01-03,VERIFIED
CUS013175,RETAIL,AE,2023-05-13,VERIFIED
CUS013176,SME,IN,2022-04-14,PENDING
CUS013177,RETAIL,IN,2022-03-30,VERIFIED
CUS013178,RETAIL,AE,2022-06-06,VERIFIED
CUS013179,RETAIL,IN,2024-11-24,VERIFIED
CUS013180,RETAIL,IN,2021-12-29,VERIFIED
CUS013181,SME,IN,2022-07-11,VERIFIED
CUS013182,RETAIL,IN,2024-10-06,VERIFIED
CUS013183,RETAIL,SG,2021-05-17,VERIFIED
CUS013184,RETAIL,IN,2022-01-25,VERIFIED
CUS013185,SME,AE,2022-05-09,VERIFIED
CUS013186,RETAIL,IN,2023-02-15,VERIFIED
CUS013187,RETAIL,IN,2021-12-16,VERIFIED
CUS013188,RETAIL,SG,2023-10-21,VERIFIED
CUS013189,SME,SG,2022-03-24,VERIFIED
CUS013190,RETAIL,IN,2022-08-31,VERIFIED
CUS013191,SME,IN,2022-08-31,VERIFIED
CUS013192,SME,SG,2021-12-09,VERIFIED
CUS013193,RETAIL,AE,2024-05-04,VERIFIED
CUS013194,RETAIL,IN,2024-08-09,VERIFIED
CUS013195,SME,IN,2022-11-16,VERIFIED
CUS013196,RETAIL,SG,2021-11-28,VERIFIED
CUS013197,SME,IN,2024-01-13,VERIFIED
CUS013198,SME,IN,2022-10-27,VERIFIED
CUS013199,RETAIL,AE,2021-05-02,VERIFIED
CUS013200,RETAIL,IN,2022-08-17,VERIFIED
CUS013201,RETAIL,IN,2024-09-13,VERIFIED
CUS013202,RETAIL,IN,2021-08-20,REJECTED
CUS013203,RETAIL,IN,2021-04-06,VERIFIED
CUS013204,RETAIL,IN,2022-04-14,VERIFIED
CUS013205,RETAIL,IN,2022-08-31,VERIFIED
CUS013206,SME,IN,2022-10-08,VERIFIED
CUS013207,RETAIL,IN,2022-08-13,VERIFIED
CUS013208,RETAIL,SG,2023-09-19,VERIFIED
CUS013209,RETAIL,IN,2022-07-14,VERIFIED
CUS013210,RETAIL,IN,2023-01-18,VERIFIED
CUS013211,RETAIL,IN,2021-12-20,VERIFIED
CUS013212,SME,IN,2021-10-18,VERIFIED
CUS013213,RETAIL,IN,2022-04-14,VERIFIED
CUS013214,RETAIL,IN,2021-03-10,VERIFIED
CUS013215,RETAIL,IN,2023-04-14,VERIFIED
CUS013216,RETAIL,IN,2022-02-08,VERIFIED
CUS013217,RETAIL,IN,2023-09-10,VERIFIED
CUS013218,RETAIL,AE,2021-12-22,VERIFIED
CUS013219,RETAIL,AE,2023-12-24,VERIFIED
CUS013220,RETAIL,AE,2022-04-28,VERIFIED
CUS013221,RETAIL,IN,2024-12-13,VERIFIED
CUS013222,RETAIL,SG,2022-01-24,VERIFIED
CUS013223,RETAIL,IN,2023-11-22,VERIFIED
CUS013224,SME,IN,2024-01-27,VERIFIED
CUS013225,RETAIL,AE,2023-09-22,VERIFIED
CUS013226,RETAIL,SG,2023-05-19,VERIFIED
CUS013227,SME,IN,2024-07-06,VERIFIED
CUS013228,RETAIL,AE,2022-11-15,VERIFIED
CUS013229,RETAIL,IN,2024-07-12,VERIFIED
CUS013230,SME,IN,2022-11-24,VERIFIED
CUS013231,RETAIL,IN,2023-08-04,VERIFIED
CUS013232,RETAIL,IN,2022-09-18,PENDING
CUS013233,RETAIL,AE,2024-06-04,VERIFIED
CUS013234,SME,IN,2021-04-10,VERIFIED
CUS013235,RETAIL,IN,2024-12-12,VERIFIED
CUS013236,RETAIL,SG,2021-09-22,VERIFIED
CUS013237,RETAIL,AE,2023-08-28,VERIFIED
CUS013238,RETAIL,AE,2021-10-31,VERIFIED
CUS013239,RETAIL,AE,2022-09-20,VERIFIED
CUS013240,RETAIL,AE,2021-10-27,VERIFIED
CUS013241,RETAIL,SG,2022-11-16,VERIFIED
CUS013242,RETAIL,IN,2021-12-18,VERIFIED
CUS013243,RETAIL,AE,2022-06-29,VERIFIED
CUS013244,RETAIL,IN,2022-05-27,PENDING
CUS013245,RETAIL,IN,2022-10-24,VERIFIED
CUS013246,RETAIL,IN,2024-01-08,VERIFIED
CUS013247,RETAIL,IN,2021-10-01,VERIFIED
CUS013248,RETAIL,IN,2021-09-21,VERIFIED
CUS013249,SME,AE,2022-03-26,VERIFIED
CUS013250,RETAIL,IN,2023-12-07,VERIFIED
CUS013251,RETAIL,IN,2023-06-11,VERIFIED
CUS013252,SME,IN,2022-03-24,VERIFIED
CUS013253,RETAIL,SG,2024-04-15,VERIFIED
CUS013254,RETAIL,IN,2024-07-30,VERIFIED
CUS013255,RETAIL,IN,2023-06-18,PENDING
CUS013256,SME,SG,2022-11-27,VERIFIED
CUS013257,RETAIL,IN,2021-07-30,VERIFIED
CUS013258,RETAIL,IN,2023-10-13,VERIFIED
CUS013259,RETAIL,IN,2024-03-05,VERIFIED
CUS013260,RETAIL,IN,2022-04-21,PENDING
CUS013261,RETAIL,SG,2021-08-25,VERIFIED
CUS013262,SME,IN,2021-09-22,VERIFIED
CUS013263,SME,IN,2022-07-31,VERIFIED
CUS013264,RETAIL,AE,2024-12-11,VERIFIED
CUS013265,SME,SG,2022-07-02,VERIFIED
CUS013266,SME,IN,2024-07-25,VERIFIED
CUS013267,SME,SG,2021-12-26,VERIFIED
CUS013268,SME,IN,2021-06-16,VERIFIED
CUS013269,SME,IN,2022-08-30,PENDING
CUS013270,RETAIL,SG,2024-02-02,VERIFIED
CUS013271,RETAIL,IN,2023-11-10,VERIFIED
CUS013272,RETAIL,IN,2022-03-15,VERIFIED
CUS013273,RETAIL,AE,2022-02-03,VERIFIED
CUS013274,SME,SG,2021-11-21,VERIFIED
CUS013275,SME,AE,2024-08-12,VERIFIED
CUS013276,SME,AE,2022-03-02,VERIFIED
CUS013277,SME,IN,2021-04-28,VERIFIED
CUS013278,RETAIL,SG,2024-11-18,VERIFIED
CUS013279,RETAIL,IN,2023-05-09,VERIFIED
CUS013280,RETAIL,SG,2022-03-09,VERIFIED
CUS013281,RETAIL,IN,2022-12-23,PENDING
CUS013282,SME,IN,2021-04-26,VERIFIED
CUS013283,RETAIL,IN,2022-05-31,REJECTED
CUS013284,RETAIL,SG,2023-08-04,VERIFIED
CUS013285,RETAIL,IN,2022-08-15,VERIFIED
CUS013286,RETAIL,IN,2022-04-13,VERIFIED
CUS013287,SME,AE,2022-01-03,VERIFIED
CUS013288,SME,SG,2023-12-11,VERIFIED
CUS013289,RETAIL,IN,2021-06-29,VERIFIED
CUS013290,SME,IN,2021-03-07,VERIFIED
CUS013291,RETAIL,AE,2024-03-06,VERIFIED
CUS013292,RETAIL,IN,2024-03-16,VERIFIED
CUS013293,RETAIL,IN,2023-07-13,PENDING
CUS013294,SME,AE,2023-11-01,PENDING
CUS013295,SME,IN,2024-04-16,VERIFIED
CUS013296,RETAIL,IN,2024-05-11,VERIFIED
CUS013297,RETAIL,IN,2022-04-14,VERIFIED
CUS013298,SME,IN,2021-05-05,VERIFIED
CUS013299,SME,IN,2024-08-20,VERIFIED
CUS013300,RETAIL,SG,2022-10-25,PENDING
CUS013301,RETAIL,IN,2023-12-07,VERIFIED
CUS013302,RETAIL,SG,2024-01-22,VERIFIED
CUS013303,SME,SG,2022-10-24,VERIFIED
CUS013304,RETAIL,AE,2024-06-27,VERIFIED
CUS013305,RETAIL,IN,2024-09-07,VERIFIED
CUS013306,SME,SG,2021-08-26,VERIFIED
CUS013307,RETAIL,IN,2023-04-18,VERIFIED
CUS013308,RETAIL,SG,2024-10-06,VERIFIED
CUS013309,SME,IN,2021-08-23,VERIFIED
CUS013310,RETAIL,SG,2022-07-16,VERIFIED
CUS013311,RETAIL,IN,2022-03-05,VERIFIED
CUS013312,RETAIL,SG,2022-08-31,VERIFIED
CUS013313,RETAIL,IN,2023-03-10,VERIFIED
CUS013314,RETAIL,IN,2022-01-17,VERIFIED
CUS013315,RETAIL,IN,2023-09-07,VERIFIED
CUS013316,RETAIL,IN,2022-05-23,VERIFIED
CUS013317,RETAIL,SG,2021-08-15,VERIFIED
CUS013318,SME,SG,2021-10-18,VERIFIED
CUS013319,RETAIL,SG,2022-11-17,VERIFIED
CUS013320,SME,SG,2024-11-09,VERIFIED
CUS013321,SME,SG,2024-12-11,VERIFIED
CUS013322,RETAIL,AE,2023-05-10,VERIFIED
CUS013323,RETAIL,IN,2022-06-18,VERIFIED
CUS013324,RETAIL,IN,2024-09-10,VERIFIED
CUS013325,RETAIL,SG,2023-06-06,VERIFIED
CUS013326,RETAIL,IN,2023-06-14,VERIFIED
CUS013327,RETAIL,IN,2023-03-31,VERIFIED
CUS013328,SME,IN,2022-11-08,VERIFIED
CUS013329,RETAIL,IN,2023-12-08,VERIFIED
CUS013330,RETAIL,IN,2022-09-23,VERIFIED
CUS013331,SME,SG,2023-04-09,VERIFIED
CUS013332,SME,IN,2021-06-17,VERIFIED
CUS013333,SME,SG,2023-10-05,VERIFIED
CUS013334,RETAIL,IN,2021-06-21,VERIFIED
CUS013335,RETAIL,SG,2021-04-25,VERIFIED
CUS013336,RETAIL,SG,2023-10-26,VERIFIED
CUS013337,RETAIL,IN,2023-06-11,VERIFIED
CUS013338,RETAIL,IN,2022-04-29,VERIFIED
CUS013339,SME,IN,2023-04-01,VERIFIED
CUS013340,RETAIL,AE,2022-04-10,VERIFIED
CUS013341,SME,IN,2024-01-05,VERIFIED
CUS013342,RETAIL,IN,2021-05-02,VERIFIED
CUS013343,RETAIL,IN,2022-04-30,VERIFIED
CUS013344,SME,IN,2024-09-06,VERIFIED
CUS013345,RETAIL,IN,2024-01-27,VERIFIED
CUS013346,RETAIL,SG,2022-08-21,VERIFIED
CUS013347,RETAIL,IN,2023-11-18,PENDING
CUS013348,RETAIL,AE,2023-06-11,PENDING
CUS013349,RETAIL,IN,2022-07-11,VERIFIED
CUS013350,RETAIL,IN,2023-09-03,VERIFIED
CUS013351,RETAIL,SG,2021-07-16,VERIFIED
CUS013352,SME,SG,2022-08-21,PENDING
CUS013353,SME,AE,2023-05-25,VERIFIED
CUS013354,SME,IN,2023-12-07,VERIFIED
CUS013355,SME,IN,2023-11-15,VERIFIED
CUS013356,RETAIL,SG,2024-11-12,VERIFIED
CUS013357,RETAIL,IN,2024-09-03,VERIFIED
CUS013358,SME,SG,2022-01-09,VERIFIED
CUS013359,RETAIL,IN,2022-01-21,VERIFIED
CUS013360,RETAIL,IN,2024-09-02,VERIFIED
CUS013361,RETAIL,SG,2022-11-20,VERIFIED
CUS013362,RETAIL,SG,2023-09-30,VERIFIED
CUS013363,RETAIL,AE,2022-05-01,VERIFIED
CUS013364,SME,AE,2022-09-22,VERIFIED
CUS013365,RETAIL,IN,2021-12-09,VERIFIED
CUS013366,RETAIL,SG,2022-08-12,VERIFIED
CUS013367,RETAIL,AE,2024-03-28,VERIFIED
CUS013368,RETAIL,IN,2022-06-14,VERIFIED
CUS013369,RETAIL,IN,2021-10-21,VERIFIED
CUS013370,RETAIL,AE,2021-03-11,VERIFIED
CUS013371,SME,IN,2022-04-22,VERIFIED
CUS013372,RETAIL,AE,2023-06-20,VERIFIED
CUS013373,RETAIL,IN,2023-01-20,VERIFIED
CUS013374,RETAIL,AE,2024-06-23,VERIFIED
CUS013375,RETAIL,SG,2022-07-25,VERIFIED
CUS013376,RETAIL,SG,2024-06-22,VERIFIED
CUS013377,RETAIL,SG,2024-01-03,VERIFIED
CUS013378,RETAIL,IN,2023-01-18,VERIFIED
CUS013379,RETAIL,SG,2023-03-04,VERIFIED
CUS013380,RETAIL,AE,2023-07-14,VERIFIED
CUS013381,RETAIL,AE,2022-07-10,VERIFIED
CUS013382,RETAIL,AE,2021-07-03,VERIFIED
CUS013383,RETAIL,SG,2021-06-19,VERIFIED
CUS013384,RETAIL,SG,2023-01-17,VERIFIED
CUS013385,RETAIL,IN,2022-11-21,VERIFIED
CUS013386,SME,IN,2023-04-10,VERIFIED
CUS013387,RETAIL,IN,2021-07-26,VERIFIED
CUS013388,RETAIL,IN,2021-09-12,VERIFIED
CUS013389,RETAIL,IN,2024-10-17,VERIFIED
CUS013390,SME,IN,2021-12-14,VERIFIED
CUS013391,RETAIL,IN,2024-11-21,VERIFIED
CUS013392,RETAIL,IN,2022-04-08,VERIFIED
CUS013393,SME,IN,2023-09-15,VERIFIED
CUS013394,RETAIL,SG,2022-12-25,VERIFIED
CUS013395,RETAIL,AE,2022-01-01,VERIFIED
CUS013396,RETAIL,SG,2024-02-08,VERIFIED
CUS013397,SME,AE,2024-06-29,REJECTED
CUS013398,RETAIL,AE,2022-10-30,VERIFIED
CUS013399,SME,IN,2021-10-16,VERIFIED
CUS013400,RETAIL,IN,2024-07-23,VERIFIED
CUS013401,SME,IN,2023-07-09,REJECTED
CUS013402,RETAIL,IN,2022-12-12,VERIFIED
CUS013403,RETAIL,IN,2024-02-18,VERIFIED
CUS013404,RETAIL,IN,2021-09-27,VERIFIED
CUS013405,SME,AE,2022-09-17,VERIFIED
CUS013406,RETAIL,IN,2023-01-11,VERIFIED
CUS013407,RETAIL,IN,2024-06-21,VERIFIED
CUS013408,RETAIL,AE,2024-09-28,VERIFIED
CUS013409,RETAIL,AE,2024-05-15,VERIFIED
CUS013410,RETAIL,SG,2024-11-19,VERIFIED
CUS013411,SME,SG,2022-12-15,VERIFIED
CUS013412,RETAIL,AE,2021-09-15,VERIFIED
CUS013413,SME,IN,2022-02-05,VERIFIED
CUS013414,SME,AE,2024-02-23,VERIFIED
CUS013415,SME,IN,2024-04-02,VERIFIED
CUS013416,RETAIL,IN,2022-12-28,VERIFIED
CUS013417,RETAIL,IN,2022-01-09,VERIFIED
CUS013418,RETAIL,IN,2022-01-10,VERIFIED
CUS013419,RETAIL,IN,2023-01-02,VERIFIED
CUS013420,RETAIL,IN,2024-01-13,VERIFIED
CUS013421,SME,IN,2023-02-25,VERIFIED
CUS013422,RETAIL,IN,2022-03-06,VERIFIED
CUS013423,RETAIL,IN,2021-08-19,VERIFIED
CUS013424,RETAIL,SG,2024-09-18,VERIFIED
CUS013425,SME,IN,2022-01-14,VERIFIED
CUS013426,RETAIL,SG,2022-02-18,VERIFIED
CUS013427,SME,IN,2024-03-09,VERIFIED
CUS013428,RETAIL,AE,2024-10-04,VERIFIED
CUS013429,RETAIL,IN,2023-10-27,VERIFIED
CUS013430,SME,IN,2023-12-11,VERIFIED
CUS013431,RETAIL,IN,2024-07-27,VERIFIED
CUS013432,RETAIL,AE,2024-01-08,VERIFIED
CUS013433,SME,AE,2024-04-03,VERIFIED
CUS013434,RETAIL,SG,2021-08-03,VERIFIED
CUS013435,RETAIL,SG,2024-09-03,REJECTED
CUS013436,SME,IN,2022-12-15,VERIFIED
CUS013437,RETAIL,SG,2023-10-02,VERIFIED
CUS013438,SME,IN,2021-10-09,VERIFIED
CUS013439,SME,IN,2023-03-09,PENDING
CUS013440,RETAIL,AE,2022-10-09,VERIFIED
CUS013441,RETAIL,AE,2023-06-27,VERIFIED
CUS013442,RETAIL,IN,2021-11-29,VERIFIED
CUS013443,RETAIL,IN,2022-06-11,VERIFIED
CUS013444,RETAIL,IN,2022-11-22,VERIFIED
CUS013445,SME,IN,2023-06-27,VERIFIED
CUS013446,SME,IN,2023-04-13,VERIFIED
CUS013447,SME,SG,2024-01-14,VERIFIED
CUS013448,SME,IN,2022-06-25,VERIFIED
CUS013449,RETAIL,IN,2023-11-15,VERIFIED
CUS013450,RETAIL,IN,2023-11-27,VERIFIED
CUS013451,RETAIL,SG,2023-03-20,VERIFIED
CUS013452,RETAIL,IN,2021-06-25,VERIFIED
CUS013453,SME,IN,2023-04-27,VERIFIED
CUS013454,SME,SG,2021-07-10,VERIFIED
CUS013455,SME,SG,2022-12-26,VERIFIED
CUS013456,RETAIL,IN,2024-09-22,VERIFIED
CUS013457,RETAIL,SG,2022-10-07,VERIFIED
CUS013458,RETAIL,IN,2021-06-28,VERIFIED
CUS013459,RETAIL,SG,2021-08-15,VERIFIED
CUS013460,RETAIL,IN,2024-04-22,VERIFIED
CUS013461,SME,AE,2023-12-23,VERIFIED
CUS013462,RETAIL,AE,2022-05-24,VERIFIED
CUS013463,RETAIL,SG,2023-05-01,VERIFIED
CUS013464,SME,AE,2021-11-06,VERIFIED
CUS013465,RETAIL,IN,2023-01-04,VERIFIED
CUS013466,RETAIL,SG,2024-01-30,VERIFIED
CUS013467,SME,IN,2023-09-25,VERIFIED
CUS013468,SME,IN,2024-07-28,VERIFIED
CUS013469,RETAIL,IN,2023-11-28,VERIFIED
CUS013470,RETAIL,SG,2022-02-08,VERIFIED
CUS013471,RETAIL,SG,2024-02-26,VERIFIED
CUS013472,RETAIL,AE,2023-04-23,VERIFIED
CUS013473,RETAIL,IN,2024-04-25,VERIFIED
CUS013474,RETAIL,AE,2023-02-20,VERIFIED
CUS013475,RETAIL,AE,2021-04-20,VERIFIED
CUS013476,RETAIL,AE,2022-01-31,VERIFIED
CUS013477,RETAIL,IN,2022-01-27,VERIFIED
CUS013478,RETAIL,IN,2024-01-12,VERIFIED
CUS013479,RETAIL,SG,2023-10-29,VERIFIED
CUS013480,RETAIL,AE,2024-08-18,VERIFIED
CUS013481,RETAIL,IN,2021-06-22,VERIFIED
CUS013482,RETAIL,IN,2021-05-02,VERIFIED
CUS013483,RETAIL,IN,2023-09-15,VERIFIED
CUS013484,RETAIL,IN,2022-04-28,VERIFIED
CUS013485,SME,SG,2024-03-12,VERIFIED
CUS013486,RETAIL,IN,2022-07-04,VERIFIED
CUS013487,RETAIL,IN,2024-08-21,VERIFIED
CUS013488,RETAIL,SG,2023-09-23,VERIFIED
CUS013489,SME,IN,2023-07-01,VERIFIED
CUS013490,RETAIL,IN,2021-03-10,VERIFIED
CUS013491,RETAIL,IN,2023-03-19,VERIFIED
CUS013492,RETAIL,IN,2024-02-25,VERIFIED
CUS013493,RETAIL,AE,2024-10-28,VERIFIED
CUS013494,RETAIL,SG,2024-04-27,PENDING
CUS013495,RETAIL,AE,2024-01-28,VERIFIED
CUS013496,RETAIL,IN,2023-10-14,VERIFIED
CUS013497,SME,SG,2024-06-25,VERIFIED
CUS013498,RETAIL,IN,2022-03-04,VERIFIED
CUS013499,RETAIL,SG,2023-07-10,VERIFIED
CUS013500,SME,IN,2024-02-05,VERIFIED
CUS013501,RETAIL,IN,2022-12-27,VERIFIED
CUS013502,RETAIL,IN,2023-10-22,VERIFIED
CUS013503,RETAIL,AE,2022-05-20,VERIFIED
CUS013504,RETAIL,SG,2022-12-22,VERIFIED
CUS013505,RETAIL,IN,2021-06-06,VERIFIED
CUS013506,RETAIL,SG,2022-07-07,VERIFIED
CUS013507,RETAIL,SG,2023-08-07,VERIFIED
CUS013508,RETAIL,IN,2024-06-07,VERIFIED
CUS013509,RETAIL,IN,2024-08-12,VERIFIED
CUS013510,RETAIL,AE,2022-06-30,VERIFIED
CUS013511,RETAIL,SG,2024-11-16,VERIFIED
CUS013512,RETAIL,SG,2023-07-18,VERIFIED
CUS013513,RETAIL,SG,2024-12-04,VERIFIED
CUS013514,RETAIL,SG,2023-09-05,VERIFIED
CUS013515,RETAIL,IN,2021-08-14,VERIFIED
CUS013516,SME,AE,2024-09-13,VERIFIED
CUS013517,RETAIL,IN,2021-04-08,VERIFIED
CUS013518,RETAIL,AE,2021-04-09,VERIFIED
CUS013519,RETAIL,AE,2021-09-10,VERIFIED
CUS013520,RETAIL,SG,2022-05-07,VERIFIED
CUS013521,RETAIL,IN,2024-04-27,PENDING
CUS013522,SME,IN,2024-08-15,VERIFIED
CUS013523,SME,IN,2021-06-25,VERIFIED
CUS013524,RETAIL,IN,2023-08-08,VERIFIED
CUS013525,SME,IN,2023-04-13,PENDING
CUS013526,RETAIL,IN,2024-09-11,VERIFIED
CUS013527,RETAIL,AE,2024-10-10,VERIFIED
CUS013528,RETAIL,IN,2022-12-05,VERIFIED
CUS013529,RETAIL,IN,2023-06-14,VERIFIED
CUS013530,SME,IN,2022-04-27,VERIFIED
CUS013531,RETAIL,SG,2021-10-22,VERIFIED
CUS013532,RETAIL,IN,2024-10-14,VERIFIED
CUS013533,RETAIL,SG,2021-04-14,PENDING
CUS013534,RETAIL,IN,2021-06-20,VERIFIED
CUS013535,RETAIL,IN,2022-10-22,VERIFIED
CUS013536,RETAIL,IN,2023-07-28,VERIFIED
CUS013537,SME,IN,2024-05-13,VERIFIED
CUS013538,RETAIL,SG,2024-02-08,VERIFIED
CUS013539,RETAIL,IN,2022-04-26,VERIFIED
CUS013540,SME,IN,2024-07-04,VERIFIED
CUS013541,RETAIL,IN,2021-04-21,VERIFIED
CUS013542,RETAIL,IN,2024-06-12,VERIFIED
CUS013543,SME,IN,2022-02-10,VERIFIED
CUS013544,RETAIL,IN,2021-09-30,VERIFIED
CUS013545,RETAIL,AE,2023-11-14,VERIFIED
CUS013546,RETAIL,IN,2023-03-01,VERIFIED
CUS013547,RETAIL,IN,2022-10-17,VERIFIED
CUS013548,RETAIL,SG,2021-12-11,VERIFIED
CUS013549,RETAIL,IN,2024-10-22,VERIFIED
CUS013550,RETAIL,SG,2024-02-19,VERIFIED
CUS013551,RETAIL,AE,2024-06-06,VERIFIED
CUS013552,RETAIL,SG,2023-10-14,VERIFIED
CUS013553,RETAIL,AE,2022-06-04,VERIFIED
CUS013554,RETAIL,SG,2023-06-04,VERIFIED
CUS013555,RETAIL,IN,2023-02-12,VERIFIED
CUS013556,RETAIL,AE,2023-04-06,VERIFIED
CUS013557,RETAIL,IN,2024-12-25,VERIFIED
CUS013558,SME,IN,2024-08-18,VERIFIED
CUS013559,RETAIL,SG,2024-02-18,VERIFIED
CUS013560,SME,AE,2024-10-30,VERIFIED
CUS013561,RETAIL,AE,2021-11-07,VERIFIED
CUS013562,RETAIL,IN,2021-03-09,VERIFIED
CUS013563,RETAIL,SG,2023-02-23,VERIFIED
CUS013564,RETAIL,IN,2022-06-13,VERIFIED
CUS013565,RETAIL,SG,2024-10-15,VERIFIED
CUS013566,RETAIL,SG,2024-10-17,VERIFIED
CUS013567,RETAIL,IN,2022-09-08,PENDING
CUS013568,SME,AE,2022-01-16,VERIFIED
CUS013569,RETAIL,IN,2021-06-11,VERIFIED
CUS013570,RETAIL,IN,2023-08-15,VERIFIED
CUS013571,SME,AE,2023-05-27,VERIFIED
CUS013572,RETAIL,SG,2021-12-13,VERIFIED
CUS013573,RETAIL,IN,2024-06-18,PENDING
CUS013574,RETAIL,IN,2021-05-13,VERIFIED
CUS013575,RETAIL,IN,2023-11-12,VERIFIED
CUS013576,RETAIL,IN,2024-11-25,REJECTED
CUS013577,SME,IN,2021-12-22,VERIFIED
CUS013578,RETAIL,IN,2021-04-22,VERIFIED
CUS013579,RETAIL,IN,2023-02-27,VERIFIED
CUS013580,SME,SG,2024-05-14,VERIFIED
CUS013581,RETAIL,IN,2024-06-04,VERIFIED
CUS013582,SME,IN,2023-11-12,VERIFIED
CUS013583,SME,AE,2022-12-16,VERIFIED
CUS013584,RETAIL,IN,2022-08-08,VERIFIED
CUS013585,RETAIL,SG,2022-04-30,VERIFIED
CUS013586,RETAIL,IN,2022-04-05,VERIFIED
CUS013587,RETAIL,IN,2024-01-30,VERIFIED
CUS013588,RETAIL,SG,2024-05-08,VERIFIED
CUS013589,RETAIL,IN,2021-05-11,VERIFIED
CUS013590,RETAIL,IN,2024-06-24,VERIFIED
CUS013591,RETAIL,AE,2023-01-19,VERIFIED
CUS013592,SME,IN,2023-11-27,VERIFIED
CUS013593,RETAIL,SG,2022-03-15,VERIFIED
CUS013594,RETAIL,IN,2023-10-04,VERIFIED
CUS013595,RETAIL,IN,2024-08-14,VERIFIED
CUS013596,RETAIL,SG,2023-10-14,VERIFIED
CUS013597,RETAIL,IN,2024-08-14,VERIFIED
CUS013598,RETAIL,IN,2024-05-07,VERIFIED
CUS013599,RETAIL,AE,2023-03-12,VERIFIED
CUS013600,RETAIL,IN,2021-04-13,VERIFIED
CUS013601,RETAIL,SG,2024-03-23,VERIFIED
CUS013602,RETAIL,IN,2021-12-11,PENDING
CUS013603,RETAIL,IN,2023-01-04,VERIFIED
CUS013604,SME,SG,2021-03-31,VERIFIED
CUS013605,RETAIL,SG,2023-01-04,VERIFIED
CUS013606,RETAIL,IN,2024-08-09,VERIFIED
CUS013607,SME,SG,2023-06-07,VERIFIED
CUS013608,RETAIL,IN,2024-09-18,VERIFIED
CUS013609,RETAIL,IN,2024-02-26,VERIFIED
CUS013610,RETAIL,SG,2022-12-13,PENDING
CUS013611,RETAIL,IN,2021-07-21,VERIFIED
CUS013612,RETAIL,IN,2022-08-25,VERIFIED
CUS013613,RETAIL,SG,2023-08-10,VERIFIED
CUS013614,SME,IN,2022-07-27,VERIFIED
CUS013615,RETAIL,AE,2024-01-25,VERIFIED
CUS013616,RETAIL,SG,2024-08-24,VERIFIED
CUS013617,SME,IN,2022-03-11,VERIFIED
CUS013618,RETAIL,IN,2021-10-08,VERIFIED
CUS013619,SME,AE,2022-08-28,VERIFIED
CUS013620,SME,AE,2023-02-16,VERIFIED
CUS013621,SME,IN,2023-04-01,VERIFIED
CUS013622,RETAIL,IN,2023-08-05,VERIFIED
CUS013623,RETAIL,IN,2021-04-15,VERIFIED
CUS013624,SME,AE,2023-01-26,VERIFIED
CUS013625,RETAIL,AE,2021-08-30,VERIFIED
CUS013626,RETAIL,SG,2024-11-06,VERIFIED
CUS013627,RETAIL,IN,2023-08-27,VERIFIED
CUS013628,RETAIL,AE,2024-03-06,VERIFIED
CUS013629,SME,IN,2024-07-22,VERIFIED
CUS013630,SME,IN,2021-03-06,VERIFIED
CUS013631,RETAIL,IN,2024-10-21,VERIFIED
CUS013632,RETAIL,IN,2022-11-20,VERIFIED
CUS013633,RETAIL,IN,2024-03-03,VERIFIED
CUS013634,RETAIL,IN,2024-09-14,VERIFIED
CUS013635,RETAIL,IN,2021-03-28,VERIFIED
CUS013636,RETAIL,SG,2023-11-19,VERIFIED
CUS013637,RETAIL,IN,2023-08-28,VERIFIED
CUS013638,RETAIL,IN,2024-04-18,VERIFIED
CUS013639,RETAIL,IN,2022-05-17,VERIFIED
CUS013640,RETAIL,IN,2021-06-17,VERIFIED
CUS013641,SME,IN,2023-09-15,VERIFIED
CUS013642,RETAIL,SG,2021-11-30,VERIFIED
CUS013643,RETAIL,IN,2023-06-09,VERIFIED
CUS013644,RETAIL,IN,2022-11-28,VERIFIED
CUS013645,RETAIL,AE,2021-12-08,VERIFIED
CUS013646,RETAIL,IN,2021-05-10,VERIFIED
CUS013647,SME,SG,2022-09-02,VERIFIED
CUS013648,RETAIL,IN,2023-07-29,VERIFIED
CUS013649,RETAIL,AE,2023-03-17,VERIFIED
CUS013650,RETAIL,IN,2021-09-09,VERIFIED
CUS013651,RETAIL,IN,2023-08-26,VERIFIED
CUS013652,RETAIL,SG,2023-03-19,VERIFIED
CUS013653,SME,IN,2022-01-12,VERIFIED
CUS013654,RETAIL,SG,2021-10-01,VERIFIED
CUS013655,SME,IN,2023-04-17,VERIFIED
CUS013656,SME,IN,2021-07-21,VERIFIED
CUS013657,RETAIL,AE,2021-09-12,VERIFIED
CUS013658,RETAIL,AE,2023-03-25,VERIFIED
CUS013659,RETAIL,IN,2023-12-10,VERIFIED
CUS013660,RETAIL,IN,2024-04-27,VERIFIED
CUS013661,RETAIL,SG,2024-07-17,VERIFIED
CUS013662,RETAIL,SG,2024-04-07,VERIFIED
CUS013663,RETAIL,AE,2024-09-27,VERIFIED
CUS013664,RETAIL,AE,2023-11-24,VERIFIED
CUS013665,RETAIL,IN,2021-03-15,VERIFIED
CUS013666,SME,SG,2024-02-24,VERIFIED
CUS013667,RETAIL,IN,2023-07-13,VERIFIED
CUS013668,RETAIL,IN,2023-07-08,VERIFIED
CUS013669,RETAIL,SG,2023-01-05,VERIFIED
CUS013670,RETAIL,IN,2023-01-23,VERIFIED
CUS013671,RETAIL,IN,2022-10-11,VERIFIED
CUS013672,RETAIL,SG,2024-09-02,VERIFIED
CUS013673,RETAIL,IN,2023-10-10,VERIFIED
CUS013674,RETAIL,IN,2021-07-08,VERIFIED
CUS013675,RETAIL,IN,2021-04-06,VERIFIED
CUS013676,RETAIL,SG,2024-12-29,VERIFIED
CUS013677,RETAIL,IN,2022-08-03,VERIFIED
CUS013678,RETAIL,IN,2024-06-22,VERIFIED
CUS013679,RETAIL,IN,2022-12-14,VERIFIED
CUS013680,RETAIL,IN,2024-12-21,VERIFIED
CUS013681,RETAIL,AE,2022-02-08,VERIFIED
CUS013682,RETAIL,IN,2021-03-22,VERIFIED
CUS013683,SME,AE,2024-07-13,VERIFIED
CUS013684,RETAIL,IN,2023-06-07,VERIFIED
CUS013685,RETAIL,IN,2024-04-05,VERIFIED
CUS013686,SME,IN,2024-04-02,VERIFIED
CUS013687,RETAIL,SG,2021-12-19,VERIFIED
CUS013688,RETAIL,AE,2024-07-19,VERIFIED
CUS013689,RETAIL,IN,2024-07-12,VERIFIED
CUS013690,SME,IN,2023-08-02,VERIFIED
CUS013691,RETAIL,IN,2023-10-27,VERIFIED
CUS013692,RETAIL,IN,2021-04-06,VERIFIED
CUS013693,SME,IN,2023-06-29,VERIFIED
CUS013694,SME,AE,2022-11-25,VERIFIED
CUS013695,RETAIL,IN,2024-08-10,VERIFIED
CUS013696,RETAIL,SG,2023-08-25,VERIFIED
CUS013697,RETAIL,AE,2024-03-19,VERIFIED
CUS013698,SME,IN,2023-08-10,VERIFIED
CUS013699,RETAIL,IN,2023-11-03,VERIFIED
CUS013700,SME,AE,2024-07-21,VERIFIED
CUS013701,RETAIL,IN,2022-11-17,VERIFIED
CUS013702,SME,IN,2023-01-09,VERIFIED
CUS013703,RETAIL,AE,2023-01-06,VERIFIED
CUS013704,RETAIL,IN,2023-05-19,VERIFIED
CUS013705,SME,AE,2022-12-29,VERIFIED
CUS013706,RETAIL,IN,2022-03-18,VERIFIED
CUS013707,RETAIL,IN,2024-01-01,VERIFIED
CUS013708,RETAIL,IN,2024-04-08,VERIFIED
CUS013709,SME,IN,2022-05-29,VERIFIED
CUS013710,RETAIL,IN,2024-06-23,VERIFIED
CUS013711,RETAIL,IN,2023-08-28,VERIFIED
CUS013712,RETAIL,IN,2022-10-10,VERIFIED
CUS013713,SME,IN,2022-10-06,VERIFIED
CUS013714,SME,IN,2022-02-28,VERIFIED
CUS013715,RETAIL,IN,2023-03-13,VERIFIED
CUS013716,RETAIL,IN,2023-02-05,VERIFIED
CUS013717,RETAIL,IN,2024-10-31,VERIFIED
CUS013718,RETAIL,IN,2021-12-22,VERIFIED
CUS013719,RETAIL,IN,2024-02-05,VERIFIED
CUS013720,RETAIL,IN,2021-10-12,VERIFIED
CUS013721,RETAIL,IN,2022-07-14,VERIFIED
CUS013722,RETAIL,SG,2021-06-28,VERIFIED
CUS013723,RETAIL,SG,2021-08-25,VERIFIED
CUS013724,SME,IN,2023-07-22,PENDING
CUS013725,RETAIL,AE,2023-06-30,VERIFIED
CUS013726,SME,IN,2021-07-15,VERIFIED
CUS013727,SME,IN,2021-08-14,VERIFIED
CUS013728,RETAIL,IN,2022-04-15,VERIFIED
CUS013729,RETAIL,IN,2021-06-19,PENDING
CUS013730,RETAIL,IN,2022-08-11,VERIFIED
CUS013731,RETAIL,IN,2024-11-28,VERIFIED
CUS013732,RETAIL,SG,2022-11-18,VERIFIED
CUS013733,RETAIL,IN,2023-08-02,VERIFIED
CUS013734,RETAIL,IN,2024-12-05,VERIFIED
CUS013735,SME,IN,2022-11-15,VERIFIED
CUS013736,RETAIL,IN,2022-11-09,VERIFIED
CUS013737,RETAIL,IN,2022-03-14,VERIFIED
CUS013738,RETAIL,IN,2022-01-07,VERIFIED
CUS013739,SME,IN,2023-10-08,VERIFIED
CUS013740,SME,IN,2021-03-20,VERIFIED
CUS013741,RETAIL,IN,2023-04-24,VERIFIED
CUS013742,RETAIL,AE,2023-05-06,VERIFIED
CUS013743,RETAIL,AE,2024-04-24,VERIFIED
CUS013744,RETAIL,IN,2021-03-17,VERIFIED
CUS013745,SME,IN,2023-06-30,VERIFIED
CUS013746,RETAIL,SG,2024-05-07,VERIFIED
CUS013747,RETAIL,AE,2021-10-05,VERIFIED
CUS013748,RETAIL,IN,2021-05-01,VERIFIED
CUS013749,RETAIL,IN,2024-03-08,VERIFIED
CUS013750,RETAIL,SG,2022-09-29,VERIFIED
CUS013751,RETAIL,IN,2021-07-14,VERIFIED
CUS013752,RETAIL,SG,2022-06-19,VERIFIED
CUS013753,RETAIL,IN,2023-05-01,VERIFIED
CUS013754,RETAIL,IN,2022-10-21,PENDING
CUS013755,RETAIL,SG,2024-08-12,VERIFIED
CUS013756,SME,SG,2021-03-28,VERIFIED
CUS013757,RETAIL,IN,2023-01-14,VERIFIED
CUS013758,RETAIL,SG,2024-10-31,VERIFIED
CUS013759,RETAIL,AE,2023-09-16,VERIFIED
CUS013760,SME,IN,2023-06-07,VERIFIED
CUS013761,RETAIL,AE,2021-03-11,VERIFIED
CUS013762,SME,IN,2021-08-25,VERIFIED
CUS013763,RETAIL,IN,2023-11-03,VERIFIED
CUS013764,RETAIL,AE,2024-05-13,VERIFIED
CUS013765,RETAIL,IN,2024-11-03,VERIFIED
CUS013766,RETAIL,AE,2022-10-27,VERIFIED
CUS013767,RETAIL,IN,2023-04-19,VERIFIED
CUS013768,RETAIL,IN,2022-12-30,PENDING
CUS013769,RETAIL,IN,2023-12-17,VERIFIED
CUS013770,RETAIL,IN,2021-11-28,VERIFIED
CUS013771,RETAIL,AE,2023-01-09,VERIFIED
CUS013772,RETAIL,IN,2021-06-26,VERIFIED
CUS013773,RETAIL,IN,2024-02-01,VERIFIED
CUS013774,RETAIL,IN,2024-01-05,VERIFIED
CUS013775,RETAIL,IN,2022-10-04,VERIFIED
CUS013776,RETAIL,SG,2022-05-07,VERIFIED
CUS013777,SME,SG,2023-11-15,VERIFIED
CUS013778,RETAIL,IN,2022-11-27,VERIFIED
CUS013779,RETAIL,IN,2023-01-17,VERIFIED
CUS013780,RETAIL,SG,2022-06-19,VERIFIED
CUS013781,RETAIL,IN,2022-07-26,VERIFIED
CUS013782,RETAIL,IN,2024-03-27,VERIFIED
CUS013783,RETAIL,IN,2024-07-26,VERIFIED
CUS013784,RETAIL,IN,2023-12-17,VERIFIED
CUS013785,RETAIL,IN,2024-07-09,VERIFIED
CUS013786,RETAIL,IN,2022-11-24,VERIFIED
CUS013787,RETAIL,SG,2023-01-15,VERIFIED
CUS013788,RETAIL,IN,2024-12-28,VERIFIED
CUS013789,RETAIL,SG,2021-11-04,VERIFIED
CUS013790,RETAIL,IN,2022-04-05,VERIFIED
CUS013791,RETAIL,IN,2023-03-20,VERIFIED
CUS013792,RETAIL,SG,2024-05-20,VERIFIED
CUS013793,RETAIL,IN,2024-05-21,VERIFIED
CUS013794,SME,IN,2021-06-08,VERIFIED
CUS013795,SME,IN,2024-02-06,VERIFIED
CUS013796,RETAIL,SG,2021-09-15,VERIFIED
CUS013797,RETAIL,IN,2022-06-18,VERIFIED
CUS013798,RETAIL,SG,2022-08-13,VERIFIED
CUS013799,RETAIL,IN,2021-10-19,VERIFIED
CUS013800,SME,IN,2021-08-03,VERIFIED
CUS013801,RETAIL,IN,2023-12-20,VERIFIED
CUS013802,RETAIL,IN,2021-03-21,VERIFIED
CUS013803,SME,AE,2024-07-06,VERIFIED
CUS013804,SME,IN,2022-01-13,VERIFIED
CUS013805,RETAIL,AE,2023-07-11,VERIFIED
CUS013806,RETAIL,IN,2022-08-08,VERIFIED
CUS013807,RETAIL,IN,2021-10-20,PENDING
CUS013808,RETAIL,IN,2023-04-14,VERIFIED
CUS013809,SME,SG,2024-09-09,VERIFIED
CUS013810,RETAIL,IN,2021-11-20,VERIFIED
CUS013811,RETAIL,IN,2024-07-01,VERIFIED
CUS013812,RETAIL,AE,2022-04-21,VERIFIED
CUS013813,SME,SG,2023-04-26,VERIFIED
CUS013814,RETAIL,IN,2023-03-12,VERIFIED
CUS013815,RETAIL,SG,2023-12-31,VERIFIED
CUS013816,SME,IN,2023-02-01,VERIFIED
CUS013817,SME,IN,2024-04-14,VERIFIED
CUS013818,RETAIL,IN,2024-02-16,VERIFIED
CUS013819,RETAIL,SG,2023-03-11,VERIFIED
CUS013820,SME,IN,2021-12-24,REJECTED
CUS013821,RETAIL,SG,2023-01-13,VERIFIED
CUS013822,RETAIL,SG,2021-08-21,VERIFIED
CUS013823,RETAIL,IN,2023-12-14,VERIFIED
CUS013824,SME,IN,2024-12-09,VERIFIED
CUS013825,SME,SG,2023-10-28,VERIFIED
CUS013826,RETAIL,IN,2024-07-29,VERIFIED
CUS013827,RETAIL,IN,2022-12-31,VERIFIED
CUS013828,RETAIL,IN,2021-03-16,VERIFIED
CUS013829,RETAIL,AE,2023-02-17,VERIFIED
CUS013830,SME,IN,2024-04-27,VERIFIED
CUS013831,RETAIL,IN,2022-10-07,VERIFIED
CUS013832,RETAIL,IN,2022-03-07,VERIFIED
CUS013833,RETAIL,IN,2021-09-01,VERIFIED
CUS013834,RETAIL,AE,2023-02-28,VERIFIED
CUS013835,RETAIL,IN,2023-05-18,VERIFIED
CUS013836,RETAIL,SG,2023-01-03,VERIFIED
CUS013837,RETAIL,SG,2024-03-08,REJECTED
CUS013838,RETAIL,IN,2024-08-03,VERIFIED
CUS013839,RETAIL,SG,2022-01-17,VERIFIED
CUS013840,RETAIL,AE,2024-06-23,VERIFIED
CUS013841,RETAIL,SG,2022-05-13,VERIFIED
CUS013842,RETAIL,SG,2022-10-15,VERIFIED
CUS013843,RETAIL,IN,2023-03-14,VERIFIED
CUS013844,SME,AE,2023-07-23,VERIFIED
CUS013845,RETAIL,IN,2021-03-26,VERIFIED
CUS013846,RETAIL,SG,2021-12-12,VERIFIED
CUS013847,RETAIL,IN,2024-05-17,VERIFIED
CUS013848,RETAIL,IN,2021-04-12,VERIFIED
CUS013849,RETAIL,AE,2024-07-04,VERIFIED
CUS013850,RETAIL,IN,2021-11-21,VERIFIED
CUS013851,RETAIL,IN,2023-05-15,VERIFIED
CUS013852,RETAIL,SG,2023-06-13,PENDING
CUS013853,RETAIL,AE,2023-01-27,VERIFIED
CUS013854,RETAIL,SG,2023-02-26,VERIFIED
CUS013855,RETAIL,AE,2024-07-09,VERIFIED
CUS013856,RETAIL,SG,2024-05-27,VERIFIED
CUS013857,RETAIL,AE,2022-03-09,VERIFIED
CUS013858,RETAIL,IN,2022-05-04,VERIFIED
CUS013859,SME,IN,2023-07-01,VERIFIED
CUS013860,RETAIL,AE,2023-04-16,VERIFIED
CUS013861,RETAIL,AE,2023-07-15,VERIFIED
CUS013862,SME,IN,2021-09-19,PENDING
CUS013863,RETAIL,IN,2024-09-26,VERIFIED
CUS013864,RETAIL,IN,2022-07-04,VERIFIED
CUS013865,SME,SG,2023-10-28,VERIFIED
CUS013866,RETAIL,AE,2024-05-08,PENDING
CUS013867,RETAIL,IN,2024-05-27,VERIFIED
CUS013868,RETAIL,IN,2023-06-06,VERIFIED
CUS013869,SME,IN,2024-06-12,VERIFIED
CUS013870,RETAIL,AE,2022-05-30,VERIFIED
CUS013871,RETAIL,IN,2023-09-30,VERIFIED
CUS013872,RETAIL,IN,2021-09-18,VERIFIED
CUS013873,SME,IN,2024-06-11,VERIFIED
CUS013874,RETAIL,SG,2023-08-29,VERIFIED
CUS013875,RETAIL,IN,2023-07-16,REJECTED
CUS013876,RETAIL,IN,2022-06-09,VERIFIED
CUS013877,RETAIL,IN,2023-11-14,VERIFIED
CUS013878,RETAIL,AE,2024-05-03,VERIFIED
CUS013879,RETAIL,IN,2023-06-13,VERIFIED
CUS013880,SME,IN,2021-07-15,VERIFIED
CUS013881,RETAIL,IN,2021-11-18,VERIFIED
CUS013882,RETAIL,IN,2022-10-19,VERIFIED
CUS013883,SME,SG,2021-03-09,VERIFIED
CUS013884,RETAIL,SG,2022-01-21,PENDING
CUS013885,RETAIL,IN,2022-01-26,VERIFIED
CUS013886,RETAIL,AE,2023-06-26,PENDING
CUS013887,RETAIL,IN,2023-02-08,VERIFIED
CUS013888,RETAIL,AE,2021-05-26,VERIFIED
CUS013889,RETAIL,IN,2021-06-15,VERIFIED
CUS013890,RETAIL,IN,2022-03-30,VERIFIED
CUS013891,RETAIL,AE,2024-08-18,VERIFIED
CUS013892,RETAIL,AE,2024-05-31,VERIFIED
CUS013893,RETAIL,SG,2023-04-03,VERIFIED
CUS013894,SME,SG,2022-11-23,VERIFIED
CUS013895,RETAIL,SG,2022-08-13,VERIFIED
CUS013896,SME,SG,2023-12-18,VERIFIED
CUS013897,RETAIL,IN,2022-01-05,VERIFIED
CUS013898,RETAIL,IN,2021-10-23,VERIFIED
CUS013899,RETAIL,SG,2024-03-16,VERIFIED
CUS013900,SME,IN,2022-01-02,VERIFIED
CUS013901,SME,AE,2024-06-04,VERIFIED
CUS013902,RETAIL,IN,2023-02-09,VERIFIED
CUS013903,RETAIL,IN,2021-08-22,VERIFIED
CUS013904,RETAIL,IN,2023-11-06,VERIFIED
CUS013905,RETAIL,AE,2022-05-18,VERIFIED
CUS013906,SME,IN,2021-09-26,VERIFIED
CUS013907,RETAIL,AE,2023-02-14,PENDING
CUS013908,RETAIL,IN,2021-09-29,VERIFIED
CUS013909,RETAIL,IN,2022-07-24,VERIFIED
CUS013910,RETAIL,SG,2023-01-25,VERIFIED
CUS013911,RETAIL,IN,2024-07-20,VERIFIED
CUS013912,RETAIL,SG,2022-04-03,VERIFIED
CUS013913,RETAIL,IN,2023-10-24,VERIFIED
CUS013914,RETAIL,IN,2023-11-29,VERIFIED
CUS013915,RETAIL,IN,2021-06-24,VERIFIED
CUS013916,SME,AE,2023-09-01,VERIFIED
CUS013917,RETAIL,IN,2023-08-17,VERIFIED
CUS013918,SME,IN,2021-05-21,VERIFIED
CUS013919,RETAIL,SG,2023-11-23,VERIFIED
CUS013920,SME,AE,2022-03-08,VERIFIED
CUS013921,RETAIL,AE,2023-01-04,VERIFIED
CUS013922,SME,AE,2024-09-23,REJECTED
CUS013923,RETAIL,IN,2022-10-10,VERIFIED
CUS013924,RETAIL,IN,2023-04-02,VERIFIED
CUS013925,RETAIL,AE,2022-03-22,VERIFIED
CUS013926,RETAIL,AE,2023-06-27,VERIFIED
CUS013927,SME,SG,2024-01-31,VERIFIED
CUS013928,RETAIL,SG,2024-02-13,VERIFIED
CUS013929,RETAIL,AE,2022-12-24,VERIFIED
CUS013930,RETAIL,IN,2021-03-11,VERIFIED
CUS013931,RETAIL,IN,2023-04-12,VERIFIED
CUS013932,SME,AE,2024-06-25,VERIFIED
CUS013933,SME,IN,2021-11-07,VERIFIED
CUS013934,RETAIL,IN,2023-10-20,VERIFIED
CUS013935,RETAIL,IN,2023-05-18,VERIFIED
CUS013936,RETAIL,SG,2021-10-01,VERIFIED
CUS013937,RETAIL,SG,2024-07-30,PENDING
CUS013938,SME,SG,2024-06-30,VERIFIED
CUS013939,RETAIL,IN,2024-03-25,VERIFIED
CUS013940,RETAIL,IN,2023-07-25,PENDING
CUS013941,RETAIL,IN,2021-09-19,VERIFIED
CUS013942,RETAIL,AE,2022-07-29,VERIFIED
CUS013943,RETAIL,IN,2022-01-12,VERIFIED
CUS013944,RETAIL,SG,2023-09-18,VERIFIED
CUS013945,RETAIL,IN,2023-06-04,VERIFIED
CUS013946,SME,SG,2023-06-09,PENDING
CUS013947,RETAIL,IN,2024-07-27,VERIFIED
CUS013948,SME,SG,2022-11-23,VERIFIED
CUS013949,RETAIL,SG,2023-09-24,VERIFIED
CUS013950,RETAIL,IN,2021-05-09,VERIFIED
CUS013951,RETAIL,IN,2022-05-10,VERIFIED
CUS013952,RETAIL,IN,2021-08-31,VERIFIED
CUS013953,SME,IN,2024-04-03,VERIFIED
CUS013954,RETAIL,SG,2024-07-29,VERIFIED
CUS013955,RETAIL,IN,2023-05-01,VERIFIED
CUS013956,RETAIL,SG,2022-10-27,VERIFIED
CUS013957,RETAIL,IN,2022-11-10,VERIFIED
CUS013958,RETAIL,SG,2022-07-02,VERIFIED
CUS013959,RETAIL,IN,2021-10-24,VERIFIED
CUS013960,RETAIL,IN,2023-10-03,VERIFIED
CUS013961,RETAIL,IN,2023-11-20,VERIFIED
CUS013962,RETAIL,SG,2023-12-29,VERIFIED
CUS013963,RETAIL,IN,2023-08-12,VERIFIED
CUS013964,RETAIL,SG,2022-09-18,VERIFIED
CUS013965,RETAIL,IN,2021-12-04,VERIFIED
CUS013966,SME,AE,2023-06-01,VERIFIED
CUS013967,RETAIL,SG,2023-05-27,VERIFIED
CUS013968,RETAIL,IN,2021-07-14,VERIFIED
CUS013969,RETAIL,SG,2023-09-09,PENDING
CUS013970,RETAIL,IN,2024-05-18,VERIFIED
CUS013971,RETAIL,SG,2023-09-07,VERIFIED
CUS013972,RETAIL,IN,2024-11-05,VERIFIED
CUS013973,RETAIL,SG,2023-08-08,VERIFIED
CUS013974,SME,IN,2021-07-22,VERIFIED
CUS013975,SME,IN,2021-11-24,VERIFIED
CUS013976,RETAIL,SG,2021-07-27,VERIFIED
CUS013977,RETAIL,IN,2023-11-08,VERIFIED
CUS013978,SME,IN,2023-05-29,VERIFIED
CUS013979,RETAIL,IN,2021-10-02,VERIFIED
CUS013980,SME,AE,2022-02-11,VERIFIED
CUS013981,RETAIL,IN,2024-04-17,VERIFIED
CUS013982,SME,IN,2021-10-05,VERIFIED
CUS013983,RETAIL,AE,2024-08-10,VERIFIED
CUS013984,RETAIL,AE,2024-01-11,VERIFIED
CUS013985,RETAIL,IN,2022-12-17,VERIFIED
CUS013986,RETAIL,IN,2022-06-30,VERIFIED
CUS013987,RETAIL,IN,2021-12-11,VERIFIED
CUS013988,RETAIL,AE,2022-03-06,VERIFIED
CUS013989,RETAIL,IN,2023-12-01,VERIFIED
CUS013990,SME,IN,2023-08-20,VERIFIED
CUS013991,SME,IN,2022-03-28,VERIFIED
CUS013992,SME,IN,2021-05-18,VERIFIED
CUS013993,SME,IN,2021-09-05,VERIFIED
CUS013994,SME,SG,2021-04-18,VERIFIED
CUS013995,SME,IN,2022-06-01,VERIFIED
CUS013996,RETAIL,IN,2023-02-20,VERIFIED
CUS013997,RETAIL,AE,2022-01-24,VERIFIED
CUS013998,SME,IN,2024-09-17,VERIFIED
CUS013999,RETAIL,IN,2021-06-01,VERIFIED
CUS014000,RETAIL,IN,2021-06-25,VERIFIED
CUS014001,RETAIL,SG,2023-01-26,VERIFIED
CUS014002,RETAIL,IN,2022-12-31,VERIFIED
CUS014003,RETAIL,SG,2022-12-22,VERIFIED
CUS014004,RETAIL,IN,2024-06-21,VERIFIED
CUS014005,RETAIL,IN,2024-03-19,VERIFIED
CUS014006,RETAIL,IN,2022-03-14,VERIFIED
CUS014007,RETAIL,IN,2024-11-17,VERIFIED
CUS014008,RETAIL,IN,2022-05-15,VERIFIED
CUS014009,RETAIL,SG,2023-11-01,VERIFIED
CUS014010,RETAIL,IN,2024-06-20,VERIFIED
CUS014011,RETAIL,IN,2022-09-20,VERIFIED
CUS014012,SME,AE,2023-12-14,VERIFIED
CUS014013,RETAIL,IN,2023-04-16,VERIFIED
CUS014014,SME,IN,2021-09-10,VERIFIED
CUS014015,SME,IN,2022-04-30,VERIFIED
CUS014016,SME,IN,2021-04-15,VERIFIED
CUS014017,RETAIL,AE,2023-06-26,VERIFIED
CUS014018,RETAIL,AE,2023-06-14,VERIFIED
CUS014019,RETAIL,IN,2022-05-15,PENDING
CUS014020,RETAIL,AE,2024-06-27,VERIFIED
CUS014021,RETAIL,IN,2021-09-20,VERIFIED
CUS014022,RETAIL,AE,2023-08-28,VERIFIED
CUS014023,RETAIL,AE,2023-03-16,VERIFIED
CUS014024,RETAIL,IN,2023-01-22,VERIFIED
CUS014025,RETAIL,IN,2024-09-30,VERIFIED
CUS014026,RETAIL,SG,2023-11-08,VERIFIED
CUS014027,RETAIL,IN,2024-06-20,VERIFIED
CUS014028,RETAIL,IN,2022-08-30,VERIFIED
CUS014029,RETAIL,SG,2022-04-18,VERIFIED
CUS014030,SME,IN,2024-12-21,VERIFIED
CUS014031,RETAIL,IN,2024-12-21,VERIFIED
CUS014032,SME,IN,2021-11-15,VERIFIED
CUS014033,RETAIL,SG,2023-09-21,VERIFIED
CUS014034,RETAIL,IN,2021-10-07,VERIFIED
CUS014035,RETAIL,IN,2022-06-25,VERIFIED
CUS014036,RETAIL,IN,2022-01-01,PENDING
CUS014037,RETAIL,IN,2023-07-13,VERIFIED
CUS014038,RETAIL,SG,2023-11-04,VERIFIED
CUS014039,RETAIL,IN,2022-03-27,VERIFIED
CUS014040,RETAIL,SG,2022-07-31,VERIFIED
CUS014041,RETAIL,IN,2022-10-26,PENDING
CUS014042,SME,SG,2023-08-09,VERIFIED
CUS014043,RETAIL,IN,2022-08-26,VERIFIED
CUS014044,RETAIL,AE,2023-07-07,VERIFIED
CUS014045,RETAIL,IN,2021-08-04,VERIFIED
CUS014046,RETAIL,AE,2022-04-15,VERIFIED
CUS014047,SME,IN,2023-06-26,VERIFIED
CUS014048,RETAIL,IN,2021-10-09,VERIFIED
CUS014049,RETAIL,IN,2024-09-24,VERIFIED
CUS014050,RETAIL,IN,2021-10-26,VERIFIED
CUS014051,RETAIL,IN,2023-06-01,PENDING
CUS014052,RETAIL,SG,2024-02-13,VERIFIED
CUS014053,RETAIL,SG,2021-10-27,VERIFIED
CUS014054,SME,IN,2022-06-25,VERIFIED
CUS014055,RETAIL,AE,2024-09-20,VERIFIED
CUS014056,RETAIL,IN,2023-12-25,VERIFIED
CUS014057,RETAIL,IN,2023-04-11,VERIFIED
CUS014058,RETAIL,SG,2022-08-06,VERIFIED
CUS014059,RETAIL,IN,2021-11-29,VERIFIED
CUS014060,SME,IN,2023-08-06,VERIFIED
CUS014061,RETAIL,IN,2021-11-26,VERIFIED
CUS014062,RETAIL,IN,2021-12-23,PENDING
CUS014063,SME,IN,2023-07-22,VERIFIED
CUS014064,SME,IN,2021-05-30,VERIFIED
CUS014065,RETAIL,IN,2021-05-21,VERIFIED
CUS014066,SME,SG,2023-11-23,VERIFIED
CUS014067,RETAIL,AE,2022-11-14,VERIFIED
CUS014068,SME,IN,2021-09-03,VERIFIED
CUS014069,RETAIL,IN,2022-12-09,VERIFIED
CUS014070,RETAIL,IN,2022-03-02,VERIFIED
CUS014071,SME,IN,2021-12-09,VERIFIED
CUS014072,RETAIL,IN,2022-11-01,VERIFIED
CUS014073,SME,SG,2023-08-17,VERIFIED
CUS014074,RETAIL,SG,2022-12-29,VERIFIED
CUS014075,RETAIL,IN,2021-10-24,VERIFIED
CUS014076,RETAIL,SG,2023-10-12,VERIFIED
CUS014077,RETAIL,SG,2021-10-07,VERIFIED
CUS014078,RETAIL,AE,2024-03-23,VERIFIED
CUS014079,RETAIL,IN,2023-03-27,VERIFIED
CUS014080,RETAIL,SG,2024-09-07,VERIFIED
CUS014081,RETAIL,SG,2021-09-24,VERIFIED
CUS014082,RETAIL,IN,2022-04-10,VERIFIED
CUS014083,RETAIL,SG,2024-07-20,VERIFIED
CUS014084,RETAIL,SG,2024-02-25,PENDING
CUS014085,SME,IN,2022-12-25,VERIFIED
CUS014086,RETAIL,IN,2023-02-08,VERIFIED
CUS014087,RETAIL,IN,2024-07-28,VERIFIED
CUS014088,RETAIL,SG,2021-08-05,VERIFIED
CUS014089,RETAIL,IN,2023-03-28,VERIFIED
CUS014090,RETAIL,IN,2022-06-07,VERIFIED
CUS014091,RETAIL,IN,2022-02-13,VERIFIED
CUS014092,SME,SG,2024-05-10,VERIFIED
CUS014093,SME,SG,2023-09-23,VERIFIED
CUS014094,RETAIL,IN,2022-03-10,VERIFIED
CUS014095,RETAIL,IN,2022-01-14,VERIFIED
CUS014096,RETAIL,IN,2024-03-07,VERIFIED
CUS014097,RETAIL,IN,2023-10-12,VERIFIED
CUS014098,RETAIL,SG,2022-01-06,VERIFIED
CUS014099,RETAIL,IN,2023-09-08,VERIFIED
CUS014100,RETAIL,SG,2024-09-15,VERIFIED
CUS014101,SME,SG,2023-02-04,VERIFIED
CUS014102,RETAIL,AE,2024-06-17,VERIFIED
CUS014103,RETAIL,IN,2022-09-23,VERIFIED
CUS014104,RETAIL,IN,2021-06-04,VERIFIED
CUS014105,SME,IN,2024-08-13,VERIFIED
CUS014106,RETAIL,AE,2023-12-06,VERIFIED
CUS014107,SME,SG,2022-11-01,VERIFIED
CUS014108,SME,SG,2024-06-05,VERIFIED
CUS014109,RETAIL,SG,2022-12-15,VERIFIED
CUS014110,RETAIL,IN,2024-03-07,VERIFIED
CUS014111,RETAIL,IN,2022-07-26,VERIFIED
CUS014112,RETAIL,SG,2023-08-15,VERIFIED
CUS014113,RETAIL,IN,2021-06-16,VERIFIED
CUS014114,SME,AE,2021-10-17,VERIFIED
CUS014115,SME,AE,2021-03-13,VERIFIED
CUS014116,RETAIL,AE,2024-06-02,VERIFIED
CUS014117,RETAIL,SG,2021-05-15,VERIFIED
CUS014118,RETAIL,IN,2024-12-10,VERIFIED
CUS014119,RETAIL,IN,2024-03-01,VERIFIED
CUS014120,RETAIL,IN,2021-09-09,VERIFIED
CUS014121,SME,SG,2021-09-12,VERIFIED
CUS014122,RETAIL,IN,2023-11-09,VERIFIED
CUS014123,RETAIL,AE,2021-10-11,VERIFIED
CUS014124,RETAIL,IN,2024-09-16,VERIFIED
CUS014125,RETAIL,IN,2023-09-19,VERIFIED
CUS014126,SME,IN,2024-11-24,REJECTED
CUS014127,SME,SG,2023-01-08,VERIFIED
CUS014128,RETAIL,IN,2021-07-22,VERIFIED
CUS014129,RETAIL,IN,2022-08-27,VERIFIED
CUS014130,SME,IN,2022-12-31,VERIFIED
CUS014131,RETAIL,IN,2024-03-30,VERIFIED
CUS014132,RETAIL,AE,2022-08-31,VERIFIED
CUS014133,SME,IN,2023-10-06,VERIFIED
CUS014134,RETAIL,IN,2022-08-23,VERIFIED
CUS014135,RETAIL,IN,2024-07-03,VERIFIED
CUS014136,RETAIL,IN,2023-01-01,VERIFIED
CUS014137,RETAIL,IN,2023-02-05,VERIFIED
CUS014138,SME,IN,2022-01-21,VERIFIED
CUS014139,RETAIL,IN,2021-07-09,VERIFIED
CUS014140,RETAIL,IN,2021-07-13,PENDING
CUS014141,RETAIL,IN,2023-09-11,VERIFIED
CUS014142,SME,SG,2022-07-19,VERIFIED
CUS014143,RETAIL,IN,2022-07-02,VERIFIED
CUS014144,RETAIL,SG,2021-10-08,VERIFIED
CUS014145,RETAIL,SG,2021-11-29,VERIFIED
CUS014146,RETAIL,AE,2024-12-19,VERIFIED
CUS014147,RETAIL,IN,2021-12-07,VERIFIED
CUS014148,RETAIL,SG,2023-03-01,VERIFIED
CUS014149,RETAIL,AE,2021-05-12,VERIFIED
CUS014150,RETAIL,AE,2022-09-09,VERIFIED
CUS014151,RETAIL,SG,2023-07-10,PENDING
CUS014152,RETAIL,IN,2024-03-26,VERIFIED
CUS014153,SME,AE,2021-05-14,VERIFIED
CUS014154,RETAIL,SG,2024-05-22,VERIFIED
CUS014155,RETAIL,IN,2024-08-28,VERIFIED
CUS014156,RETAIL,IN,2024-06-25,VERIFIED
CUS014157,RETAIL,AE,2022-11-21,VERIFIED
CUS014158,RETAIL,IN,2023-11-30,VERIFIED
CUS014159,RETAIL,SG,2022-10-11,VERIFIED
CUS014160,RETAIL,IN,2021-11-06,VERIFIED
CUS014161,RETAIL,SG,2023-11-21,VERIFIED
CUS014162,RETAIL,IN,2024-11-24,VERIFIED
CUS014163,RETAIL,SG,2023-08-18,VERIFIED
CUS014164,RETAIL,IN,2022-09-11,VERIFIED
CUS014165,SME,AE,2022-03-19,VERIFIED
CUS014166,RETAIL,IN,2024-09-28,VERIFIED
CUS014167,RETAIL,IN,2021-08-21,PENDING
CUS014168,RETAIL,IN,2022-09-24,PENDING
CUS014169,SME,IN,2023-02-27,VERIFIED
CUS014170,RETAIL,AE,2024-01-14,REJECTED
CUS014171,SME,IN,2021-04-30,VERIFIED
CUS014172,RETAIL,IN,2024-05-26,VERIFIED
CUS014173,RETAIL,SG,2023-04-14,VERIFIED
CUS014174,RETAIL,IN,2023-03-21,PENDING
CUS014175,RETAIL,IN,2022-11-28,VERIFIED
CUS014176,RETAIL,SG,2024-02-13,PENDING
CUS014177,SME,IN,2021-05-22,VERIFIED
CUS014178,SME,AE,2023-07-22,VERIFIED
CUS014179,RETAIL,SG,2022-04-10,VERIFIED
CUS014180,RETAIL,IN,2022-07-30,VERIFIED
CUS014181,RETAIL,IN,2024-03-23,VERIFIED
CUS014182,RETAIL,AE,2021-06-01,VERIFIED
CUS014183,RETAIL,IN,2023-03-29,VERIFIED
CUS014184,RETAIL,SG,2022-08-21,PENDING
CUS014185,RETAIL,IN,2022-07-12,VERIFIED
CUS014186,SME,IN,2023-01-23,VERIFIED
CUS014187,RETAIL,SG,2022-07-23,VERIFIED
CUS014188,RETAIL,IN,2022-11-14,PENDING
CUS014189,SME,IN,2022-03-02,VERIFIED
CUS014190,RETAIL,IN,2023-03-13,VERIFIED
CUS014191,RETAIL,SG,2021-11-21,VERIFIED
CUS014192,SME,IN,2022-11-06,VERIFIED
CUS014193,RETAIL,IN,2021-03-06,VERIFIED
CUS014194,RETAIL,IN,2022-10-26,VERIFIED
CUS014195,RETAIL,AE,2022-09-28,VERIFIED
CUS014196,RETAIL,IN,2023-02-12,VERIFIED
CUS014197,RETAIL,IN,2023-06-25,VERIFIED
CUS014198,RETAIL,IN,2021-12-25,VERIFIED
CUS014199,RETAIL,IN,2022-07-28,VERIFIED
CUS014200,SME,IN,2023-07-04,VERIFIED
CUS014201,RETAIL,AE,2021-11-29,VERIFIED
CUS014202,RETAIL,SG,2024-08-03,VERIFIED
CUS014203,RETAIL,IN,2024-10-06,VERIFIED
CUS014204,RETAIL,IN,2022-07-16,VERIFIED
CUS014205,RETAIL,IN,2023-04-01,VERIFIED
CUS014206,SME,IN,2021-12-14,VERIFIED
CUS014207,SME,IN,2022-06-17,VERIFIED
CUS014208,SME,IN,2022-01-05,VERIFIED
CUS014209,RETAIL,AE,2023-12-27,VERIFIED
CUS014210,RETAIL,IN,2024-01-15,VERIFIED
CUS014211,SME,IN,2024-01-16,VERIFIED
CUS014212,RETAIL,AE,2022-07-11,VERIFIED
CUS014213,RETAIL,IN,2022-06-02,VERIFIED
CUS014214,RETAIL,IN,2021-03-05,VERIFIED
CUS014215,SME,IN,2024-03-04,VERIFIED
CUS014216,RETAIL,AE,2024-08-08,VERIFIED
CUS014217,SME,IN,2021-05-01,VERIFIED
CUS014218,SME,IN,2023-01-01,VERIFIED
CUS014219,RETAIL,IN,2023-08-07,VERIFIED
CUS014220,RETAIL,IN,2023-11-01,VERIFIED
CUS014221,RETAIL,IN,2021-08-14,VERIFIED
CUS014222,RETAIL,IN,2021-12-21,VERIFIED
CUS014223,RETAIL,AE,2024-05-02,VERIFIED
CUS014224,RETAIL,SG,2023-10-05,VERIFIED
CUS014225,RETAIL,IN,2021-09-01,VERIFIED
CUS014226,RETAIL,IN,2022-03-11,VERIFIED
CUS014227,RETAIL,IN,2021-11-17,VERIFIED
CUS014228,RETAIL,IN,2024-05-22,VERIFIED
CUS014229,RETAIL,SG,2022-10-13,VERIFIED
CUS014230,SME,IN,2024-09-30,VERIFIED
CUS014231,RETAIL,AE,2023-04-12,VERIFIED
CUS014232,RETAIL,IN,2024-08-09,VERIFIED
CUS014233,RETAIL,SG,2023-12-23,VERIFIED
CUS014234,RETAIL,AE,2024-01-03,VERIFIED
CUS014235,RETAIL,SG,2024-04-12,VERIFIED
CUS014236,RETAIL,AE,2021-09-30,VERIFIED
CUS014237,RETAIL,SG,2023-08-01,VERIFIED
CUS014238,RETAIL,IN,2024-06-05,VERIFIED
CUS014239,SME,IN,2021-03-20,VERIFIED
CUS014240,RETAIL,IN,2024-11-16,VERIFIED
CUS014241,RETAIL,AE,2024-06-08,VERIFIED
CUS014242,RETAIL,IN,2021-09-25,VERIFIED
CUS014243,RETAIL,AE,2023-04-11,VERIFIED
CUS014244,SME,IN,2023-07-27,VERIFIED
CUS014245,RETAIL,SG,2023-11-01,VERIFIED
CUS014246,RETAIL,IN,2022-09-30,VERIFIED
CUS014247,RETAIL,AE,2023-08-18,VERIFIED
CUS014248,SME,IN,2024-09-06,VERIFIED
CUS014249,RETAIL,IN,2021-04-23,VERIFIED
CUS014250,SME,AE,2021-07-11,VERIFIED
CUS014251,RETAIL,IN,2024-04-30,VERIFIED
CUS014252,SME,IN,2023-01-26,VERIFIED
CUS014253,SME,AE,2023-04-07,VERIFIED
CUS014254,RETAIL,AE,2024-08-29,VERIFIED
CUS014255,SME,IN,2023-06-23,VERIFIED
CUS014256,SME,IN,2022-07-29,VERIFIED
CUS014257,SME,IN,2024-08-09,VERIFIED
CUS014258,RETAIL,IN,2023-08-09,VERIFIED
CUS014259,RETAIL,IN,2024-01-16,VERIFIED
CUS014260,RETAIL,IN,2023-08-26,VERIFIED
CUS014261,RETAIL,IN,2022-08-04,VERIFIED
CUS014262,RETAIL,IN,2023-06-10,VERIFIED
CUS014263,RETAIL,AE,2022-01-22,VERIFIED
CUS014264,SME,IN,2023-01-21,VERIFIED
CUS014265,RETAIL,IN,2022-05-09,VERIFIED
CUS014266,RETAIL,AE,2022-08-18,VERIFIED
CUS014267,RETAIL,SG,2021-11-15,VERIFIED
CUS014268,RETAIL,IN,2024-06-11,VERIFIED
CUS014269,RETAIL,AE,2021-03-16,VERIFIED
CUS014270,RETAIL,IN,2022-02-10,VERIFIED
CUS014271,RETAIL,IN,2024-03-30,VERIFIED
CUS014272,SME,IN,2024-11-24,VERIFIED
CUS014273,RETAIL,IN,2024-11-27,VERIFIED
CUS014274,RETAIL,SG,2022-04-29,VERIFIED
CUS014275,RETAIL,IN,2023-05-20,VERIFIED
CUS014276,RETAIL,AE,2024-04-20,VERIFIED
CUS014277,RETAIL,IN,2023-10-15,VERIFIED
CUS014278,SME,IN,2023-04-17,VERIFIED
CUS014279,RETAIL,IN,2024-11-05,VERIFIED
CUS014280,RETAIL,IN,2022-11-07,VERIFIED
CUS014281,RETAIL,AE,2024-11-12,VERIFIED
CUS014282,RETAIL,SG,2022-07-10,VERIFIED
CUS014283,RETAIL,SG,2024-10-08,VERIFIED
CUS014284,RETAIL,SG,2021-12-21,VERIFIED
CUS014285,RETAIL,IN,2024-01-13,VERIFIED
CUS014286,RETAIL,IN,2023-01-10,VERIFIED
CUS014287,RETAIL,IN,2023-07-11,VERIFIED
CUS014288,RETAIL,SG,2021-08-18,VERIFIED
CUS014289,RETAIL,IN,2021-12-16,VERIFIED
CUS014290,RETAIL,IN,2021-05-05,VERIFIED
CUS014291,RETAIL,SG,2022-04-06,VERIFIED
CUS014292,SME,IN,2021-04-06,VERIFIED
CUS014293,RETAIL,IN,2024-02-21,VERIFIED
CUS014294,RETAIL,IN,2023-10-12,VERIFIED
CUS014295,RETAIL,IN,2021-11-25,VERIFIED
CUS014296,RETAIL,IN,2024-11-17,PENDING
CUS014297,SME,AE,2024-04-26,VERIFIED
CUS014298,RETAIL,SG,2022-04-05,VERIFIED
CUS014299,SME,IN,2023-06-22,VERIFIED
CUS014300,RETAIL,SG,2024-01-15,VERIFIED
CUS014301,RETAIL,SG,2023-11-04,VERIFIED
CUS014302,RETAIL,SG,2022-01-23,VERIFIED
CUS014303,RETAIL,AE,2023-03-01,VERIFIED
CUS014304,RETAIL,SG,2024-12-25,VERIFIED
CUS014305,RETAIL,IN,2023-01-09,VERIFIED
CUS014306,RETAIL,IN,2022-01-09,VERIFIED
CUS014307,SME,IN,2024-05-14,VERIFIED
CUS014308,RETAIL,IN,2024-09-25,VERIFIED
CUS014309,RETAIL,AE,2022-08-07,VERIFIED
CUS014310,SME,IN,2021-08-19,VERIFIED
CUS014311,RETAIL,IN,2024-09-24,VERIFIED
CUS014312,RETAIL,AE,2022-07-05,VERIFIED
CUS014313,RETAIL,SG,2022-01-07,VERIFIED
CUS014314,RETAIL,IN,2024-05-20,VERIFIED
CUS014315,SME,AE,2024-01-03,VERIFIED
CUS014316,SME,IN,2023-01-22,VERIFIED
CUS014317,RETAIL,IN,2022-08-30,VERIFIED
CUS014318,SME,IN,2023-01-25,PENDING
CUS014319,RETAIL,AE,2024-04-19,VERIFIED
CUS014320,RETAIL,IN,2021-08-20,VERIFIED
CUS014321,RETAIL,IN,2023-05-23,VERIFIED
CUS014322,RETAIL,SG,2022-12-18,VERIFIED
CUS014323,RETAIL,AE,2022-12-13,VERIFIED
CUS014324,RETAIL,IN,2022-11-23,VERIFIED
CUS014325,SME,IN,2023-11-23,VERIFIED
CUS014326,RETAIL,AE,2023-10-13,VERIFIED
CUS014327,SME,SG,2024-06-21,VERIFIED
CUS014328,RETAIL,IN,2022-03-19,VERIFIED
CUS014329,RETAIL,IN,2023-10-20,VERIFIED
CUS014330,RETAIL,IN,2024-10-23,VERIFIED
CUS014331,RETAIL,SG,2024-10-28,VERIFIED
CUS014332,SME,IN,2021-04-17,VERIFIED
CUS014333,RETAIL,SG,2023-05-13,VERIFIED
CUS014334,RETAIL,IN,2022-09-06,VERIFIED
CUS014335,RETAIL,SG,2022-12-16,VERIFIED
CUS014336,RETAIL,IN,2021-10-06,VERIFIED
CUS014337,RETAIL,AE,2021-08-07,VERIFIED
CUS014338,SME,IN,2022-01-04,VERIFIED
CUS014339,RETAIL,IN,2021-03-29,VERIFIED
CUS014340,RETAIL,IN,2024-03-02,VERIFIED
CUS014341,RETAIL,IN,2023-04-13,VERIFIED
CUS014342,SME,IN,2023-11-24,VERIFIED
CUS014343,RETAIL,SG,2021-10-23,VERIFIED
CUS014344,RETAIL,AE,2023-12-09,VERIFIED
CUS014345,SME,IN,2021-12-16,VERIFIED
CUS014346,RETAIL,IN,2024-02-21,VERIFIED
CUS014347,RETAIL,IN,2022-05-07,VERIFIED
CUS014348,RETAIL,SG,2024-12-10,VERIFIED
CUS014349,SME,IN,2021-12-24,VERIFIED
CUS014350,RETAIL,IN,2021-11-01,VERIFIED
CUS014351,RETAIL,IN,2022-11-05,VERIFIED
CUS014352,RETAIL,IN,2022-12-11,VERIFIED
CUS014353,RETAIL,IN,2023-03-30,VERIFIED
CUS014354,RETAIL,IN,2022-09-27,VERIFIED
CUS014355,RETAIL,IN,2022-11-02,VERIFIED
CUS014356,RETAIL,SG,2023-02-13,VERIFIED
CUS014357,RETAIL,IN,2023-01-04,VERIFIED
CUS014358,SME,IN,2024-07-11,VERIFIED
CUS014359,RETAIL,IN,2023-03-21,VERIFIED
CUS014360,RETAIL,AE,2023-05-02,VERIFIED
CUS014361,RETAIL,SG,2021-07-28,VERIFIED
CUS014362,RETAIL,IN,2023-11-17,VERIFIED
CUS014363,SME,AE,2021-04-17,VERIFIED
CUS014364,SME,IN,2021-08-02,VERIFIED
CUS014365,RETAIL,IN,2022-01-01,VERIFIED
CUS014366,RETAIL,SG,2022-04-26,VERIFIED
CUS014367,RETAIL,SG,2023-10-16,PENDING
CUS014368,RETAIL,IN,2024-05-19,VERIFIED
CUS014369,RETAIL,IN,2021-12-23,VERIFIED
CUS014370,RETAIL,IN,2022-04-25,VERIFIED
CUS014371,RETAIL,IN,2021-10-25,VERIFIED
CUS014372,RETAIL,AE,2022-11-26,VERIFIED
CUS014373,RETAIL,IN,2021-07-24,VERIFIED
CUS014374,RETAIL,AE,2024-09-09,VERIFIED
CUS014375,RETAIL,IN,2024-08-01,REJECTED
CUS014376,RETAIL,SG,2024-09-26,VERIFIED
CUS014377,RETAIL,AE,2023-10-09,VERIFIED
CUS014378,RETAIL,SG,2024-06-09,VERIFIED
CUS014379,RETAIL,IN,2024-11-06,VERIFIED
CUS014380,RETAIL,IN,2021-11-24,VERIFIED
CUS014381,RETAIL,IN,2024-05-28,VERIFIED
CUS014382,RETAIL,IN,2021-10-28,VERIFIED
CUS014383,SME,AE,2022-07-17,VERIFIED
CUS014384,SME,IN,2022-09-03,VERIFIED
CUS014385,RETAIL,IN,2024-07-22,VERIFIED
CUS014386,RETAIL,IN,2024-12-11,VERIFIED
CUS014387,SME,IN,2024-06-20,VERIFIED
CUS014388,RETAIL,IN,2023-10-16,VERIFIED
CUS014389,RETAIL,IN,2021-05-03,VERIFIED
CUS014390,RETAIL,SG,2023-06-20,VERIFIED
CUS014391,RETAIL,IN,2024-02-10,VERIFIED
CUS014392,SME,SG,2023-11-30,VERIFIED
CUS014393,RETAIL,IN,2023-09-21,VERIFIED
CUS014394,SME,IN,2022-10-11,VERIFIED
CUS014395,RETAIL,SG,2021-11-30,VERIFIED
CUS014396,RETAIL,SG,2024-10-06,VERIFIED
CUS014397,RETAIL,IN,2022-01-13,VERIFIED
CUS014398,SME,SG,2024-12-05,VERIFIED
CUS014399,SME,IN,2023-10-09,VERIFIED
CUS014400,RETAIL,IN,2022-10-01,REJECTED
CUS014401,SME,AE,2024-08-08,VERIFIED
CUS014402,SME,AE,2023-12-28,VERIFIED
CUS014403,SME,IN,2022-07-23,VERIFIED
CUS014404,RETAIL,AE,2022-05-16,VERIFIED
CUS014405,SME,SG,2024-09-07,VERIFIED
CUS014406,RETAIL,IN,2022-01-09,VERIFIED
CUS014407,RETAIL,IN,2023-06-10,VERIFIED
CUS014408,RETAIL,IN,2022-08-30,VERIFIED
CUS014409,RETAIL,IN,2024-03-10,VERIFIED
CUS014410,SME,AE,2021-03-18,VERIFIED
CUS014411,RETAIL,IN,2022-02-01,VERIFIED
CUS014412,RETAIL,IN,2022-07-16,VERIFIED
CUS014413,SME,IN,2024-04-16,VERIFIED
CUS014414,RETAIL,IN,2022-01-16,VERIFIED
CUS014415,RETAIL,SG,2023-07-23,VERIFIED
CUS014416,RETAIL,IN,2022-07-19,VERIFIED
CUS014417,RETAIL,IN,2022-07-06,VERIFIED
CUS014418,RETAIL,IN,2021-12-01,VERIFIED
CUS014419,SME,SG,2021-10-19,VERIFIED
CUS014420,RETAIL,SG,2023-07-05,VERIFIED
CUS014421,RETAIL,SG,2024-09-10,VERIFIED
CUS014422,RETAIL,IN,2023-05-04,VERIFIED
CUS014423,SME,IN,2023-06-21,VERIFIED
CUS014424,RETAIL,SG,2023-09-20,VERIFIED
CUS014425,SME,SG,2023-02-17,VERIFIED
CUS014426,RETAIL,IN,2022-10-17,VERIFIED
CUS014427,RETAIL,AE,2022-08-13,VERIFIED
CUS014428,RETAIL,IN,2023-07-27,VERIFIED
CUS014429,RETAIL,IN,2022-08-23,VERIFIED
CUS014430,RETAIL,AE,2021-03-20,VERIFIED
CUS014431,RETAIL,IN,2022-07-05,VERIFIED
CUS014432,RETAIL,AE,2022-09-10,PENDING
CUS014433,RETAIL,IN,2023-11-29,VERIFIED
CUS014434,RETAIL,AE,2023-09-20,VERIFIED
CUS014435,RETAIL,IN,2024-10-21,VERIFIED
CUS014436,RETAIL,SG,2023-01-21,VERIFIED
CUS014437,SME,SG,2024-09-19,VERIFIED
CUS014438,SME,IN,2022-01-05,VERIFIED
CUS014439,RETAIL,IN,2021-05-03,VERIFIED
CUS014440,RETAIL,IN,2021-11-30,VERIFIED
CUS014441,SME,IN,2024-05-27,VERIFIED
CUS014442,SME,AE,2022-07-25,PENDING
CUS014443,RETAIL,IN,2023-05-10,VERIFIED
CUS014444,RETAIL,SG,2024-12-29,VERIFIED
CUS014445,RETAIL,IN,2022-04-04,VERIFIED
CUS014446,RETAIL,IN,2021-09-03,VERIFIED
CUS014447,RETAIL,AE,2023-03-27,VERIFIED
CUS014448,RETAIL,IN,2021-07-08,VERIFIED
CUS014449,RETAIL,IN,2024-10-16,VERIFIED
CUS014450,RETAIL,IN,2021-08-30,VERIFIED
CUS014451,RETAIL,IN,2022-05-24,VERIFIED
CUS014452,RETAIL,IN,2022-06-07,VERIFIED
CUS014453,RETAIL,SG,2023-01-28,VERIFIED
CUS014454,RETAIL,IN,2024-11-25,VERIFIED
CUS014455,SME,SG,2023-04-09,VERIFIED
CUS014456,RETAIL,SG,2021-05-11,VERIFIED
CUS014457,RETAIL,IN,2023-03-26,VERIFIED
CUS014458,RETAIL,IN,2024-09-29,VERIFIED
CUS014459,RETAIL,IN,2023-02-10,VERIFIED
CUS014460,SME,SG,2024-06-06,VERIFIED
CUS014461,SME,IN,2023-05-23,VERIFIED
CUS014462,RETAIL,IN,2022-08-06,PENDING
CUS014463,RETAIL,IN,2024-09-30,REJECTED
CUS014464,RETAIL,IN,2023-03-27,VERIFIED
CUS014465,RETAIL,SG,2023-01-25,VERIFIED
CUS014466,RETAIL,IN,2022-02-10,VERIFIED
CUS014467,RETAIL,IN,2024-09-28,VERIFIED
CUS014468,RETAIL,IN,2022-07-30,VERIFIED
CUS014469,RETAIL,SG,2022-08-15,VERIFIED
CUS014470,SME,SG,2024-12-27,PENDING
CUS014471,RETAIL,IN,2024-07-18,VERIFIED
CUS014472,RETAIL,IN,2022-07-17,VERIFIED
CUS014473,SME,SG,2021-09-15,VERIFIED
CUS014474,RETAIL,IN,2021-09-18,PENDING
CUS014475,SME,IN,2022-01-21,PENDING
CUS014476,RETAIL,IN,2021-09-26,VERIFIED
CUS014477,RETAIL,IN,2022-09-05,VERIFIED
CUS014478,RETAIL,IN,2024-05-26,PENDING
CUS014479,RETAIL,IN,2022-12-19,VERIFIED
CUS014480,RETAIL,IN,2023-09-03,VERIFIED
CUS014481,RETAIL,IN,2024-01-10,VERIFIED
CUS014482,RETAIL,IN,2024-07-18,VERIFIED
CUS014483,SME,IN,2024-12-05,VERIFIED
CUS014484,RETAIL,IN,2022-02-14,VERIFIED
CUS014485,RETAIL,IN,2024-05-08,VERIFIED
CUS014486,RETAIL,SG,2022-08-07,VERIFIED
CUS014487,SME,AE,2023-11-05,VERIFIED
CUS014488,RETAIL,IN,2023-02-23,VERIFIED
CUS014489,SME,IN,2023-06-25,VERIFIED
CUS014490,RETAIL,IN,2023-11-09,VERIFIED
CUS014491,RETAIL,AE,2023-03-01,VERIFIED
CUS014492,RETAIL,IN,2021-12-27,VERIFIED
CUS014493,RETAIL,IN,2023-01-27,VERIFIED
CUS014494,RETAIL,SG,2021-12-20,VERIFIED
CUS014495,SME,IN,2021-07-06,VERIFIED
CUS014496,RETAIL,IN,2023-02-14,VERIFIED
CUS014497,RETAIL,IN,2021-12-05,VERIFIED
CUS014498,RETAIL,SG,2024-07-11,VERIFIED
CUS014499,RETAIL,SG,2022-11-01,VERIFIED
CUS014500,RETAIL,IN,2023-03-22,VERIFIED
CUS014501,SME,SG,2024-12-25,VERIFIED
CUS014502,SME,IN,2021-07-27,VERIFIED
CUS014503,RETAIL,IN,2022-02-28,PENDING
CUS014504,RETAIL,AE,2022-10-07,PENDING
CUS014505,RETAIL,SG,2022-05-04,VERIFIED
CUS014506,RETAIL,AE,2022-02-11,REJECTED
CUS014507,RETAIL,SG,2022-01-09,VERIFIED
CUS014508,RETAIL,IN,2023-11-16,VERIFIED
CUS014509,RETAIL,IN,2023-05-28,VERIFIED
CUS014510,SME,IN,2023-09-09,VERIFIED
CUS014511,SME,IN,2021-07-06,VERIFIED
CUS014512,RETAIL,IN,2024-07-22,VERIFIED
CUS014513,SME,IN,2021-07-11,VERIFIED
CUS014514,SME,IN,2023-09-10,VERIFIED
CUS014515,RETAIL,AE,2022-01-07,VERIFIED
CUS014516,SME,IN,2024-05-09,VERIFIED
CUS014517,SME,IN,2021-10-09,VERIFIED
CUS014518,RETAIL,SG,2022-12-09,VERIFIED
CUS014519,SME,IN,2021-03-25,VERIFIED
CUS014520,RETAIL,IN,2023-06-30,VERIFIED
CUS014521,RETAIL,IN,2021-03-11,VERIFIED
CUS014522,RETAIL,SG,2021-10-19,VERIFIED
CUS014523,RETAIL,AE,2024-12-21,VERIFIED
CUS014524,RETAIL,IN,2023-07-16,VERIFIED
CUS014525,RETAIL,IN,2023-06-13,VERIFIED
CUS014526,SME,IN,2024-03-10,VERIFIED
CUS014527,SME,IN,2021-08-21,VERIFIED
CUS014528,RETAIL,SG,2024-09-06,VERIFIED
CUS014529,RETAIL,SG,2024-01-05,VERIFIED
CUS014530,RETAIL,SG,2024-01-14,VERIFIED
CUS014531,RETAIL,AE,2023-05-27,VERIFIED
CUS014532,RETAIL,IN,2022-05-01,VERIFIED
CUS014533,SME,AE,2024-12-23,VERIFIED
CUS014534,RETAIL,SG,2022-08-09,VERIFIED
CUS014535,RETAIL,IN,2023-06-15,VERIFIED
CUS014536,RETAIL,SG,2022-08-18,VERIFIED
CUS014537,RETAIL,SG,2024-10-07,VERIFIED
CUS014538,RETAIL,AE,2021-09-18,VERIFIED
CUS014539,RETAIL,IN,2022-10-16,VERIFIED
CUS014540,RETAIL,IN,2024-01-14,VERIFIED
CUS014541,SME,SG,2021-12-23,VERIFIED
CUS014542,RETAIL,IN,2023-03-14,VERIFIED
CUS014543,RETAIL,SG,2023-07-05,VERIFIED
CUS014544,RETAIL,IN,2024-05-11,VERIFIED
CUS014545,RETAIL,IN,2023-02-15,VERIFIED
CUS014546,RETAIL,IN,2024-03-01,VERIFIED
CUS014547,SME,SG,2022-03-11,VERIFIED
CUS014548,SME,IN,2023-08-01,VERIFIED
CUS014549,RETAIL,SG,2024-07-20,VERIFIED
CUS014550,RETAIL,SG,2022-04-18,VERIFIED
CUS014551,RETAIL,SG,2021-10-06,VERIFIED
CUS014552,RETAIL,IN,2021-10-22,VERIFIED
CUS014553,SME,IN,2023-02-23,VERIFIED
CUS014554,RETAIL,SG,2023-10-29,VERIFIED
CUS014555,RETAIL,IN,2024-02-27,VERIFIED
CUS014556,RETAIL,IN,2023-06-25,VERIFIED
CUS014557,RETAIL,AE,2024-08-13,VERIFIED
CUS014558,RETAIL,IN,2021-08-08,REJECTED
CUS014559,RETAIL,IN,2024-01-19,VERIFIED
CUS014560,SME,AE,2022-01-05,VERIFIED
CUS014561,RETAIL,IN,2023-07-12,VERIFIED
CUS014562,SME,IN,2022-05-11,VERIFIED
CUS014563,RETAIL,IN,2021-07-06,VERIFIED
CUS014564,RETAIL,SG,2023-06-11,VERIFIED
CUS014565,RETAIL,AE,2021-04-22,VERIFIED
CUS014566,RETAIL,SG,2023-09-12,VERIFIED
CUS014567,SME,AE,2024-01-11,VERIFIED
CUS014568,SME,IN,2022-03-26,VERIFIED
CUS014569,RETAIL,IN,2024-06-19,VERIFIED
CUS014570,RETAIL,IN,2024-08-24,VERIFIED
CUS014571,RETAIL,AE,2023-08-05,PENDING
CUS014572,RETAIL,AE,2022-12-03,VERIFIED
CUS014573,RETAIL,IN,2023-03-18,VERIFIED
CUS014574,RETAIL,SG,2024-10-08,VERIFIED
CUS014575,RETAIL,SG,2022-11-26,REJECTED
CUS014576,SME,IN,2022-08-13,VERIFIED
CUS014577,RETAIL,IN,2023-11-30,VERIFIED
CUS014578,RETAIL,AE,2022-10-29,VERIFIED
CUS014579,SME,IN,2023-08-24,VERIFIED
CUS014580,RETAIL,IN,2024-10-10,VERIFIED
CUS014581,RETAIL,AE,2022-02-25,VERIFIED
CUS014582,RETAIL,IN,2023-05-25,PENDING
CUS014583,RETAIL,IN,2021-03-26,VERIFIED
CUS014584,RETAIL,SG,2024-04-07,VERIFIED
CUS014585,RETAIL,IN,2024-12-22,PENDING
CUS014586,RETAIL,IN,2021-12-11,VERIFIED
CUS014587,RETAIL,IN,2021-09-12,VERIFIED
CUS014588,RETAIL,SG,2021-07-03,VERIFIED
CUS014589,RETAIL,IN,2021-03-18,VERIFIED
CUS014590,SME,SG,2023-10-19,VERIFIED
CUS014591,RETAIL,AE,2022-05-27,VERIFIED
CUS014592,RETAIL,IN,2024-11-21,VERIFIED
CUS014593,RETAIL,AE,2023-05-28,VERIFIED
CUS014594,RETAIL,SG,2021-07-25,VERIFIED
CUS014595,RETAIL,AE,2022-07-28,VERIFIED
CUS014596,RETAIL,IN,2021-10-07,VERIFIED
CUS014597,RETAIL,IN,2021-05-18,VERIFIED
CUS014598,RETAIL,SG,2021-12-13,VERIFIED
CUS014599,RETAIL,AE,2022-05-15,VERIFIED
CUS014600,RETAIL,AE,2023-08-22,VERIFIED
CUS014601,RETAIL,IN,2022-12-19,PENDING
CUS014602,RETAIL,IN,2024-09-12,VERIFIED
CUS014603,RETAIL,IN,2022-10-17,PENDING
CUS014604,RETAIL,SG,2021-04-08,VERIFIED
CUS014605,RETAIL,AE,2024-06-08,PENDING
CUS014606,RETAIL,SG,2023-02-11,VERIFIED
CUS014607,RETAIL,IN,2021-07-22,VERIFIED
CUS014608,RETAIL,AE,2023-08-21,VERIFIED
CUS014609,RETAIL,IN,2022-09-30,VERIFIED
CUS014610,RETAIL,IN,2022-01-09,VERIFIED
CUS014611,RETAIL,IN,2021-12-25,VERIFIED
CUS014612,RETAIL,IN,2022-06-08,PENDING
CUS014613,RETAIL,SG,2024-10-06,VERIFIED
CUS014614,RETAIL,IN,2024-11-04,VERIFIED
CUS014615,RETAIL,IN,2022-02-10,VERIFIED
CUS014616,RETAIL,IN,2021-05-01,VERIFIED
CUS014617,RETAIL,IN,2023-12-24,VERIFIED
CUS014618,SME,SG,2022-11-15,VERIFIED
CUS014619,SME,IN,2024-09-24,VERIFIED
CUS014620,RETAIL,IN,2024-04-13,VERIFIED
CUS014621,RETAIL,IN,2023-02-23,VERIFIED
CUS014622,RETAIL,SG,2024-12-10,VERIFIED
CUS014623,RETAIL,IN,2022-09-30,VERIFIED
CUS014624,RETAIL,IN,2022-11-20,VERIFIED
CUS014625,RETAIL,IN,2024-08-25,VERIFIED
CUS014626,RETAIL,IN,2022-09-23,VERIFIED
CUS014627,RETAIL,IN,2023-04-05,VERIFIED
CUS014628,RETAIL,IN,2024-08-15,VERIFIED
CUS014629,RETAIL,SG,2024-03-01,VERIFIED
CUS014630,SME,IN,2022-12-01,VERIFIED
CUS014631,RETAIL,IN,2021-11-23,PENDING
CUS014632,RETAIL,AE,2023-05-08,REJECTED
CUS014633,RETAIL,IN,2022-08-01,VERIFIED
CUS014634,RETAIL,IN,2023-04-30,VERIFIED
CUS014635,RETAIL,IN,2021-09-13,PENDING
CUS014636,RETAIL,IN,2021-04-07,VERIFIED
CUS014637,SME,IN,2023-05-21,VERIFIED
CUS014638,SME,AE,2023-11-14,VERIFIED
CUS014639,RETAIL,IN,2022-10-18,VERIFIED
CUS014640,RETAIL,SG,2021-08-13,VERIFIED
CUS014641,RETAIL,AE,2022-09-15,VERIFIED
CUS014642,SME,IN,2023-09-07,VERIFIED
CUS014643,RETAIL,SG,2022-01-11,VERIFIED
CUS014644,RETAIL,IN,2024-04-25,VERIFIED
CUS014645,RETAIL,IN,2023-12-16,VERIFIED
CUS014646,RETAIL,AE,2024-06-02,VERIFIED
CUS014647,RETAIL,IN,2021-07-04,VERIFIED
CUS014648,SME,AE,2021-05-26,VERIFIED
CUS014649,RETAIL,IN,2021-05-01,VERIFIED
CUS014650,RETAIL,IN,2024-11-30,VERIFIED
CUS014651,RETAIL,IN,2021-07-23,VERIFIED
CUS014652,RETAIL,IN,2024-03-01,VERIFIED
CUS014653,RETAIL,IN,2021-05-09,VERIFIED
CUS014654,SME,IN,2023-09-13,PENDING
CUS014655,RETAIL,IN,2023-10-31,VERIFIED
CUS014656,SME,IN,2022-06-27,VERIFIED
CUS014657,RETAIL,AE,2021-12-22,VERIFIED
CUS014658,SME,IN,2023-07-25,VERIFIED
CUS014659,SME,IN,2021-11-04,VERIFIED
CUS014660,RETAIL,SG,2024-12-04,VERIFIED
CUS014661,SME,SG,2021-07-23,VERIFIED
CUS014662,RETAIL,AE,2023-01-09,VERIFIED
CUS014663,RETAIL,AE,2022-12-12,VERIFIED
CUS014664,RETAIL,IN,2021-08-12,VERIFIED
CUS014665,RETAIL,IN,2024-10-17,VERIFIED
CUS014666,RETAIL,SG,2021-08-09,VERIFIED
CUS014667,SME,IN,2024-03-23,VERIFIED
CUS014668,SME,SG,2021-03-15,VERIFIED
CUS014669,RETAIL,IN,2022-04-01,VERIFIED
CUS014670,SME,AE,2023-09-10,VERIFIED
CUS014671,SME,SG,2024-10-01,VERIFIED
CUS014672,RETAIL,IN,2024-07-14,VERIFIED
CUS014673,RETAIL,IN,2024-07-15,VERIFIED
CUS014674,RETAIL,AE,2024-09-26,VERIFIED
CUS014675,RETAIL,SG,2022-08-23,VERIFIED
CUS014676,SME,SG,2021-09-06,VERIFIED
CUS014677,RETAIL,SG,2021-12-09,VERIFIED
CUS014678,SME,IN,2022-02-19,VERIFIED
CUS014679,SME,IN,2021-03-31,PENDING
CUS014680,RETAIL,IN,2022-08-07,VERIFIED
CUS014681,SME,SG,2024-08-22,VERIFIED
CUS014682,RETAIL,SG,2023-02-06,VERIFIED
CUS014683,RETAIL,IN,2022-02-05,VERIFIED
CUS014684,RETAIL,AE,2023-04-02,VERIFIED
CUS014685,SME,IN,2023-10-29,VERIFIED
CUS014686,SME,SG,2023-02-10,VERIFIED
CUS014687,RETAIL,IN,2022-01-04,VERIFIED
CUS014688,RETAIL,IN,2023-08-11,VERIFIED
CUS014689,RETAIL,IN,2023-08-26,VERIFIED
CUS014690,SME,SG,2023-03-09,VERIFIED
CUS014691,SME,SG,2023-05-25,VERIFIED
CUS014692,SME,IN,2024-03-13,VERIFIED
CUS014693,RETAIL,IN,2023-12-07,VERIFIED
CUS014694,RETAIL,IN,2024-07-21,VERIFIED
CUS014695,RETAIL,IN,2022-02-14,VERIFIED
CUS014696,RETAIL,IN,2024-03-12,VERIFIED
CUS014697,RETAIL,IN,2021-04-03,REJECTED
CUS014698,SME,AE,2021-04-13,VERIFIED
CUS014699,RETAIL,SG,2022-06-05,VERIFIED
CUS014700,SME,IN,2021-03-17,VERIFIED
CUS014701,RETAIL,SG,2021-09-10,VERIFIED
CUS014702,RETAIL,IN,2022-02-14,VERIFIED
CUS014703,RETAIL,AE,2023-08-23,VERIFIED
CUS014704,RETAIL,IN,2021-10-17,VERIFIED
CUS014705,RETAIL,IN,2023-09-12,VERIFIED
CUS014706,RETAIL,SG,2024-08-10,VERIFIED
CUS014707,RETAIL,IN,2022-11-01,VERIFIED
CUS014708,RETAIL,AE,2024-07-13,VERIFIED
CUS014709,SME,AE,2024-08-25,VERIFIED
CUS014710,SME,SG,2024-08-25,VERIFIED
CUS014711,RETAIL,IN,2021-07-05,VERIFIED
CUS014712,RETAIL,IN,2024-10-05,VERIFIED
CUS014713,RETAIL,IN,2023-06-29,VERIFIED
CUS014714,RETAIL,IN,2022-02-20,VERIFIED
CUS014715,SME,AE,2021-12-06,VERIFIED
CUS014716,RETAIL,IN,2024-10-15,VERIFIED
CUS014717,RETAIL,IN,2021-07-30,REJECTED
CUS014718,RETAIL,IN,2021-05-14,VERIFIED
CUS014719,RETAIL,AE,2021-04-15,VERIFIED
CUS014720,RETAIL,AE,2022-07-01,VERIFIED
CUS014721,RETAIL,IN,2023-01-15,VERIFIED
CUS014722,RETAIL,IN,2024-05-07,VERIFIED
CUS014723,SME,SG,2024-07-13,VERIFIED
CUS014724,RETAIL,IN,2021-11-14,VERIFIED
CUS014725,RETAIL,AE,2021-09-29,VERIFIED
CUS014726,RETAIL,AE,2021-11-05,VERIFIED
CUS014727,RETAIL,SG,2022-08-20,VERIFIED
CUS014728,RETAIL,IN,2022-11-04,VERIFIED
CUS014729,RETAIL,SG,2024-04-06,VERIFIED
CUS014730,RETAIL,AE,2024-08-27,VERIFIED
CUS014731,RETAIL,IN,2024-03-26,VERIFIED
CUS014732,RETAIL,AE,2023-06-20,VERIFIED
CUS014733,RETAIL,IN,2023-11-07,VERIFIED
CUS014734,RETAIL,AE,2022-11-26,VERIFIED
CUS014735,RETAIL,SG,2022-01-03,VERIFIED
CUS014736,RETAIL,IN,2022-02-25,PENDING
CUS014737,RETAIL,IN,2021-10-30,VERIFIED
CUS014738,RETAIL,IN,2023-11-11,VERIFIED
CUS014739,RETAIL,IN,2021-06-01,VERIFIED
CUS014740,RETAIL,AE,2021-08-28,VERIFIED
CUS014741,RETAIL,IN,2023-09-01,VERIFIED
CUS014742,RETAIL,AE,2024-01-16,VERIFIED
CUS014743,RETAIL,IN,2021-08-07,VERIFIED
CUS014744,RETAIL,SG,2021-03-06,VERIFIED
CUS014745,RETAIL,AE,2023-03-22,VERIFIED
CUS014746,RETAIL,SG,2024-07-24,VERIFIED
CUS014747,RETAIL,AE,2022-09-05,VERIFIED
CUS014748,RETAIL,AE,2021-10-23,VERIFIED
CUS014749,RETAIL,SG,2023-03-17,VERIFIED
CUS014750,RETAIL,SG,2024-06-30,VERIFIED
CUS014751,RETAIL,IN,2022-03-09,VERIFIED
CUS014752,SME,IN,2022-02-03,VERIFIED
CUS014753,RETAIL,IN,2021-08-26,VERIFIED
CUS014754,RETAIL,SG,2021-09-12,VERIFIED
CUS014755,RETAIL,SG,2023-03-05,VERIFIED
CUS014756,RETAIL,IN,2023-10-21,VERIFIED
CUS014757,SME,AE,2024-05-15,VERIFIED
CUS014758,RETAIL,IN,2024-08-13,VERIFIED
CUS014759,SME,AE,2021-11-01,VERIFIED
CUS014760,RETAIL,IN,2021-03-04,VERIFIED
CUS014761,RETAIL,IN,2022-07-16,VERIFIED
CUS014762,RETAIL,SG,2021-04-13,VERIFIED
CUS014763,RETAIL,IN,2023-10-29,VERIFIED
CUS014764,RETAIL,SG,2022-02-07,VERIFIED
CUS014765,SME,SG,2023-06-26,VERIFIED
CUS014766,RETAIL,SG,2023-07-10,VERIFIED
CUS014767,RETAIL,IN,2022-07-20,VERIFIED
CUS014768,RETAIL,IN,2024-06-27,VERIFIED
CUS014769,SME,IN,2023-06-04,VERIFIED
CUS014770,RETAIL,IN,2023-05-27,VERIFIED
CUS014771,RETAIL,IN,2023-05-10,VERIFIED
CUS014772,RETAIL,IN,2022-03-30,VERIFIED
CUS014773,SME,AE,2023-12-09,VERIFIED
CUS014774,SME,AE,2024-06-02,VERIFIED
CUS014775,RETAIL,SG,2022-08-30,VERIFIED
CUS014776,RETAIL,IN,2024-12-09,VERIFIED
CUS014777,RETAIL,IN,2021-03-20,VERIFIED
CUS014778,RETAIL,IN,2021-07-16,VERIFIED
CUS014779,RETAIL,IN,2023-07-15,VERIFIED
CUS014780,RETAIL,IN,2022-04-28,VERIFIED
CUS014781,RETAIL,AE,2023-01-06,VERIFIED
CUS014782,RETAIL,SG,2022-05-06,VERIFIED
CUS014783,RETAIL,IN,2024-02-29,VERIFIED
CUS014784,RETAIL,SG,2021-05-16,VERIFIED
CUS014785,SME,AE,2021-08-16,VERIFIED
CUS014786,SME,IN,2023-01-04,VERIFIED
CUS014787,RETAIL,SG,2021-08-22,VERIFIED
CUS014788,RETAIL,IN,2023-10-14,VERIFIED
CUS014789,SME,IN,2021-12-29,VERIFIED
CUS014790,SME,AE,2021-07-08,PENDING
CUS014791,RETAIL,IN,2022-05-03,VERIFIED
CUS014792,RETAIL,SG,2021-03-23,VERIFIED
CUS014793,SME,IN,2024-03-08,VERIFIED
CUS014794,RETAIL,IN,2024-12-04,VERIFIED
CUS014795,RETAIL,SG,2022-12-26,VERIFIED
CUS014796,RETAIL,AE,2023-09-27,VERIFIED
CUS014797,SME,SG,2022-07-22,VERIFIED
CUS014798,RETAIL,SG,2023-08-13,VERIFIED
CUS014799,RETAIL,IN,2021-09-03,VERIFIED
CUS014800,RETAIL,IN,2024-07-30,VERIFIED
CUS014801,RETAIL,SG,2021-04-23,VERIFIED
CUS014802,RETAIL,IN,2024-02-26,VERIFIED
CUS014803,RETAIL,IN,2023-10-02,VERIFIED
CUS014804,RETAIL,AE,2024-11-28,VERIFIED
CUS014805,SME,IN,2022-05-27,VERIFIED
CUS014806,RETAIL,IN,2022-05-03,VERIFIED
CUS014807,RETAIL,AE,2021-06-10,PENDING
CUS014808,RETAIL,IN,2024-08-05,VERIFIED
CUS014809,RETAIL,SG,2023-02-26,VERIFIED
CUS014810,RETAIL,IN,2021-08-08,VERIFIED
CUS014811,RETAIL,IN,2024-11-20,VERIFIED
CUS014812,RETAIL,SG,2022-10-07,VERIFIED
CUS014813,RETAIL,IN,2024-02-15,VERIFIED
CUS014814,RETAIL,SG,2023-08-22,VERIFIED
CUS014815,RETAIL,IN,2022-02-08,VERIFIED
CUS014816,RETAIL,IN,2021-11-26,VERIFIED
CUS014817,RETAIL,IN,2024-12-24,VERIFIED
CUS014818,RETAIL,IN,2022-07-06,VERIFIED
CUS014819,SME,IN,2023-06-30,VERIFIED
CUS014820,RETAIL,SG,2022-02-12,VERIFIED
CUS014821,SME,IN,2021-10-11,VERIFIED
CUS014822,SME,IN,2021-08-22,VERIFIED
CUS014823,SME,IN,2024-08-11,VERIFIED
CUS014824,SME,IN,2021-11-28,VERIFIED
CUS014825,RETAIL,IN,2021-04-22,VERIFIED
CUS014826,RETAIL,AE,2022-01-07,VERIFIED
CUS014827,RETAIL,SG,2023-07-24,VERIFIED
CUS014828,RETAIL,SG,2022-03-17,VERIFIED
CUS014829,RETAIL,IN,2024-09-29,VERIFIED
CUS014830,RETAIL,IN,2023-07-23,VERIFIED
CUS014831,RETAIL,SG,2021-11-05,VERIFIED
CUS014832,RETAIL,IN,2022-07-04,VERIFIED
CUS014833,RETAIL,SG,2023-12-27,VERIFIED
CUS014834,RETAIL,AE,2022-11-02,VERIFIED
CUS014835,SME,IN,2024-12-30,VERIFIED
CUS014836,RETAIL,SG,2021-04-24,VERIFIED
CUS014837,RETAIL,IN,2022-11-23,VERIFIED
CUS014838,RETAIL,IN,2023-01-31,VERIFIED
CUS014839,RETAIL,IN,2023-09-23,VERIFIED
CUS014840,RETAIL,IN,2024-02-26,VERIFIED
CUS014841,RETAIL,IN,2023-09-29,VERIFIED
CUS014842,RETAIL,SG,2023-04-02,VERIFIED
CUS014843,SME,SG,2023-05-16,VERIFIED
CUS014844,RETAIL,IN,2023-06-01,PENDING
CUS014845,RETAIL,IN,2023-01-21,VERIFIED
CUS014846,RETAIL,SG,2023-03-18,VERIFIED
CUS014847,RETAIL,IN,2023-10-26,VERIFIED
CUS014848,RETAIL,AE,2022-10-11,VERIFIED
CUS014849,RETAIL,IN,2024-01-23,VERIFIED
CUS014850,RETAIL,AE,2021-05-15,VERIFIED
CUS014851,RETAIL,IN,2022-06-13,VERIFIED
CUS014852,RETAIL,IN,2023-12-05,VERIFIED
CUS014853,RETAIL,SG,2022-05-08,VERIFIED
CUS014854,RETAIL,IN,2021-04-16,VERIFIED
CUS014855,RETAIL,IN,2022-01-27,VERIFIED
CUS014856,RETAIL,IN,2022-01-06,VERIFIED
CUS014857,RETAIL,SG,2024-03-02,VERIFIED
CUS014858,RETAIL,IN,2024-04-20,REJECTED
CUS014859,RETAIL,IN,2022-11-07,VERIFIED
CUS014860,RETAIL,IN,2023-12-06,REJECTED
CUS014861,RETAIL,IN,2024-07-17,VERIFIED
CUS014862,RETAIL,AE,2021-07-08,VERIFIED
CUS014863,RETAIL,IN,2023-09-06,VERIFIED
CUS014864,RETAIL,IN,2021-12-07,PENDING
CUS014865,RETAIL,IN,2022-03-14,VERIFIED
CUS014866,RETAIL,IN,2024-06-15,VERIFIED
CUS014867,RETAIL,AE,2024-04-14,VERIFIED
CUS014868,RETAIL,IN,2022-10-06,VERIFIED
CUS014869,RETAIL,SG,2022-08-12,VERIFIED
CUS014870,SME,IN,2023-12-11,VERIFIED
CUS014871,SME,SG,2024-06-01,VERIFIED
CUS014872,RETAIL,IN,2022-08-04,VERIFIED
CUS014873,SME,IN,2024-02-06,VERIFIED
CUS014874,RETAIL,IN,2024-05-03,VERIFIED
CUS014875,RETAIL,IN,2023-07-22,VERIFIED
CUS014876,RETAIL,AE,2023-08-28,VERIFIED
CUS014877,SME,SG,2023-06-18,VERIFIED
CUS014878,RETAIL,IN,2023-07-08,VERIFIED
CUS014879,SME,IN,2022-11-01,VERIFIED
CUS014880,RETAIL,SG,2022-12-11,VERIFIED
CUS014881,SME,IN,2024-11-10,VERIFIED
CUS014882,RETAIL,IN,2024-02-01,VERIFIED
CUS014883,RETAIL,SG,2023-01-26,VERIFIED
CUS014884,RETAIL,IN,2022-03-20,VERIFIED
CUS014885,RETAIL,IN,2024-11-20,VERIFIED
CUS014886,RETAIL,IN,2021-11-26,VERIFIED
CUS014887,RETAIL,IN,2024-08-23,VERIFIED
CUS014888,RETAIL,SG,2022-07-21,VERIFIED
CUS014889,RETAIL,SG,2024-03-01,VERIFIED
CUS014890,RETAIL,AE,2021-07-17,VERIFIED
CUS014891,RETAIL,IN,2022-05-07,REJECTED
CUS014892,RETAIL,SG,2021-12-22,VERIFIED
CUS014893,RETAIL,AE,2021-11-22,VERIFIED
CUS014894,RETAIL,SG,2024-11-01,VERIFIED
CUS014895,RETAIL,AE,2021-10-04,VERIFIED
CUS014896,SME,AE,2024-09-05,VERIFIED
CUS014897,SME,SG,2022-12-04,VERIFIED
CUS014898,RETAIL,AE,2022-06-23,VERIFIED
CUS014899,RETAIL,SG,2021-07-22,VERIFIED
CUS014900,RETAIL,IN,2022-03-28,VERIFIED
CUS014901,SME,AE,2022-04-11,VERIFIED
CUS014902,SME,AE,2021-04-17,VERIFIED
CUS014903,SME,IN,2024-12-10,VERIFIED
CUS014904,SME,IN,2024-12-28,VERIFIED
CUS014905,RETAIL,IN,2024-04-10,VERIFIED
CUS014906,RETAIL,AE,2024-02-05,VERIFIED
CUS014907,RETAIL,IN,2023-02-02,VERIFIED
CUS014908,RETAIL,IN,2021-10-25,VERIFIED
CUS014909,RETAIL,IN,2023-07-02,VERIFIED
CUS014910,RETAIL,IN,2021-08-02,VERIFIED
CUS014911,RETAIL,AE,2022-07-19,VERIFIED
CUS014912,SME,IN,2023-03-23,VERIFIED
CUS014913,RETAIL,IN,2021-12-18,VERIFIED
CUS014914,SME,IN,2023-02-24,VERIFIED
CUS014915,SME,SG,2024-11-03,VERIFIED
CUS014916,RETAIL,SG,2021-09-24,VERIFIED
CUS014917,RETAIL,IN,2024-06-30,VERIFIED
CUS014918,RETAIL,IN,2023-03-30,VERIFIED
CUS014919,SME,AE,2024-05-28,VERIFIED
CUS014920,RETAIL,SG,2021-12-26,VERIFIED
CUS014921,RETAIL,SG,2022-07-24,PENDING
CUS014922,RETAIL,IN,2021-05-14,VERIFIED
CUS014923,SME,AE,2021-09-06,VERIFIED
CUS014924,RETAIL,SG,2024-01-01,PENDING
CUS014925,RETAIL,IN,2024-01-14,VERIFIED
CUS014926,RETAIL,AE,2023-12-14,PENDING
CUS014927,RETAIL,AE,2024-05-31,VERIFIED
CUS014928,SME,SG,2021-05-28,PENDING
CUS014929,RETAIL,SG,2024-09-08,VERIFIED
CUS014930,SME,IN,2023-05-18,VERIFIED
CUS014931,RETAIL,IN,2023-12-04,VERIFIED
CUS014932,RETAIL,IN,2024-12-10,VERIFIED
CUS014933,RETAIL,IN,2021-10-26,VERIFIED
CUS014934,RETAIL,IN,2023-01-29,VERIFIED
CUS014935,RETAIL,IN,2021-08-22,VERIFIED
CUS014936,RETAIL,AE,2022-08-22,PENDING
CUS014937,SME,IN,2023-02-07,VERIFIED
CUS014938,SME,SG,2024-01-25,VERIFIED
CUS014939,RETAIL,IN,2022-09-27,VERIFIED
CUS014940,RETAIL,IN,2022-03-20,VERIFIED
CUS014941,SME,IN,2024-11-23,VERIFIED
CUS014942,RETAIL,IN,2024-02-10,VERIFIED
CUS014943,RETAIL,IN,2023-08-14,VERIFIED
CUS014944,RETAIL,IN,2024-07-18,VERIFIED
CUS014945,RETAIL,SG,2024-09-06,VERIFIED
CUS014946,RETAIL,IN,2024-01-18,VERIFIED
CUS014947,RETAIL,IN,2023-09-12,VERIFIED
CUS014948,RETAIL,IN,2022-12-16,VERIFIED
CUS014949,RETAIL,IN,2021-11-19,VERIFIED
CUS014950,RETAIL,IN,2021-09-21,VERIFIED
CUS014951,RETAIL,IN,2023-07-17,VERIFIED
CUS014952,RETAIL,SG,2022-12-22,VERIFIED
CUS014953,RETAIL,SG,2024-12-13,VERIFIED
CUS014954,RETAIL,AE,2021-10-01,VERIFIED
CUS014955,RETAIL,SG,2024-02-08,VERIFIED
CUS014956,RETAIL,IN,2024-10-04,VERIFIED
CUS014957,RETAIL,IN,2022-09-11,VERIFIED
CUS014958,RETAIL,IN,2023-07-30,VERIFIED
CUS014959,RETAIL,SG,2023-06-06,VERIFIED
CUS014960,RETAIL,IN,2023-05-03,VERIFIED
CUS014961,RETAIL,IN,2022-08-06,VERIFIED
CUS014962,RETAIL,AE,2021-12-06,VERIFIED
CUS014963,RETAIL,IN,2022-10-24,VERIFIED
CUS014964,RETAIL,IN,2022-08-31,VERIFIED
CUS014965,SME,AE,2021-11-26,PENDING
CUS014966,RETAIL,IN,2021-12-29,VERIFIED
CUS014967,RETAIL,IN,2024-05-05,VERIFIED
CUS014968,SME,IN,2023-09-16,VERIFIED
CUS014969,RETAIL,IN,2023-02-10,VERIFIED
CUS014970,RETAIL,AE,2021-06-04,VERIFIED
CUS014971,SME,SG,2022-09-05,VERIFIED
CUS014972,RETAIL,IN,2021-11-19,VERIFIED
CUS014973,RETAIL,IN,2021-12-16,VERIFIED
CUS014974,RETAIL,IN,2021-06-30,VERIFIED
CUS014975,SME,IN,2023-01-07,VERIFIED
CUS014976,RETAIL,IN,2023-12-31,VERIFIED
CUS014977,SME,IN,2023-06-06,VERIFIED
CUS014978,RETAIL,SG,2024-12-23,VERIFIED
CUS014979,RETAIL,AE,2022-05-20,VERIFIED
CUS014980,RETAIL,AE,2022-08-24,PENDING
CUS014981,SME,AE,2024-05-15,VERIFIED
CUS014982,RETAIL,IN,2023-02-12,VERIFIED
CUS014983,SME,SG,2022-04-05,VERIFIED
CUS014984,RETAIL,AE,2022-01-07,VERIFIED
CUS014985,SME,IN,2022-01-11,VERIFIED
CUS014986,RETAIL,IN,2024-08-18,VERIFIED
CUS014987,RETAIL,IN,2023-07-28,VERIFIED
CUS014988,RETAIL,AE,2022-09-21,VERIFIED
CUS014989,RETAIL,AE,2024-08-07,VERIFIED
CUS014990,RETAIL,SG,2024-03-29,VERIFIED
CUS014991,RETAIL,IN,2021-05-22,VERIFIED
CUS014992,SME,AE,2023-01-12,VERIFIED
CUS014993,RETAIL,IN,2022-10-15,VERIFIED
CUS014994,RETAIL,IN,2024-05-25,VERIFIED
CUS014995,RETAIL,IN,2022-07-29,VERIFIED
CUS014996,RETAIL,SG,2021-07-04,VERIFIED
CUS014997,RETAIL,AE,2021-04-29,VERIFIED
CUS014998,SME,IN,2024-04-20,VERIFIED
CUS014999,RETAIL,IN,2024-02-26,VERIFIED
CUS015000,RETAIL,IN,2022-10-19,VERIFIED
